ทางหลวงสาย,ตอนควบคุม,ชื่อสายทาง,จุดสำรวจ,รถยนต์นั่ง (ไม่เกิน 7 คน),รถยนต์นั่ง (เกิน 7 คน),รถโดยสารขนาดเล็ก,รถโดยสารขนาดกลาง,รถโดยสารขนาดใหญ่,   รถบรรทุกขนาดเล็ก ( 4 ล้อ),รถบรรทุกขนาด 2 เพลา  (6 ล้อ),     รถบรรทุกขนาด 3 เพลา (10 ล้อ),   รถบรรทุกพ่วง (มากกว่า 3 เพลา),   รถบรรทุกกึ่งพ่วง (มากกว่า 3 เพลา),รวม,   % ของยานยนต์หนัก,จักรยาน 2 ล้อ และ จักรยาน 3 ล้อ,สามล้อเครื่องและจักรยานยนต์,แขวงทางหลวง,จังหวัด
1,102,แยกคปอ. - สนามกีฬาธูปะเตมีย์,25+556,21229 ,11463 ,474 ,593 ,1214 ,11690 ,475 ,158 ,51 ,66 ,47413 ,4.73 ,6 ,10457 ,ขท.กรุงเทพ,กรุงเทพมหานคร
1,201,สนามกีฬาธูปะเตมีย์ - ต่างระดับคลองหลวง,35+550,108311 ,26881 ,1969 ,3447 ,9254 ,43059 ,6751 ,3108 ,1059 ,961 ,204800 ,12.53 ,248 ,13503 ,ขท.ปทุมธานี,ปทุมธานี
1,202,ต่างระดับคลองหลวง - ประตูน้ำพระอินทร์,48+100,87750 ,39823 ,4304 ,6787 ,11306 ,53433 ,18746 ,4543 ,3100 ,2165 ,231957 ,19.89 ,209 ,15406 ,ขท.ปทุมธานี,พระนครศรีอยุธยา
1,302,ต่างระดับบางปะอิน - หนองแค,60+800,31945 ,28444 ,8768 ,3359 ,4123 ,8243 ,8395 ,8917 ,8313 ,7755 ,118262 ,36.00 ,6 ,1747 ,ขท.อยุธยา,พระนครศรีอยุธยา
1,302,ต่างระดับบางปะอิน - หนองแค,67+300,34779 ,21367 ,10357 ,2577 ,3692 ,17362 ,16492 ,10807 ,12320 ,9982 ,139735 ,40.72 ,4 ,1686 ,ขท.อยุธยา,พระนครศรีอยุธยา
1,401,หนองแค - หินกอง,92+000,28371 ,24577 ,555 ,788 ,1121 ,34114 ,6023 ,8637 ,8789 ,8468 ,121443 ,29.14 ,60 ,3628 ,ขท.สระบุรี,สระบุรี
1,403,ปากข้าวสาร - แยกสวนพฤกษศาสตร์พุแค,121+000,8434 ,6433 ,2556 ,2247 ,2087 ,6290 ,4017 ,3641 ,6520 ,6366 ,48591 ,51.12 ,106 ,3328 ,ขท.สระบุรี,สระบุรี
1,404,แยกสวนพฤกษศาสตร์พุแค - แยกโรงเรียนสุธีวิทยา,136+208,8463 ,5636 ,1571 ,2413 ,1901 ,6958 ,4218 ,3736 ,3508 ,3574 ,41978 ,49.23 ,59 ,6078 ,ขท.สระบุรี,สระบุรี
1,501,แยกโรงเรียนสุธีวิทยา - ดงจำปา,142+200,6085 ,7581 ,1396 ,715 ,697 ,2238 ,1934 ,1805 ,2228 ,903 ,25582 ,32.79 ,32 ,2106 ,ขท.ลพบุรีที่ 1,สระบุรี
1,503,แยกร.พ.อานันทมหิดล - เขาวงพระจันทร์,167+355,6629 ,2476 ,6 ,16 ,18 ,6651 ,225 ,92 ,135 ,67 ,16315 ,4.12 ,14 ,2754 ,ขท.ลพบุรีที่ 1,ลพบุรี
1,504,เขาวงพระจันทร์ - โรงเรียนยงค์สุรีย์,192+000,3633 ,2066 ,103 ,78 ,118 ,2434 ,514 ,252 ,345 ,224 ,9767 ,17.39 ,56 ,2505 ,ขท.ลพบุรีที่ 1,ลพบุรี
1,601,ลำพยนต์ - เกษตรชัย,222+176,689 ,334 ,7 ,1 ,14 ,2056 ,134 ,145 ,502 ,244 ,4126 ,25.36 ,5 ,592 ,ขท.นครสวรรค์ที่ 2 (ตากฟ้า),นครสวรรค์
1,602,เกษตรชัย - ตาคลี,235+000,1598 ,168 ,14 ,2 ,8 ,2440 ,163 ,123 ,307 ,155 ,4978 ,14.47 ,5 ,1185 ,ขท.นครสวรรค์ที่ 2 (ตากฟ้า),นครสวรรค์
1,603,ตาคลี - ดอนรังนก,254+000,2278 ,672 ,13 ,8 ,7 ,3597 ,76 ,97 ,195 ,88 ,7031 ,6.31 ,1 ,3040 ,ขท.นครสวรรค์ที่ 2 (ตากฟ้า),นครสวรรค์
1,700,ดอนรังนก - หางน้ำหนองแขม,267+758,2725 ,1960 ,4 ,10 ,19 ,3183 ,244 ,179 ,275 ,31 ,8630 ,7.71 ,8 ,967 ,ขท.ชัยนาท,ชัยนาท
1,700,ดอนรังนก - หางน้ำหนองแขม,289+504,8274 ,1349 ,9 ,5 ,27 ,2821 ,741 ,329 ,713 ,244 ,14512 ,14.37 ,10 ,1386 ,ขท.ชัยนาท,ชัยนาท
1,700,ดอนรังนก - หางน้ำหนองแขม,291+711,4255 ,3327 ,71 ,11 ,25 ,4232 ,458 ,292 ,636 ,243 ,13550 ,13.11 ,9 ,1018 ,ขท.ชัยนาท,ชัยนาท
1,801,หางน้ำหนองแขม - บ้านหว้า,306+776,10641 ,12047 ,0 ,68 ,457 ,17868 ,1988 ,2415 ,2404 ,2386 ,50274 ,19.32 ,26 ,935 ,ขท.นครสวรรค์ที่ 1,นครสวรรค์
1,801,หางน้ำหนองแขม - บ้านหว้า,316+676,5853 ,5728 ,0 ,0 ,326 ,9307 ,1714 ,1730 ,1706 ,1720 ,28084 ,25.78 ,34 ,974 ,ขท.นครสวรรค์ที่ 1,นครสวรรค์
1,802,บ้านหว้า - วังไผ่,331+276,8937 ,7504 ,208 ,223 ,324 ,11175 ,1209 ,1228 ,1223 ,1270 ,33301 ,16.55 ,14 ,6235 ,ขท.นครสวรรค์ที่ 1,นครสวรรค์
1,802,บ้านหว้า - วังไผ่,341+076,8959 ,9019 ,36 ,311 ,719 ,12934 ,1323 ,1583 ,1549 ,1636 ,38069 ,18.80 ,8 ,8287 ,ขท.นครสวรรค์ที่ 1,นครสวรรค์
1,803,วังไผ่ - โนนปอแดง,356+936,2519 ,2424 ,33 ,31 ,102 ,3146 ,761 ,1511 ,1428 ,1461 ,13416 ,39.95 ,7 ,1077 ,ขท.นครสวรรค์ที่ 1,นครสวรรค์
1,803,วังไผ่ - โนนปอแดง,377+276,2783 ,2538 ,24 ,18 ,54 ,2208 ,1708 ,1699 ,1684 ,1901 ,14617 ,49.71 ,24 ,357 ,ขท.นครสวรรค์ที่ 1,นครสวรรค์
1,901,โนนปอแดง - ปากดง,390+276,8322 ,5232 ,100 ,51 ,104 ,4978 ,1294 ,807 ,1039 ,1319 ,23246 ,18.38 ,20 ,1522 ,ขท.กำแพงเพชร,กำแพงเพชร
1,901,โนนปอแดง - ปากดง,417+776,5239 ,5365 ,92 ,43 ,159 ,8468 ,1169 ,960 ,1123 ,1356 ,23974 ,21.60 ,42 ,1589 ,ขท.กำแพงเพชร,กำแพงเพชร
1,901,โนนปอแดง - ปากดง,423+900,6957 ,5267 ,105 ,29 ,130 ,6513 ,1408 ,870 ,1161 ,1217 ,23657 ,21.99 ,25 ,806 ,ขท.กำแพงเพชร,กำแพงเพชร
1,902,ปากดง - นครชุม,457+876,7183 ,2316 ,24 ,16 ,78 ,3657 ,1200 ,1605 ,3542 ,3969 ,23590 ,37.42 ,9 ,1340 ,ขท.กำแพงเพชร,กำแพงเพชร
1,903,นครชุม - วังเจ้า,486+779,2562 ,1780 ,36 ,22 ,48 ,5368 ,762 ,581 ,552 ,881 ,12592 ,24.80 ,10 ,898 ,ขท.กำแพงเพชร,กำแพงเพชร
1,1001,วังเจ้า - ตาก,511+796,4045 ,3001 ,41 ,18 ,98 ,6818 ,1118 ,740 ,834 ,1742 ,18455 ,27.53 ,12 ,749 ,ขท.ตากที่ 1,ตาก
1,1003,วังม่วง - แม่เชียงรายบน,543+117,3388 ,1216 ,16 ,14 ,64 ,788 ,800 ,811 ,750 ,1195 ,9042 ,36.13 ,32 ,195 ,ขท.ตากที่ 1,ตาก
1,1101,แม่เชียงรายบน - ดอนไชย,589+255,3794 ,3217 ,114 ,38 ,133 ,1020 ,1034 ,956 ,1208 ,1354 ,12868 ,34.26 ,58 ,316 ,ขท.ลำปางที่ 1,ลำปาง
1,1102,ดอนไชย - สบปราบ,617+097,7634 ,1881 ,24 ,20 ,55 ,1373 ,672 ,494 ,653 ,531 ,13337 ,19.09 ,4 ,1494 ,ขท.ลำปางที่ 1,ลำปาง
1,1103,สบปราบ - เกาะคา,650+917,1931 ,1046 ,54 ,5 ,65 ,1607 ,563 ,455 ,538 ,673 ,6937 ,30.36 ,1 ,241 ,ขท.ลำปางที่ 1,ลำปาง
1,1103,สบปราบ - เกาะคา,688+017,4090 ,1559 ,202 ,97 ,121 ,4746 ,951 ,640 ,717 ,1039 ,14162 ,22.09 ,64 ,1132 ,ขท.ลำปางที่ 1,ลำปาง
1,1104,เกาะคา - สามัคคี,697+942,20239 ,19351 ,1007 ,1005 ,1269 ,10167 ,1957 ,1792 ,1604 ,1538 ,59929 ,15.45 ,792 ,10587 ,ขท.ลำปางที่ 1,ลำปาง
1,1104,เกาะคา - สามัคคี,701+817,11729 ,11168 ,764 ,736 ,734 ,8142 ,1119 ,1010 ,897 ,947 ,37246 ,16.71 ,543 ,7485 ,ขท.ลำปางที่ 1,ลำปาง
1,1104,เกาะคา - สามัคคี,708+317,11444 ,10463 ,778 ,750 ,768 ,7994 ,1127 ,1006 ,882 ,906 ,36118 ,13.44 ,551 ,7453 ,ขท.ลำปางที่ 1,ลำปาง
1,1201,สามัคคี - บ้านหวด,720+367,3931 ,3877 ,856 ,640 ,679 ,2824 ,1009 ,926 ,749 ,668 ,16159 ,28.55 ,271 ,3714 ,ขท.ลำปางที่ 2,ลำปาง
1,1201,สามัคคี - บ้านหวด,769+397,2244 ,1693 ,668 ,422 ,535 ,2010 ,605 ,627 ,534 ,509 ,9847 ,33.10 ,202 ,1414 ,ขท.ลำปางที่ 2,ลำปาง
1,1202,บ้านหวด - แม่กา,784+017,3842 ,1185 ,475 ,451 ,598 ,3024 ,1178 ,1166 ,881 ,730 ,13530 ,37.51 ,144 ,2855 ,ขท.ลำปางที่ 2,ลำปาง
1,1202,บ้านหวด - แม่กา,787+129,3099 ,2745 ,822 ,527 ,684 ,2116 ,1267 ,1010 ,746 ,593 ,13609 ,35.37 ,223 ,2739 ,ขท.ลำปางที่ 2,ลำปาง
1,1202,บ้านหวด - แม่กา,790+517,2562 ,1605 ,587 ,456 ,529 ,3138 ,1065 ,1167 ,846 ,655 ,12610 ,35.97 ,204 ,2486 ,ขท.ลำปางที่ 2,ลำปาง
1,1301,แม่กา - แยกประตูชัย,822+117,10041 ,3306 ,181 ,161 ,95 ,8926 ,977 ,903 ,932 ,527 ,26049 ,16.77 ,105 ,5359 ,ขท.พะเยา,พะเยา
1,1301,แม่กา - แยกประตูชัย,836+967,11023 ,4362 ,262 ,348 ,215 ,11608 ,931 ,791 ,705 ,605 ,30850 ,9.68 ,59 ,5291 ,ขท.พะเยา,พะเยา
1,1302,แยกประตูชัย - พาน,867+967,2154 ,736 ,181 ,71 ,98 ,2702 ,373 ,423 ,373 ,377 ,7488 ,23.39 ,19 ,1076 ,ขท.พะเยา,พะเยา
1,1401,พาน - ร่องขุ่น,909+967,6601 ,1450 ,84 ,63 ,135 ,9030 ,497 ,232 ,151 ,176 ,18419 ,6.97 ,59 ,3043 ,ขท.เชียงรายที่ 1,เชียงราย
1,1402,ร่องขุ่น - แยกแม่กรณ์,924+617,7803 ,7663 ,118 ,41 ,84 ,285 ,413 ,268 ,790 ,901 ,18366 ,14.60 ,205 ,6191 ,ขท.เชียงรายที่ 1,เชียงราย
1,1403,แยกแม่กรณ์ - ห้วยพลู,930+617,9610 ,6967 ,129 ,110 ,86 ,9568 ,395 ,422 ,315 ,224 ,27826 ,5.88 ,60 ,6983 ,ขท.เชียงรายที่ 1,เชียงราย
1,1403,แยกแม่กรณ์ - ห้วยพลู,942+167,8410 ,5602 ,196 ,191 ,187 ,8640 ,141 ,201 ,218 ,232 ,24018 ,4.82 ,61 ,5905 ,ขท.เชียงรายที่ 1,เชียงราย
1,1403,แยกแม่กรณ์ - ห้วยพลู,948+000,7758 ,3808 ,221 ,155 ,137 ,7751 ,861 ,680 ,558 ,452 ,22381 ,12.66 ,216 ,5299 ,ขท.เชียงรายที่ 1,เชียงราย
1,1405,แม่คำ - กลางสะพานแม่น้ำสาย(เขตแดนไทย/พม่า),975+777,3347 ,2154 ,26 ,121 ,67 ,4214 ,93 ,78 ,52 ,39 ,10191 ,4.38 ,17 ,2969 ,ขท.เชียงรายที่ 1,เชียงราย
2,102,ตาลเดี่ยว - ซับบอน,11+000,25616 ,24276 ,2517 ,2454 ,2589 ,15004 ,11933 ,12358 ,12132 ,11842 ,120721 ,43.83 ,27 ,3455 ,ขท.สระบุรี,สระบุรี
2,102,ตาลเดี่ยว - ซับบอน,21+250,13596 ,15191 ,2340 ,2249 ,2432 ,18891 ,15369 ,18672 ,17921 ,15213 ,121874 ,59.60 ,35 ,5440 ,ขท.สระบุรี,สระบุรี
2,103,ซับบอน - มวกเหล็ก,35+200,19581 ,13866 ,617 ,985 ,293 ,8865 ,3223 ,3011 ,2435 ,2677 ,55553 ,20.75 ,21 ,2369 ,ขท.สระบุรี,สระบุรี
2,201,มวกเหล็ก - บ่อทอง,45+600,10363 ,7809 ,1725 ,2029 ,1416 ,10589 ,7400 ,7468 ,8001 ,8514 ,65314 ,51.74 ,0 ,1831 ,ขท.นครราชสีมาที่ 2,นครราชสีมา
2,201,มวกเหล็ก - บ่อทอง,58+015,10900 ,9567 ,1715 ,1619 ,1194 ,15286 ,4209 ,3675 ,3682 ,2898 ,54745 ,32.81 ,0 ,2612 ,ขท.นครราชสีมาที่ 2,นครราชสีมา
2,202,บ่อทอง - มอจะบก,87+438,12994 ,5438 ,260 ,146 ,496 ,4053 ,2979 ,3039 ,4123 ,4452 ,37980 ,42.28 ,6 ,813 ,ขท.นครราชสีมาที่ 2,นครราชสีมา
2,203,มอจะบก - ไร่โคกสูง,103+438,8770 ,7626 ,77 ,97 ,357 ,1664 ,3633 ,3547 ,1693 ,1447 ,28911 ,37.04 ,3 ,1944 ,ขท.นครราชสีมาที่ 2,นครราชสีมา
2,203,มอจะบก - ไร่โคกสูง,109+962,8318 ,8364 ,62 ,63 ,523 ,1840 ,1936 ,1923 ,1768 ,1217 ,26014 ,28.87 ,2 ,1226 ,ขท.นครราชสีมาที่ 2,นครราชสีมา
2,204,ไร่โคกสูง - โคกกรวด,117+262,6113 ,4282 ,794 ,968 ,1510 ,2952 ,2595 ,2315 ,2309 ,1535 ,25373 ,46.29 ,48 ,1314 ,ขท.นครราชสีมาที่ 2,นครราชสีมา
2,205,โคกกรวด - นครราชสีมา,146+072,36209 ,34002 ,3083 ,2978 ,2578 ,6787 ,2743 ,2749 ,707 ,664 ,92500 ,13.33 ,379 ,11817 ,ขท.นครราชสีมาที่ 2,นครราชสีมา
2,301,นครราชสีมา - ดอนหวาย,148+657,46077 ,22301 ,1519 ,331 ,1221 ,33758 ,183 ,60 ,16 ,18 ,105484 ,1.66 ,20 ,23292 ,ขท.นครราชสีมาที่ 1,นครราชสีมา
2,302,ดอนหวาย - บ้านวัด,193+612,6098 ,4229 ,23 ,72 ,126 ,10628 ,2263 ,2225 ,2328 ,2913 ,30905 ,32.63 ,3 ,628 ,ขท.นครราชสีมาที่ 1,นครราชสีมา
2,302,ดอนหวาย - บ้านวัด,197+162,5121 ,4690 ,60 ,57 ,109 ,9012 ,1583 ,1702 ,1845 ,2139 ,26318 ,29.97 ,1 ,690 ,ขท.นครราชสีมาที่ 1,นครราชสีมา
2,302,ดอนหวาย - บ้านวัด,204+357,5021 ,3409 ,66 ,55 ,72 ,9612 ,1381 ,1099 ,1181 ,1972 ,23868 ,27.01 ,7 ,577 ,ขท.นครราชสีมาที่ 1,นครราชสีมา
2,403,บ้านไผ่ - ท่าพระ,310+578,11127 ,7910 ,155 ,103 ,238 ,4991 ,1411 ,1639 ,1582 ,1568 ,30724 ,31.58 ,14 ,1723 ,ขท.ขอนแก่นที่ 3 (บ้านไผ่),ขอนแก่น
2,501,ท่าพระ - ขอนแก่น,334+181,12673 ,11222 ,1511 ,61 ,1187 ,19343 ,701 ,564 ,388 ,354 ,48004 ,6.76 ,0 ,5594 ,ขท.ขอนแก่นที่ 1,ขอนแก่น
2,502,ขอนแก่น - หินลาด,344+331,26647 ,20717 ,564 ,242 ,575 ,9478 ,1130 ,681 ,366 ,257 ,60657 ,5.48 ,0 ,5258 ,ขท.ขอนแก่นที่ 1,ขอนแก่น
2,503,หินลาด - โนนสะอาด,365+007,7603 ,7334 ,470 ,414 ,3695 ,3930 ,3608 ,3746 ,3628 ,3573 ,38001 ,49.16 ,89 ,6425 ,ขท.ขอนแก่นที่ 1,ขอนแก่น
2,503,หินลาด - โนนสะอาด,374+669,10466 ,9569 ,491 ,376 ,3516 ,4151 ,3545 ,4216 ,4151 ,4313 ,44794 ,44.48 ,102 ,6266 ,ขท.ขอนแก่นที่ 1,ขอนแก่น
2,601,โนนสะอาด - อุดรธานี,400+945,2141 ,1001 ,244 ,127 ,88 ,4010 ,959 ,804 ,787 ,792 ,10953 ,31.81 ,95 ,648 ,ขท.อุดรธานีที่ 1,อุดรธานี
2,601,โนนสะอาด - อุดรธานี,443+084,13058 ,928 ,324 ,140 ,160 ,7223 ,824 ,445 ,504 ,848 ,24454 ,10.85 ,68 ,3680 ,ขท.อุดรธานีที่ 1,อุดรธานี
2,602,อุดรธานี - น้ำสวย,458+935,10115 ,9694 ,425 ,435 ,389 ,10090 ,798 ,709 ,658 ,482 ,33795 ,14.90 ,115 ,8911 ,ขท.อุดรธานีที่ 1,อุดรธานี
2,602,อุดรธานี - น้ำสวย,471+435,8586 ,8085 ,146 ,149 ,140 ,6490 ,899 ,692 ,590 ,473 ,26250 ,11.74 ,59 ,7456 ,ขท.อุดรธานีที่ 1,อุดรธานี
2,700,น้ำสวย - สะพานมิตรภาพที่หนองคาย(เขตแดนไทย/ลาว),487+006,7843 ,4448 ,1615 ,754 ,691 ,4463 ,1795 ,1408 ,1394 ,1459 ,25870 ,28.75 ,569 ,2739 ,ขท.หนองคาย,หนองคาย
2,700,น้ำสวย - สะพานมิตรภาพที่หนองคาย(เขตแดนไทย/ลาว),498+256,8933 ,5988 ,2225 ,1183 ,967 ,6066 ,3273 ,2890 ,2656 ,2066 ,36247 ,36.20 ,1226 ,4672 ,ขท.หนองคาย,หนองคาย
2,700,น้ำสวย - สะพานมิตรภาพที่หนองคาย(เขตแดนไทย/ลาว),505+850,6605 ,3657 ,1848 ,912 ,882 ,2768 ,1780 ,1661 ,1187 ,1613 ,22913 ,37.19 ,1096 ,4527 ,ขท.หนองคาย,หนองคาย
3,102,แบริ่ง - ท้ายบ้าน,20+000,7494 ,6293 ,1116 ,646 ,2222 ,3987 ,1049 ,683 ,437 ,155 ,24082 ,19.28 ,83 ,5246 ,ขท.สมุทรปราการ,สมุทรปราการ
3,104,บางตำหรุ - คลองด่าน,40+800,8330 ,3021 ,496 ,550 ,431 ,8839 ,3061 ,753 ,575 ,608 ,26664 ,21.52 ,212 ,3227 ,ขท.สมุทรปราการ,สมุทรปราการ
3,200,คลองด่าน - บางปะกง,74+000,6731 ,5206 ,4726 ,4707 ,4931 ,10004 ,5451 ,5383 ,5564 ,5054 ,57757 ,53.75 ,0 ,4699 ,ขท.ฉะเชิงเทรา,ฉะเชิงเทรา
3,200,คลองด่าน - บางปะกง,75+738,5240 ,5239 ,4134 ,4190 ,4797 ,6507 ,5688 ,4921 ,4920 ,4705 ,50341 ,58.86 ,0 ,3965 ,ขท.ฉะเชิงเทรา,ฉะเชิงเทรา
3,300,หนองไม้แดง - ชลบุรี,91+767,10613 ,7877 ,860 ,949 ,2255 ,16485 ,280 ,2 ,1 ,0 ,39322 ,8.82 ,25 ,11101 ,ขท.ชลบุรีที่ 1,ชลบุรี
3,401,ชลบุรี - ศรีราชา,97+270,16222 ,9989 ,1002 ,108 ,194 ,14969 ,160 ,85 ,24 ,3 ,42756 ,1.42 ,5 ,5555 ,ขท.ชลบุรีที่ 2,ชลบุรี
3,401,ชลบุรี - ศรีราชา,111+000,14639 ,11824 ,274 ,130 ,165 ,15200 ,399 ,383 ,187 ,46 ,43247 ,3.10 ,6 ,4210 ,ขท.ชลบุรีที่ 2,ชลบุรี
3,402,ศรีราชา - พัทยา,130+000,17991 ,16166 ,477 ,196 ,513 ,14988 ,2856 ,2662 ,2818 ,4910 ,63577 ,23.90 ,41 ,13284 ,ขท.ชลบุรีที่ 2,ชลบุรี
3,403,พัทยา - พลูตาหลวง,175+000,12267 ,10415 ,1419 ,286 ,222 ,3879 ,663 ,81 ,25 ,17 ,29274 ,4.59 ,12 ,5394 ,ขท.ชลบุรีที่ 2,ชลบุรี
3,501,พลูตาหลวง - มาบตาพุด,206+000,11630 ,6681 ,255 ,466 ,710 ,12841 ,1250 ,1309 ,1252 ,832 ,37226 ,16.52 ,21 ,7376 ,ขท.ระยอง,ระยอง
3,503,ระยอง - กะเฉด,246+000,5864 ,4595 ,562 ,28 ,31 ,10114 ,489 ,911 ,411 ,410 ,23415 ,10.33 ,15 ,2993 ,ขท.ระยอง,ระยอง
3,504,กะเฉด - นายายอาม,272+500,7833 ,1291 ,27 ,72 ,57 ,8710 ,838 ,650 ,502 ,556 ,20536 ,13.72 ,24 ,2005 ,ขท.ระยอง,ระยอง
3,601,นายายอาม - บ้านสิ้ว,306+375,5394 ,4139 ,46 ,53 ,52 ,19091 ,653 ,741 ,627 ,590 ,31386 ,8.63 ,4 ,1003 ,ขท.จันทบุรี,จันทบุรี
3,602,บ้านสิ้ว - โพธิ์ทอง,324+400,15452 ,10635 ,54 ,66 ,58 ,22793 ,3747 ,2390 ,1337 ,99 ,56631 ,13.28 ,36 ,5329 ,ขท.จันทบุรี,จันทบุรี
3,603,โพธิ์ทอง - บ้านพลิ้ว,340+000,10858 ,6114 ,51 ,74 ,84 ,12603 ,793 ,682 ,299 ,116 ,31674 ,6.89 ,12 ,6317 ,ขท.จันทบุรี,จันทบุรี
3,701,บ้านพลิ้ว - แม่น้ำเวฬุ,374+753,6228 ,1521 ,0 ,23 ,37 ,8558 ,1273 ,982 ,768 ,683 ,20073 ,18.31 ,8 ,2499 ,ขท.ตราด,จันทบุรี
3,704,แม่น้ำตราด - หาดเล็ก,404+042,4543 ,870 ,96 ,35 ,12 ,3721 ,216 ,136 ,131 ,123 ,9883 ,6.64 ,38 ,2074 ,ขท.ตราด,ตราด
3,704,แม่น้ำตราด - หาดเล็ก,440+333,928 ,246 ,19 ,42 ,3 ,1190 ,86 ,56 ,85 ,143 ,2798 ,15.87 ,14 ,368 ,ขท.ตราด,ตราด
3,704,แม่น้ำตราด - หาดเล็ก,474+575,3363 ,311 ,68 ,7 ,3 ,853 ,193 ,97 ,164 ,72 ,5131 ,9.11 ,55 ,2589 ,ขท.ตราด,ตราด
4,100,อ้อมใหญ่ - นครชัยศรี,26+500,32927 ,11276 ,1331 ,519 ,614 ,26383 ,1716 ,1738 ,984 ,232 ,77720 ,7.17 ,62 ,19060 ,ขท.สมุทรสาคร,นครปฐม
4,100,อ้อมใหญ่ - นครชัยศรี,31+500,26443 ,12999 ,528 ,363 ,634 ,20752 ,1242 ,789 ,857 ,385 ,64992 ,6.94 ,261 ,11020 ,ขท.สมุทรสาคร,นครปฐม
4,201,นครชัยศรี - พระประโทน,41+500,37437 ,16509 ,1684 ,1646 ,1406 ,19493 ,5728 ,5599 ,5451 ,1264 ,96217 ,21.68 ,16 ,3780 ,ขท.นครปฐม,นครปฐม
4,202,พระประโทน - สระกระเทียม,55+087,25560 ,17669 ,2670 ,2904 ,3133 ,24329 ,5485 ,7035 ,6401 ,4834 ,100020 ,29.69 ,0 ,8833 ,ขท.นครปฐม,นครปฐม
4,202,พระประโทน - สระกระเทียม,64+387,26691 ,7148 ,2243 ,2578 ,2528 ,25798 ,7404 ,5759 ,7658 ,5440 ,93247 ,32.98 ,0 ,5206 ,ขท.นครปฐม,นครปฐม
4,301,สระกระเทียม - คลองอีจาง,69+087,7859 ,4780 ,675 ,676 ,674 ,7624 ,5178 ,3403 ,2609 ,1703 ,35181 ,40.49 ,0 ,2393 ,ขท.ราชบุรี,ราชบุรี
4,301,สระกระเทียม - คลองอีจาง,79+087,11511 ,8660 ,2712 ,2762 ,2945 ,27102 ,6039 ,4697 ,3707 ,2768 ,72903 ,31.37 ,0 ,7652 ,ขท.ราชบุรี,ราชบุรี
4,302,คลองอีจาง - หลุมดิน,92+667,11304 ,10499 ,1899 ,1565 ,2028 ,17821 ,5296 ,5763 ,2217 ,1885 ,60277 ,30.46 ,10 ,10273 ,ขท.ราชบุรี,ราชบุรี
4,303,หลุมดิน - ห้วยชินสีห์,103+887,9660 ,6387 ,4 ,2 ,11 ,6900 ,673 ,526 ,286 ,9 ,24458 ,6.56 ,0 ,5466 ,ขท.ราชบุรี,ราชบุรี
4,401,ห้วยชินสีห์ - ปากท่อ,111+587,10217 ,9037 ,42 ,46 ,43 ,10490 ,1027 ,1123 ,982 ,613 ,33620 ,11.90 ,11 ,4341 ,ขท.สมุทรสงคราม,ราชบุรี
4,501,สระพัง - เขาวัง,135+587,20548 ,16163 ,2788 ,408 ,311 ,7693 ,2763 ,2490 ,1567 ,2990 ,57721 ,18.85 ,114 ,4995 ,ขท.เพชรบุรี,เพชรบุรี
4,502,เขาวัง - หนองบ้วย,158+339,17063 ,16941 ,2218 ,319 ,251 ,5016 ,2859 ,2125 ,1945 ,2196 ,50933 ,21.24 ,59 ,5250 ,ขท.เพชรบุรี,เพชรบุรี
4,503,หนองบ้วย - ห้วยทรายใต้,185+782,12787 ,12797 ,1796 ,1728 ,1569 ,9975 ,5302 ,1856 ,1836 ,1707 ,51353 ,26.07 ,36 ,6975 ,ขท.เพชรบุรี,เพชรบุรี
4,503,หนองบ้วย - ห้วยทรายใต้,202+767,9983 ,7716 ,931 ,182 ,127 ,2731 ,1376 ,1129 ,974 ,1109 ,26258 ,20.58 ,63 ,5097 ,ขท.เพชรบุรี,เพชรบุรี
4,602,วังยาว - หนองหมู,237+500,12058 ,6704 ,179 ,174 ,701 ,9482 ,2229 ,2324 ,2248 ,1835 ,37934 ,25.13 ,80 ,7359 ,ขท.ประจวบคีรีขันธ์ (หัวหิน),ประจวบคีรีขันธ์
4,603,หนองหมู - ห้วยยาง,278+213,5320 ,4610 ,382 ,11 ,287 ,3486 ,3170 ,3238 ,3086 ,3129 ,26719 ,48.44 ,32 ,1782 ,ขท.ประจวบคีรีขันธ์ (หัวหิน),ประจวบคีรีขันธ์
4,603,หนองหมู - ห้วยยาง,299+888,8320 ,4227 ,520 ,18 ,243 ,3907 ,2917 ,3089 ,3074 ,2888 ,29203 ,41.73 ,0 ,1054 ,ขท.ประจวบคีรีขันธ์ (หัวหิน),ประจวบคีรีขันธ์
4,603,หนองหมู - ห้วยยาง,315+813,3929 ,3853 ,408 ,0 ,348 ,3965 ,3255 ,3272 ,3180 ,2759 ,24969 ,50.98 ,0 ,1889 ,ขท.ประจวบคีรีขันธ์ (หัวหิน),ประจวบคีรีขันธ์
4,604,ห้วยยาง - บางสะพาน,350+013,5867 ,5418 ,62 ,29 ,100 ,5450 ,2306 ,2485 ,1901 ,3079 ,26697 ,37.61 ,28 ,3918 ,ขท.ประจวบคีรีขันธ์ (หัวหิน),ประจวบคีรีขันธ์
4,605,บางสะพาน - น้ำรอด,387+313,8088 ,5972 ,36 ,30 ,45 ,4898 ,2580 ,2673 ,2463 ,4148 ,30933 ,39.37 ,16 ,1757 ,ขท.ประจวบคีรีขันธ์ (หัวหิน),ประจวบคีรีขันธ์
4,701,น้ำรอด - พ่อตาหินช้าง,428+490,5606 ,926 ,27 ,35 ,108 ,8809 ,1919 ,1665 ,1067 ,2644 ,22806 ,32.83 ,4 ,1273 ,ขท.ชุมพร,ชุมพร
4,702,พ่อตาหินช้าง - วังครก,451+513,5722 ,3963 ,573 ,10 ,76 ,5508 ,1610 ,1654 ,1116 ,2373 ,22605 ,30.84 ,4 ,951 ,ขท.ชุมพร,ชุมพร
4,801,เสียบญวณ - กระบุรี,490+753,3018 ,1360 ,46 ,25 ,15 ,4494 ,390 ,409 ,317 ,304 ,10378 ,13.30 ,14 ,1287 ,ขท.ระนอง,ชุมพร
4,801,เสียบญวณ - กระบุรี,528+103,1465 ,1143 ,101 ,42 ,17 ,4081 ,240 ,290 ,148 ,177 ,7704 ,12.05 ,12 ,1298 ,ขท.ระนอง,ระนอง
4,802,กระบุรี - หงาว,565+823,2088 ,1934 ,93 ,47 ,29 ,1214 ,169 ,370 ,280 ,375 ,6599 ,20.72 ,4 ,1862 ,ขท.ระนอง,ระนอง
4,802,กระบุรี - หงาว,590+103,3091 ,534 ,285 ,45 ,10 ,1193 ,217 ,246 ,180 ,66 ,5867 ,13.09 ,17 ,1005 ,ขท.ระนอง,ระนอง
4,802,กระบุรี - หงาว,608+465,4251 ,2598 ,61 ,81 ,33 ,2088 ,211 ,413 ,100 ,56 ,9892 ,8.24 ,11 ,2758 ,ขท.ระนอง,ระนอง
4,803,หงาว - อ่าวเคย,644+321,690 ,318 ,56 ,14 ,11 ,2465 ,137 ,202 ,49 ,50 ,3992 ,12.20 ,1 ,1093 ,ขท.ระนอง,ระนอง
4,803,หงาว - อ่าวเคย,675+021,598 ,479 ,54 ,8 ,15 ,2013 ,296 ,276 ,84 ,49 ,3872 ,18.88 ,20 ,1208 ,ขท.ระนอง,ระนอง
4,803,หงาว - อ่าวเคย,691+821,774 ,569 ,52 ,5 ,14 ,1506 ,230 ,94 ,89 ,41 ,3374 ,16.79 ,4 ,814 ,ขท.ระนอง,ระนอง
4,901,อ่าวเคย - บางนายสี,711+821,2456 ,114 ,24 ,6 ,22 ,630 ,144 ,112 ,70 ,26 ,3604 ,9.42 ,3 ,1494 ,ขท.พังงา,พังงา
4,901,อ่าวเคย - บางนายสี,741+421,1817 ,264 ,50 ,48 ,48 ,938 ,223 ,282 ,284 ,115 ,4069 ,29.31 ,26 ,1485 ,ขท.พังงา,พังงา
4,901,อ่าวเคย - บางนายสี,762+021,1304 ,660 ,39 ,25 ,20 ,865 ,613 ,623 ,158 ,103 ,4410 ,36.31 ,27 ,1452 ,ขท.พังงา,พังงา
4,902,ตะกั่วป่า - บางสัก,770+127,5704 ,5453 ,400 ,514 ,161 ,1110 ,580 ,454 ,348 ,282 ,15006 ,16.52 ,199 ,2708 ,ขท.พังงา,พังงา
4,903,คลองบางดินสอ - นาเหนือ,874+208,3284 ,2073 ,164 ,174 ,181 ,2292 ,977 ,455 ,422 ,416 ,10438 ,21.07 ,16 ,1362 ,ขท.พังงา,พังงา
4,903,คลองบางดินสอ - นาเหนือ,900+727,396 ,117 ,5 ,0 ,6 ,13 ,19 ,14 ,0 ,18 ,588 ,7.25 ,8 ,229 ,ขท.พังงา,พังงา
4,904,นาเหนือ - เขาคราม,925+127,3521 ,2945 ,86 ,70 ,100 ,4290 ,329 ,399 ,338 ,258 ,12336 ,12.32 ,42 ,2763 ,ขท.พังงา,กระบี่
4,904,นาเหนือ - เขาคราม,941+327,3963 ,2924 ,161 ,67 ,89 ,4728 ,302 ,325 ,240 ,180 ,12979 ,9.49 ,47 ,3240 ,ขท.พังงา,กระบี่
4,1001,บางสัก - ท้ายเหมือง,825+553,2349 ,1918 ,72 ,20 ,50 ,1909 ,104 ,83 ,32 ,21 ,6558 ,5.24 ,4 ,1646 ,ขท.ภูเก็ต,พังงา
4,1002,ท้ายเหมือง - คลองบางดินสอ,837+753,4243 ,1801 ,125 ,26 ,99 ,4298 ,218 ,271 ,193 ,249 ,11523 ,9.40 ,12 ,1257 ,ขท.ภูเก็ต,พังงา
4,1002,ท้ายเหมือง - คลองบางดินสอ,844+250,4359 ,3060 ,121 ,41 ,92 ,5435 ,241 ,317 ,206 ,264 ,14136 ,8.77 ,21 ,1266 ,ขท.ภูเก็ต,พังงา
4,1102,ตลาดเก่า - คลองท่อม,980+300,7763 ,7098 ,386 ,245 ,261 ,7766 ,333 ,252 ,109 ,33 ,24246 ,5.00 ,0 ,4846 ,ขท.กระบี่,กระบี่
4,1103,คลองท่อม - นาวง,1010+765,6572 ,4128 ,151 ,39 ,78 ,2074 ,402 ,179 ,346 ,118 ,14087 ,9.68 ,8 ,1995 ,ขท.กระบี่,กระบี่
4,1103,คลองท่อม - นาวง,1016+865,4924 ,3547 ,174 ,535 ,94 ,1469 ,272 ,161 ,211 ,167 ,11554 ,13.58 ,3 ,2034 ,ขท.กระบี่,กระบี่
4,1103,คลองท่อม - นาวง,1046+265,2877 ,337 ,17 ,23 ,80 ,999 ,137 ,177 ,220 ,211 ,5078 ,16.80 ,0 ,2110 ,ขท.กระบี่,กระบี่
4,1201,นาวง - ห้วยยอด,1062+265,2894 ,846 ,22 ,49 ,29 ,2228 ,124 ,175 ,108 ,86 ,6561 ,7.26 ,18 ,2326 ,ขท.ตรัง,ตรัง
4,1201,นาวง - ห้วยยอด,1076+665,2416 ,1133 ,9 ,15 ,4 ,3575 ,146 ,151 ,58 ,41 ,7548 ,5.93 ,3 ,2774 ,ขท.ตรัง,ตรัง
4,1202,ห้วยยอด - ลำภูรา,1095+200,2196 ,519 ,5 ,4 ,5 ,2266 ,107 ,41 ,20 ,24 ,5187 ,3.37 ,21 ,1787 ,ขท.ตรัง,ตรัง
4,1203,ลำภูรา - ตรัง,1099+615,8309 ,8107 ,246 ,243 ,217 ,8856 ,388 ,284 ,247 ,255 ,27152 ,6.49 ,73 ,6432 ,ขท.ตรัง,ตรัง
4,1204,ตรัง - เขาพับผ้า,1115+547,7819 ,2749 ,28 ,86 ,52 ,7960 ,267 ,180 ,212 ,170 ,19523 ,5.39 ,22 ,6398 ,ขท.ตรัง,ตรัง
4,1301,เขาพับผ้า - พัทลุง,1144+104,3427 ,1312 ,53 ,56 ,67 ,4079 ,250 ,145 ,106 ,143 ,9638 ,8.17 ,20 ,1231 ,ขท.พัทลุง,พัทลุง
4,1301,เขาพับผ้า - พัทลุง,1160+640,6297 ,1812 ,90 ,75 ,89 ,6949 ,569 ,219 ,127 ,218 ,16445 ,7.20 ,23 ,2767 ,ขท.พัทลุง,พัทลุง
4,1302,พัทลุง - นาโหนด,1173+259,6270 ,6008 ,136 ,119 ,95 ,4254 ,4056 ,4487 ,4250 ,4577 ,34252 ,50.90 ,5 ,3889 ,ขท.พัทลุง,พัทลุง
4,1304,ห้วยทราย - พรุพ้อ,1205+559,8078 ,7804 ,114 ,76 ,194 ,11620 ,1665 ,1859 ,1819 ,2177 ,35406 ,21.27 ,2 ,3284 ,ขท.พัทลุง,พัทลุง
4,1401,พรุพ้อ - เนินพิชัย,1220+559,10835 ,11243 ,1414 ,1248 ,976 ,2297 ,2307 ,2449 ,2501 ,2314 ,37584 ,30.86 ,413 ,4928 ,ขท.สงขลาที่ 1,สงขลา
4,1401,พรุพ้อ - เนินพิชัย,1230+459,8185 ,8344 ,1342 ,860 ,790 ,1789 ,1678 ,1815 ,1836 ,1596 ,28235 ,29.78 ,366 ,4346 ,ขท.สงขลาที่ 1,สงขลา
4,1402,เนินพิชัย - คลองหวะ,1250+759,11220 ,7529 ,458 ,421 ,129 ,11825 ,1368 ,1229 ,992 ,891 ,36062 ,12.71 ,2 ,1409 ,ขท.สงขลาที่ 1,สงขลา
4,1402,เนินพิชัย - คลองหวะ,1253+359,10054 ,5443 ,165 ,111 ,104 ,11223 ,1302 ,1452 ,586 ,396 ,30836 ,11.23 ,4 ,6624 ,ขท.สงขลาที่ 1,สงขลา
4,1403,คลองหวะ - พังลา,1260+942,11106 ,5861 ,463 ,19 ,116 ,7575 ,637 ,360 ,300 ,1100 ,27537 ,9.68 ,3 ,9433 ,ขท.สงขลาที่ 1,สงขลา
4,1500,พังลา - จุดผ่านแดนถาวรสะเดา(เขตแดนไทย/มาเลเซีย),1280+042,4332 ,2221 ,96 ,60 ,69 ,6084 ,385 ,336 ,228 ,1810 ,15621 ,19.10 ,8 ,3345 ,ขท.สงขลาที่ 2 (นาหม่อม),สงขลา
4,1500,พังลา - จุดผ่านแดนถาวรสะเดา(เขตแดนไทย/มาเลเซีย),1300+842,2875 ,2724 ,124 ,71 ,92 ,3936 ,300 ,241 ,175 ,1687 ,12225 ,19.12 ,12 ,3184 ,ขท.สงขลาที่ 2 (นาหม่อม),สงขลา
5,200,ทางยกระดับอนุสรณ์สถาน - รังสิต,23+747,12100 ,6478 ,0 ,0 ,642 ,7759 ,949 ,641 ,0 ,0 ,28569 ,6.68 ,0 ,0 ,ขท.ปทุมธานี,ปทุมธานี
7,103,แขวงคลองสองต้นนุ่น - พิมพา,17+000,81485 ,48871 ,0 ,4804 ,1921 ,57842 ,31205 ,21634 ,3852 ,10729 ,262343 ,28.74 ,0 ,0 ,ขท.พิเศษระหว่างเมือง,กรุงเทพมหานคร
7,103,แขวงคลองสองต้นนุ่น - พิมพา,25+900,67281 ,69407 ,0 ,2123 ,5794 ,58867 ,12034 ,7785 ,11762 ,10595 ,245648 ,20.04 ,0 ,0 ,ขท.พิเศษระหว่างเมือง,สมุทรปราการ
7,104,พิมพา - หนองข้างคอก,45+400,33207 ,24557 ,0 ,750 ,566 ,22084 ,12987 ,6698 ,5772 ,5886 ,112507 ,27.25 ,0 ,0 ,ขท.พิเศษระหว่างเมือง,ฉะเชิงเทรา
7,104,พิมพา - หนองข้างคอก,67+900,30216 ,22728 ,0 ,526 ,667 ,33806 ,14009 ,7205 ,6389 ,9745 ,125291 ,32.73 ,0 ,0 ,ขท.พิเศษระหว่างเมือง,ชลบุรี
7,105,หนองข้างคอก - ตะเคียนเตี้ย,79+258,22098 ,15675 ,15 ,20 ,1169 ,13977 ,8287 ,8345 ,7595 ,29 ,77210 ,32.90 ,0 ,0 ,ขท.พิเศษระหว่างเมือง,ชลบุรี
7,105,หนองข้างคอก - ตะเคียนเตี้ย,89+344,25342 ,16709 ,16 ,15 ,1288 ,14817 ,7363 ,7724 ,8735 ,23 ,82032 ,31.09 ,0 ,0 ,ขท.พิเศษระหว่างเมือง,ชลบุรี
7,105,หนองข้างคอก - ตะเคียนเตี้ย,105+144,23463 ,15479 ,16 ,13 ,1023 ,13278 ,7374 ,6165 ,7509 ,21 ,74341 ,29.94 ,0 ,0 ,ขท.พิเศษระหว่างเมือง,ชลบุรี
7,106,ตะเคียนเตี้ย - พลา,123+000,11320 ,6284 ,201 ,135 ,144 ,2589 ,281 ,175 ,154 ,101 ,21384 ,4.42 ,0 ,0 ,ขท.พิเศษระหว่างเมือง,ชลบุรี
7,107,ทางต่างระดับบางควาย - ทางต่างระดับบางวัว,2+300,8147 ,4116 ,0 ,120 ,202 ,7919 ,3945 ,1027 ,804 ,2483 ,28763 ,29.30 ,0 ,0 ,ขท.พิเศษระหว่างเมือง,ฉะเชิงเทรา
7,108,ทางต่างระดับคีรี - ทางต่างระดับหนองข้างคอก,2+000,14523 ,15703 ,17 ,12 ,891 ,15237 ,8146 ,7539 ,8353 ,28 ,70449 ,35.13 ,0 ,0 ,ขท.พิเศษระหว่างเมือง,ชลบุรี
7,109,ทางต่างระดับหนองขาม - ท่าเรือแหลมฉบัง,4+000,10768 ,12383 ,14 ,8 ,384 ,9898 ,6054 ,6398 ,8813 ,36 ,54756 ,39.99 ,0 ,0 ,ขท.พิเศษระหว่างเมือง,ชลบุรี
9,102,บางแค - คลองมหาสวัสดิ์,20+430,53931 ,52807 ,0 ,0 ,295 ,43268 ,3666 ,3942 ,3125 ,3095 ,164129 ,8.02 ,0 ,0 ,ขท.ธนบุรี,กรุงเทพมหานคร
9,201,คลองมหาสวัสดิ์ - คลองบางไผ่,36+594,105075 ,25916 ,0 ,0 ,5071 ,31634 ,4225 ,9468 ,2307 ,2236 ,185932 ,12.76 ,0 ,0 ,ขท.นนทบุรี,นนทบุรี
9,201,คลองมหาสวัสดิ์ - คลองบางไผ่,40+800,108711 ,17690 ,0 ,0 ,5058 ,25110 ,3940 ,3614 ,3373 ,2305 ,169801 ,11.33 ,0 ,0 ,ขท.นนทบุรี,นนทบุรี
9,202,คลองบางไผ่ - คลองบางหลวง,47+744,79078 ,31378 ,0 ,0 ,10758 ,12593 ,7800 ,5424 ,4579 ,4339 ,155949 ,20.64 ,0 ,0 ,ขท.นนทบุรี,นนทบุรี
9,301,คลองบางหลวง - ต่างระดับเชียงรากน้อย,64+069,13947 ,4416 ,4266 ,4449 ,4927 ,7456 ,9201 ,10412 ,10556 ,10636 ,80266 ,62.19 ,141 ,3126 ,ขท.ปทุมธานี,ปทุมธานี
9,302,ต่างระดับเชียงรากน้อย - ต่างระดับบางปะอิน,78+099,14827 ,4946 ,4379 ,4775 ,4681 ,7585 ,10063 ,9627 ,9563 ,9124 ,79570 ,59.74 ,144 ,3447 ,ขท.ปทุมธานี,ปทุมธานี
9,401,บางปะอิน - แขวงรามอินทรา,1+500,46806 ,22886 ,409 ,341 ,478 ,62422 ,10256 ,4920 ,6559 ,5715 ,160792 ,17.44 ,0 ,0 ,ขท.พิเศษระหว่างเมือง,พระนครศรีอยุธยา
9,401,บางปะอิน - แขวงรามอินทรา,20+500,44019 ,25691 ,445 ,385 ,420 ,57280 ,10094 ,5260 ,6223 ,5363 ,155180 ,16.93 ,0 ,0 ,ขท.พิเศษระหว่างเมือง,ปทุมธานี
9,402,แขวงรามอินทรา - บางพลี,59+500,74403 ,13096 ,0 ,0 ,332 ,15734 ,4251 ,4625 ,726 ,4646 ,117813 ,14.07 ,0 ,0 ,ขท.พิเศษระหว่างเมือง,กรุงเทพมหานคร
11,201,ช่องแค - ตากฟ้า,16+800,1962 ,1391 ,33 ,6 ,7 ,2784 ,345 ,480 ,599 ,458 ,8065 ,21.95 ,1 ,187 ,ขท.นครสวรรค์ที่ 2 (ตากฟ้า),นครสวรรค์
11,201,ช่องแค - ตากฟ้า,38+850,2031 ,688 ,26 ,0 ,11 ,2758 ,348 ,553 ,529 ,349 ,7293 ,24.76 ,7 ,559 ,ขท.นครสวรรค์ที่ 2 (ตากฟ้า),นครสวรรค์
11,202,ตากฟ้า - ไดตาล,71+000,1340 ,322 ,1 ,11 ,12 ,2636 ,307 ,367 ,1212 ,782 ,6990 ,37.63 ,0 ,298 ,ขท.นครสวรรค์ที่ 2 (ตากฟ้า),นครสวรรค์
11,204,น้ำสาดเหนือ - หนองกลับ,99+500,2247 ,1177 ,22 ,29 ,21 ,2687 ,507 ,579 ,1495 ,99 ,8863 ,31.11 ,2 ,786 ,ขท.นครสวรรค์ที่ 2 (ตากฟ้า),นครสวรรค์
11,204,น้ำสาดเหนือ - หนองกลับ,111+650,1382 ,1164 ,10 ,11 ,10 ,3129 ,339 ,500 ,694 ,466 ,7705 ,25.87 ,9 ,729 ,ขท.นครสวรรค์ที่ 2 (ตากฟ้า),นครสวรรค์
11,301,หนองกลับ - เขาทราย,122+100,1889 ,1676 ,0 ,9 ,17 ,1469 ,553 ,240 ,240 ,144 ,6237 ,18.04 ,39 ,911 ,ขท.พิจิตร,พิจิตร
11,302,เขาทราย - สากเหล็ก,143+294,2343 ,1349 ,19 ,13 ,33 ,2604 ,472 ,517 ,506 ,752 ,8608 ,26.38 ,13 ,1068 ,ขท.พิจิตร,พิจิตร
11,401,สากเหล็ก - กกไม้แดง,186+983,4066 ,1591 ,102 ,62 ,66 ,608 ,675 ,557 ,1166 ,893 ,9786 ,35.48 ,100 ,1376 ,ขท.พิษณุโลกที่ 2 (วังทอง),พิษณุโลก
11,402,กกไม้แดง - บ้านป่า,210+841,3369 ,3078 ,62 ,0 ,190 ,6190 ,708 ,1133 ,836 ,179 ,15745 ,19.14 ,28 ,2331 ,ขท.พิษณุโลกที่ 2 (วังทอง),พิษณุโลก
11,403,บ้านป่า - นาอิน,236+235,5421 ,3259 ,28 ,37 ,255 ,6342 ,729 ,635 ,702 ,291 ,17699 ,15.12 ,30 ,1177 ,ขท.พิษณุโลกที่ 2 (วังทอง),พิษณุโลก
11,501,นาอิน - ชัยมงคล,276+099,4551 ,3261 ,9 ,4 ,58 ,3524 ,702 ,689 ,810 ,788 ,14396 ,17.35 ,8 ,111 ,ขท.อุตรดิตถ์ที่ 1,อุตรดิตถ์
11,502,ชัยมงคล - บึงหลัก,316+698,7673 ,1356 ,89 ,30 ,63 ,4166 ,778 ,465 ,465 ,625 ,15710 ,15.71 ,15 ,889 ,ขท.อุตรดิตถ์ที่ 1,อุตรดิตถ์
11,503,บึงหลัก - หนองน้ำเขียว,328+826,4496 ,1476 ,3 ,4 ,61 ,6335 ,699 ,426 ,439 ,550 ,14489 ,11.36 ,3 ,1009 ,ขท.อุตรดิตถ์ที่ 1,อุตรดิตถ์
11,503,บึงหลัก - หนองน้ำเขียว,351+340,2269 ,834 ,121 ,2 ,61 ,3317 ,458 ,304 ,340 ,553 ,8259 ,20.25 ,3 ,143 ,ขท.อุตรดิตถ์ที่ 1,อุตรดิตถ์
11,601,หนองน้ำเขียว - ปางเคาะ,369+006,2959 ,2354 ,98 ,57 ,77 ,5559 ,604 ,470 ,454 ,196 ,12828 ,15.25 ,0 ,2473 ,ขท.แพร่,แพร่
11,601,หนองน้ำเขียว - ปางเคาะ,374+406,2114 ,1335 ,66 ,50 ,41 ,1411 ,370 ,342 ,272 ,62 ,6063 ,18.50 ,0 ,1352 ,ขท.แพร่,แพร่
11,602,ปางเคาะ - ปางมะโอ,412+009,1507 ,1101 ,42 ,38 ,33 ,1829 ,276 ,141 ,63 ,43 ,5073 ,10.89 ,0 ,1005 ,ขท.แพร่,แพร่
11,701,ปางมะโอ - ป่าขาม,425+509,1897 ,406 ,8 ,8 ,81 ,2740 ,413 ,281 ,131 ,154 ,6119 ,17.39 ,9 ,589 ,ขท.ลำปางที่ 1,ลำปาง
11,701,ปางมะโอ - ป่าขาม,453+219,8667 ,1055 ,61 ,0 ,216 ,9060 ,559 ,606 ,730 ,568 ,21522 ,14.43 ,22 ,3621 ,ขท.ลำปางที่ 1,ลำปาง
11,702,แยกภาคเหนือ - ขุนตาน,469+099,9903 ,1908 ,252 ,101 ,351 ,6330 ,1990 ,1751 ,1934 ,1317 ,25837 ,26.27 ,38 ,3049 ,ขท.ลำปางที่ 1,ลำปาง
11,800,ขุนตาน - อุโมงค์,526+949,10244 ,4261 ,496 ,288 ,673 ,6541 ,1995 ,1318 ,1072 ,599 ,27487 ,21.54 ,0 ,4337 ,ขท.ลำพูน,ลำพูน
11,800,ขุนตาน - อุโมงค์,532+949,10953 ,6142 ,444 ,200 ,667 ,5272 ,2443 ,2002 ,1376 ,964 ,30463 ,24.80 ,0 ,3725 ,ขท.ลำพูน,ลำพูน
11,900,อุโมงค์ - รินคำ,543+850,25961 ,10899 ,2911 ,2620 ,2738 ,6150 ,3716 ,3130 ,1782 ,2515 ,62422 ,26.49 ,688 ,5872 ,ขท.เชียงใหม่ที่ 2,เชียงใหม่
11,900,อุโมงค์ - รินคำ,551+500,21756 ,13682 ,2844 ,2238 ,3042 ,10061 ,4183 ,3688 ,2612 ,3044 ,67150 ,22.60 ,782 ,6506 ,ขท.เชียงใหม่ที่ 2,เชียงใหม่
12,100,กลางสะพานมิตรภาพที่แม่สอด(เขตแดนไทย/พม่า) - แม่ละเมา,10+015,5667 ,445 ,33 ,32 ,20 ,3360 ,481 ,210 ,273 ,187 ,10708 ,10.24 ,199 ,3110 ,ขท.ตากที่ 2 (แม่สอด),ตาก
12,201,แม่ละเมา - ตาก,56+405,1788 ,948 ,18 ,17 ,18 ,1791 ,287 ,120 ,187 ,617 ,5791 ,20.94 ,5 ,556 ,ขท.ตากที่ 1,ตาก
12,202,ตาก - หนองเสือ,114+630,1425 ,1042 ,14 ,33 ,9 ,2034 ,139 ,116 ,139 ,131 ,5082 ,13.30 ,7 ,893 ,ขท.ตากที่ 1,ตาก
12,203,หนองเสือ - วังวน,151+480,2306 ,3170 ,358 ,217 ,178 ,417 ,283 ,252 ,251 ,246 ,7678 ,16.65 ,53 ,768 ,ขท.ตากที่ 1,สุโขทัย
12,302,เมืองเก่า - สุโขทัย,168+980,8712 ,3136 ,299 ,182 ,107 ,342 ,168 ,480 ,152 ,185 ,13763 ,9.82 ,60 ,6416 ,ขท.สุโขทัย,สุโขทัย
12,303,สุโขทัย - บ้านกร่าง,184+769,4905 ,4593 ,196 ,200 ,221 ,226 ,272 ,258 ,256 ,244 ,11371 ,10.43 ,263 ,3685 ,ขท.สุโขทัย,สุโขทัย
12,401,บ้านกร่าง - พิษณุโลก,198+000,3190 ,3357 ,1241 ,1294 ,673 ,2063 ,835 ,656 ,542 ,472 ,14323 ,30.57 ,302 ,1823 ,ขท.พิษณุโลกที่ 1,สุโขทัย
12,401,บ้านกร่าง - พิษณุโลก,218+546,6303 ,6554 ,265 ,229 ,255 ,2700 ,632 ,441 ,370 ,289 ,18038 ,11.38 ,281 ,3118 ,ขท.พิษณุโลกที่ 1,พิษณุโลก
12,402,พิษณุโลก - ร้องโพธิ์,232+609,42913 ,35211 ,550 ,390 ,363 ,21777 ,892 ,512 ,148 ,65 ,102821 ,1.92 ,186 ,23815 ,ขท.พิษณุโลกที่ 1,พิษณุโลก
12,501,ร้องโพธิ์ - วังทอง,247+513,6304 ,5738 ,86 ,0 ,279 ,12687 ,888 ,1245 ,915 ,171 ,28313 ,12.28 ,28 ,2738 ,ขท.พิษณุโลกที่ 2 (วังทอง),พิษณุโลก
12,502,วังทอง - เข็กน้อย,297+859,2963 ,1336 ,3 ,4 ,34 ,2125 ,289 ,139 ,117 ,60 ,7070 ,8.85 ,6 ,660 ,ขท.พิษณุโลกที่ 2 (วังทอง),พิษณุโลก
12,601,เข็กน้อย - แยกอาเซียน,325+373,3748 ,299 ,18 ,7 ,25 ,1794 ,196 ,50 ,45 ,24 ,6206 ,6.68 ,0 ,777 ,ขท.เพชรบูรณ์ที่ 1,เพชรบูรณ์
12,601,เข็กน้อย - แยกอาเซียน,343+373,2456 ,672 ,82 ,1 ,43 ,3263 ,267 ,117 ,66 ,7 ,6974 ,4.75 ,1 ,1013 ,ขท.เพชรบูรณ์ที่ 1,เพชรบูรณ์
12,602,แยกอาเซียน - น้ำดุก,357+943,2296 ,1447 ,14 ,5 ,1 ,7329 ,482 ,447 ,185 ,122 ,12328 ,9.75 ,28 ,1815 ,ขท.เพชรบูรณ์ที่ 1,เพชรบูรณ์
12,603,น้ำดุก - ห้วยซำมะคาว,383+989,1310 ,615 ,0 ,0 ,1 ,2060 ,166 ,17 ,2 ,9 ,4180 ,5.16 ,0 ,369 ,ขท.เพชรบูรณ์ที่ 1,เพชรบูรณ์
12,603,น้ำดุก - ห้วยซำมะคาว,409+043,1313 ,639 ,13 ,0 ,1 ,2252 ,174 ,18 ,2 ,9 ,4421 ,4.97 ,0 ,408 ,ขท.เพชรบูรณ์ที่ 1,เพชรบูรณ์
12,701,ห้วยซำมะคาว - ร่องแซง,436+385,983 ,782 ,8 ,13 ,12 ,2443 ,233 ,41 ,321 ,221 ,5057 ,17.90 ,12 ,670 ,ขท.ขอนแก่นที่ 2 (ชุมแพ),ชัยภูมิ
12,702,ร่องแซง - หนองแก,469+996,18321 ,5800 ,268 ,331 ,363 ,4809 ,975 ,1194 ,1312 ,1193 ,34566 ,12.58 ,91 ,4407 ,ขท.ขอนแก่นที่ 2 (ชุมแพ),ขอนแก่น
12,702,ร่องแซง - หนองแก,472+549,32348 ,5331 ,120 ,123 ,149 ,3873 ,683 ,719 ,764 ,629 ,44739 ,9.66 ,62 ,4392 ,ขท.ขอนแก่นที่ 2 (ชุมแพ),ขอนแก่น
12,703,หนองแก - บ้านฝาง,508+049,6750 ,2013 ,87 ,46 ,141 ,13584 ,402 ,396 ,367 ,351 ,24137 ,7.03 ,122 ,3210 ,ขท.ขอนแก่นที่ 2 (ชุมแพ),ขอนแก่น
12,703,หนองแก - บ้านฝาง,532+149,6701 ,2613 ,211 ,127 ,115 ,8458 ,393 ,272 ,353 ,237 ,19480 ,7.53 ,32 ,2252 ,ขท.ขอนแก่นที่ 2 (ชุมแพ),ขอนแก่น
12,801,บ้านฝาง - ขอนแก่น,545+249,23446 ,12112 ,574 ,356 ,281 ,6057 ,1086 ,922 ,910 ,823 ,46567 ,8.63 ,31 ,5388 ,ขท.ขอนแก่นที่ 1,ขอนแก่น
12,802,ขอนแก่น - พรหมนิมิตร,562+054,6645 ,5147 ,298 ,155 ,510 ,12129 ,491 ,326 ,340 ,278 ,26319 ,8.35 ,17 ,5869 ,ขท.ขอนแก่นที่ 1,ขอนแก่น
12,803,พรหมนิมิตร - ห้วยสีดา,584+354,5134 ,1858 ,17 ,15 ,14 ,5210 ,31 ,22 ,18 ,11 ,12330 ,0.84 ,14 ,3916 ,ขท.ขอนแก่นที่ 1,มหาสารคาม
12,901,ห้วยสีดา - ลำน้ำพาน,599+554,4568 ,4707 ,47 ,18 ,10 ,5373 ,2848 ,1382 ,1011 ,45 ,20009 ,28.81 ,24 ,2532 ,ขท.กาฬสินธุ์,กาฬสินธุ์
12,901,ห้วยสีดา - ลำน้ำพาน,620+666,5946 ,9698 ,202 ,27 ,20 ,2823 ,1422 ,516 ,363 ,285 ,21302 ,15.68 ,21 ,2167 ,ขท.กาฬสินธุ์,กาฬสินธุ์
12,902,ลำน้ำพาน - บ้านหลุบ,630+016,952 ,695 ,49 ,32 ,30 ,1033 ,273 ,114 ,255 ,103 ,3536 ,21.25 ,34 ,869 ,ขท.กาฬสินธุ์,กาฬสินธุ์
12,903,บ้านหลุบ - นาไคร้,647+300,2125 ,2288 ,4 ,4 ,9 ,636 ,369 ,279 ,202 ,101 ,6017 ,18.00 ,3 ,1140 ,ขท.กาฬสินธุ์,กาฬสินธุ์
12,1000,นาไคร้ - ขุมขี้ยาง,707+000,1961 ,468 ,44 ,39 ,84 ,2554 ,259 ,217 ,291 ,179 ,6096 ,13.85 ,85 ,605 ,ขท.สกลนครที่ 1,กาฬสินธุ์
12,1101,ขุมขี้ยาง - โพนทราย,733+000,5274 ,3894 ,40 ,25 ,67 ,6088 ,143 ,171 ,187 ,155 ,16044 ,4.57 ,66 ,3445 ,ขท.มุกดาหาร,มุกดาหาร
12,1102,โพนทราย - มุกดาหาร,770+353,6333 ,4054 ,346 ,67 ,234 ,7105 ,90 ,49 ,41 ,29 ,18348 ,2.88 ,70 ,4971 ,ขท.มุกดาหาร,มุกดาหาร
21,100,สามแยกพุแค - สะพานพุแค,0+300,4666 ,4872 ,333 ,366 ,375 ,2001 ,1538 ,1542 ,2810 ,2689 ,21192 ,45.95 ,15 ,1505 ,ขท.สระบุรี,สระบุรี
21,200,สะพานพุแค - แยกมะนาวหวาน,4+800,7086 ,6884 ,1678 ,1474 ,1119 ,2695 ,2207 ,1931 ,1927 ,1799 ,28800 ,36.72 ,48 ,3646 ,ขท.ลพบุรีที่ 1,สระบุรี
21,200,สะพานพุแค - แยกมะนาวหวาน,23+065,7196 ,7111 ,1034 ,1264 ,1057 ,2659 ,2467 ,2057 ,2109 ,2157 ,29111 ,38.52 ,53 ,3576 ,ขท.ลพบุรีที่ 1,ลพบุรี
21,301,แยกมะนาวหวาน - ม่วงค่อม,42+550,4250 ,2936 ,64 ,132 ,108 ,1065 ,800 ,845 ,622 ,427 ,11249 ,25.66 ,0 ,298 ,ขท.ลพบุรีที่ 2 (ลำนารายณ์),ลพบุรี
21,302,ม่วงค่อม - คลองกระจัง,72+000,9256 ,730 ,432 ,118 ,59 ,2449 ,582 ,455 ,809 ,445 ,15335 ,17.32 ,6 ,1969 ,ขท.ลพบุรีที่ 2 (ลำนารายณ์),ลพบุรี
21,402,ศรีเทพ - ซับสมอทอด,118+800,5657 ,4667 ,289 ,273 ,156 ,7188 ,899 ,712 ,657 ,461 ,20959 ,15.29 ,43 ,3726 ,ขท.เพชรบูรณ์ที่ 2 (บึงสามพัน),เพชรบูรณ์
21,403,ซับสมอทอด - หนองไผ่,139+600,4543 ,1092 ,76 ,25 ,22 ,3781 ,448 ,393 ,268 ,205 ,10853 ,12.69 ,35 ,3070 ,ขท.เพชรบูรณ์ที่ 2 (บึงสามพัน),เพชรบูรณ์
21,404,หนองไผ่ - นาเฉลียง,161+375,2817 ,832 ,111 ,61 ,57 ,1993 ,749 ,300 ,174 ,143 ,7237 ,20.44 ,43 ,1628 ,ขท.เพชรบูรณ์ที่ 2 (บึงสามพัน),เพชรบูรณ์
21,405,นาเฉลียง - วังชมภู,182+000,5030 ,691 ,96 ,53 ,84 ,945 ,213 ,343 ,220 ,124 ,7799 ,13.00 ,24 ,950 ,ขท.เพชรบูรณ์ที่ 2 (บึงสามพัน),เพชรบูรณ์
21,501,วังชมภู - บ้านโตก,204+000,6875 ,3904 ,61 ,13 ,142 ,1901 ,584 ,304 ,252 ,192 ,14228 ,9.72 ,20 ,4079 ,ขท.เพชรบูรณ์ที่ 1,เพชรบูรณ์
21,502,บ้านโตก - หัวนา,234+944,4217 ,4155 ,68 ,50 ,158 ,4534 ,105 ,88 ,81 ,80 ,13536 ,4.27 ,38 ,3375 ,ขท.เพชรบูรณ์ที่ 1,เพชรบูรณ์
21,503,หัวนา - สักหลง,254+884,3921 ,1889 ,62 ,3 ,42 ,7890 ,615 ,670 ,274 ,164 ,15530 ,10.35 ,22 ,2642 ,ขท.เพชรบูรณ์ที่ 1,เพชรบูรณ์
21,503,หัวนา - สักหลง,260+137,1483 ,1109 ,0 ,0 ,0 ,3674 ,509 ,311 ,270 ,185 ,7541 ,17.96 ,38 ,1072 ,ขท.เพชรบูรณ์ที่ 1,เพชรบูรณ์
21,504,สักหลง - กกกะทอน,274+011,3061 ,232 ,50 ,3 ,15 ,674 ,191 ,67 ,85 ,13 ,4391 ,9.82 ,70 ,1248 ,ขท.เพชรบูรณ์ที่ 1,เพชรบูรณ์
21,504,สักหลง - กกกะทอน,282+793,2845 ,374 ,22 ,18 ,10 ,1395 ,183 ,58 ,56 ,43 ,5004 ,6.93 ,55 ,1226 ,ขท.เพชรบูรณ์ที่ 1,เพชรบูรณ์
21,505,กกกะทอน - ด่านดู่,295+030,2095 ,245 ,16 ,21 ,15 ,1214 ,230 ,163 ,81 ,40 ,4120 ,15.82 ,14 ,937 ,ขท.เพชรบูรณ์ที่ 1,เพชรบูรณ์
21,601,ด่านดู่ - โคกงาม,312+874,1535 ,1363 ,26 ,14 ,10 ,895 ,56 ,29 ,43 ,28 ,3999 ,5.65 ,6 ,1517 ,ขท.เลยที่ 2 (ด่านซ้าย),เลย
21,602,โคกงาม - หนองบง,355+374,2872 ,2781 ,98 ,62 ,54 ,1696 ,844 ,771 ,690 ,658 ,10526 ,29.52 ,27 ,1576 ,ขท.เลยที่ 2 (ด่านซ้าย),เลย
21,603,หนองบง - ภูสวรรค์,376+774,4329 ,108 ,11 ,9 ,5 ,31 ,29 ,22 ,15 ,11 ,4570 ,1.02 ,5 ,575 ,ขท.เลยที่ 2 (ด่านซ้าย),เลย
21,700,ภูสวรรค์ - เลย,402+874,4403 ,1967 ,18 ,11 ,9 ,1080 ,5 ,4 ,6 ,3 ,7506 ,0.69 ,30 ,2918 ,ขท.เลยที่ 1,เลย
22,201,หนองขาม - หนองหาน,8+000,14038 ,3424 ,15 ,12 ,55 ,15206 ,2063 ,2162 ,1453 ,914 ,39342 ,14.39 ,46 ,11254 ,ขท.อุดรธานีที่ 2 (หนองหาน),อุดรธานี
22,201,หนองขาม - หนองหาน,21+300,11620 ,2489 ,18 ,28 ,53 ,12479 ,1973 ,1343 ,1208 ,983 ,32194 ,19.25 ,35 ,7925 ,ขท.อุดรธานีที่ 2 (หนองหาน),อุดรธานี
22,202,หนองหาน - บ้านยา,54+328,4648 ,4169 ,934 ,657 ,861 ,3947 ,1557 ,1558 ,1311 ,1355 ,20997 ,34.44 ,520 ,2630 ,ขท.อุดรธานีที่ 2 (หนองหาน),อุดรธานี
22,301,บ้านยา - สว่างแดนดิน,60+421,1696 ,1263 ,46 ,5 ,62 ,2870 ,213 ,196 ,288 ,241 ,6880 ,17.39 ,7 ,373 ,ขท.สกลนครที่ 2 (สว่างแดนดิน),สกลนคร
22,301,บ้านยา - สว่างแดนดิน,80+071,6546 ,1977 ,82 ,36 ,63 ,7026 ,557 ,219 ,168 ,224 ,16898 ,6.96 ,19 ,3789 ,ขท.สกลนครที่ 2 (สว่างแดนดิน),สกลนคร
22,302,สว่างแดนดิน - สูงเนิน,103+820,3422 ,544 ,1 ,0 ,56 ,5941 ,378 ,149 ,168 ,222 ,10881 ,9.09 ,15 ,2337 ,ขท.สกลนครที่ 2 (สว่างแดนดิน),สกลนคร
22,302,สว่างแดนดิน - สูงเนิน,114+421,3313 ,1016 ,2 ,0 ,50 ,6948 ,493 ,168 ,218 ,193 ,12401 ,10.13 ,6 ,1005 ,ขท.สกลนครที่ 2 (สว่างแดนดิน),สกลนคร
22,302,สว่างแดนดิน - สูงเนิน,135+021,2191 ,1066 ,57 ,17 ,70 ,4977 ,288 ,143 ,244 ,82 ,9135 ,6.84 ,50 ,841 ,ขท.สกลนครที่ 2 (สว่างแดนดิน),สกลนคร
22,401,สูงเนิน - ท่าแร่,145+020,3521 ,3159 ,308 ,233 ,217 ,6458 ,582 ,291 ,324 ,151 ,15244 ,12.82 ,164 ,2679 ,ขท.สกลนครที่ 1,สกลนคร
22,401,สูงเนิน - ท่าแร่,156+720,4460 ,3619 ,512 ,308 ,288 ,10071 ,762 ,378 ,371 ,299 ,21068 ,10.78 ,335 ,5307 ,ขท.สกลนครที่ 1,สกลนคร
22,402,ท่าแร่ - โชคอำนวย,189+520,1066 ,803 ,30 ,24 ,39 ,2112 ,181 ,96 ,52 ,83 ,4486 ,9.80 ,3 ,997 ,ขท.สกลนครที่ 1,สกลนคร
22,402,ท่าแร่ - โชคอำนวย,195+520,995 ,676 ,4 ,1 ,24 ,1835 ,157 ,99 ,52 ,55 ,3898 ,9.26 ,9 ,651 ,ขท.สกลนครที่ 1,สกลนคร
22,502,กุรุคุ - นครพนม,234+996,9618 ,472 ,90 ,48 ,62 ,258 ,265 ,132 ,152 ,43 ,11140 ,6.29 ,67 ,3568 ,ขท.นครพนม,นครพนม
23,100,บ้านไผ่ - ไพศาล,5+185,6723 ,497 ,70 ,41 ,95 ,9029 ,853 ,512 ,427 ,581 ,18828 ,13.87 ,16 ,2697 ,ขท.ขอนแก่นที่ 3 (บ้านไผ่),ขอนแก่น
23,201,ไพศาล - บรบือ,17+835,3048 ,2968 ,49 ,45 ,56 ,1296 ,1082 ,912 ,933 ,796 ,11185 ,34.99 ,0 ,1344 ,ขท.มหาสารคาม,มหาสารคาม
23,201,ไพศาล - บรบือ,22+435,6002 ,1403 ,54 ,29 ,48 ,1533 ,1076 ,793 ,608 ,216 ,11762 ,18.47 ,0 ,1489 ,ขท.มหาสารคาม,มหาสารคาม
23,201,ไพศาล - บรบือ,41+435,4253 ,3792 ,39 ,38 ,55 ,1524 ,1339 ,1307 ,1141 ,824 ,14312 ,30.11 ,23 ,1446 ,ขท.มหาสารคาม,มหาสารคาม
23,201,ไพศาล - บรบือ,43+670,5032 ,4821 ,45 ,33 ,48 ,1207 ,962 ,778 ,722 ,420 ,14068 ,22.06 ,0 ,1566 ,ขท.มหาสารคาม,มหาสารคาม
23,203,หนองจิก - ห้วยแอ่ง,65+780,10839 ,8035 ,123 ,82 ,73 ,3326 ,349 ,203 ,169 ,94 ,23293 ,4.06 ,32 ,4551 ,ขท.มหาสารคาม,มหาสารคาม
23,203,หนองจิก - ห้วยแอ่ง,67+271,7106 ,6460 ,110 ,86 ,103 ,8712 ,397 ,111 ,98 ,85 ,23268 ,4.12 ,49 ,6682 ,ขท.มหาสารคาม,มหาสารคาม
23,203,หนองจิก - ห้วยแอ่ง,82+071,7416 ,7232 ,97 ,86 ,82 ,7131 ,840 ,667 ,159 ,105 ,23815 ,8.98 ,46 ,6111 ,ขท.มหาสารคาม,มหาสารคาม
23,301,ห้วยแอ่ง - ร้อยเอ็ด,101+571,17020 ,1855 ,1088 ,418 ,595 ,2431 ,1171 ,492 ,341 ,310 ,25721 ,12.98 ,38 ,9361 ,ขท.ร้อยเอ็ด,ร้อยเอ็ด
23,302,ร้อยเอ็ด - เสลภูมิ,114+412,6270 ,6756 ,166 ,134 ,101 ,588 ,94 ,59 ,36 ,31 ,14235 ,3.33 ,59 ,3048 ,ขท.ร้อยเอ็ด,ร้อยเอ็ด
23,302,ร้อยเอ็ด - เสลภูมิ,117+412,7016 ,7550 ,217 ,170 ,128 ,933 ,91 ,62 ,38 ,31 ,16236 ,3.27 ,59 ,3531 ,ขท.ร้อยเอ็ด,ร้อยเอ็ด
23,401,เสลภูมิ - ยโสธร,149+237,6909 ,1633 ,25 ,5 ,36 ,92 ,314 ,162 ,163 ,93 ,9432 ,5.32 ,25 ,2050 ,ขท.ยโสธร,ร้อยเอ็ด
23,401,เสลภูมิ - ยโสธร,175+412,13397 ,1455 ,136 ,41 ,67 ,1946 ,900 ,210 ,198 ,184 ,18534 ,12.10 ,41 ,3511 ,ขท.ยโสธร,ยโสธร
23,402,ยโสธร - บ้านย่อ,184+449,5689 ,2552 ,119 ,96 ,133 ,4925 ,598 ,367 ,232 ,150 ,14861 ,11.04 ,81 ,4923 ,ขท.ยโสธร,ยโสธร
23,403,บ้านย่อ - บ้านสวน,193+012,6740 ,6306 ,106 ,85 ,88 ,2243 ,1794 ,114 ,70 ,61 ,17607 ,12.92 ,121 ,2381 ,ขท.ยโสธร,ยโสธร
23,403,บ้านย่อ - บ้านสวน,201+912,5773 ,4936 ,64 ,58 ,64 ,2318 ,1722 ,58 ,47 ,42 ,15082 ,12.64 ,56 ,2300 ,ขท.ยโสธร,ยโสธร
23,501,บ้านสวน - เขื่องใน,234+750,3485 ,1040 ,125 ,88 ,67 ,1803 ,489 ,224 ,313 ,148 ,7782 ,15.51 ,29 ,1140 ,ขท.อุบลราชธานีที่ 1,อุบลราชธานี
23,502,เขื่องใน - อุบลราชธานี,265+637,6653 ,2700 ,32 ,32 ,26 ,4286 ,69 ,45 ,38 ,34 ,13915 ,1.91 ,20 ,2212 ,ขท.อุบลราชธานีที่ 1,อุบลราชธานี
24,201,ซับประดู่ - สี่แยกปักธงชัย,10+000,5173 ,1476 ,11 ,79 ,20 ,7547 ,990 ,961 ,1105 ,1064 ,18426 ,22.61 ,7 ,756 ,ขท.นครราชสีมาที่ 3,นครราชสีมา
24,202,สี่แยกปักธงชัย - สี่แยกโชคชัย,50+000,7028 ,6420 ,899 ,865 ,919 ,6211 ,2516 ,2485 ,2441 ,2403 ,32187 ,35.83 ,281 ,4150 ,ขท.นครราชสีมาที่ 3,นครราชสีมา
24,203,สี่แยกโชคชัย - หนองมัน,70+097,7477 ,6301 ,569 ,563 ,485 ,1362 ,1070 ,1302 ,1365 ,1431 ,21925 ,29.09 ,77 ,1538 ,ขท.นครราชสีมาที่ 3,นครราชสีมา
24,301,หนองมัน - หนองกี่,88+497,3739 ,1525 ,183 ,46 ,98 ,6569 ,969 ,792 ,794 ,723 ,15438 ,23.90 ,31 ,771 ,ขท.บุรีรัมย์,บุรีรัมย์
24,302,หนองกี่ - นางรอง,95+597,5426 ,3599 ,210 ,25 ,117 ,6415 ,683 ,630 ,635 ,550 ,18290 ,13.31 ,10 ,1164 ,ขท.บุรีรัมย์,บุรีรัมย์
24,303,นางรอง - โคกตะแบก,126+700,6223 ,4236 ,20 ,19 ,101 ,8814 ,764 ,746 ,763 ,806 ,22492 ,11.09 ,26 ,2703 ,ขท.บุรีรัมย์,บุรีรัมย์
24,304,โคกตะแบก - ประโคนชัย,142+797,5162 ,1356 ,55 ,67 ,454 ,3878 ,779 ,818 ,878 ,406 ,13853 ,24.81 ,22 ,1460 ,ขท.บุรีรัมย์,บุรีรัมย์
24,305,ประโคนชัย - จรอกใหญ่,160+933,5002 ,1538 ,46 ,40 ,177 ,3735 ,745 ,849 ,705 ,753 ,13590 ,23.86 ,20 ,1392 ,ขท.บุรีรัมย์,บุรีรัมย์
24,401,จรอกใหญ่ - กระเทียม,182+289,4239 ,2499 ,86 ,23 ,133 ,1911 ,708 ,447 ,665 ,726 ,11437 ,22.23 ,3 ,1179 ,ขท.สุรินทร์,สุรินทร์
24,401,จรอกใหญ่ - กระเทียม,197+184,1998 ,582 ,39 ,2 ,52 ,2700 ,346 ,292 ,882 ,85 ,6978 ,23.31 ,12 ,1259 ,ขท.สุรินทร์,สุรินทร์
24,402,กระเทียม - ห้วยสำราญ,240+584,1204 ,1002 ,3 ,1 ,15 ,1517 ,484 ,484 ,334 ,391 ,5435 ,29.33 ,1 ,1043 ,ขท.สุรินทร์,สุรินทร์
24,402,กระเทียม - ห้วยสำราญ,250+246,3107 ,1672 ,184 ,126 ,166 ,1935 ,655 ,488 ,786 ,577 ,9696 ,23.08 ,9 ,563 ,ขท.สุรินทร์,สุรินทร์
24,501,ห้วยสำราญ - แยกโคกตาล,279+198,4396 ,874 ,4 ,9 ,53 ,982 ,505 ,342 ,539 ,367 ,8071 ,23.79 ,2 ,702 ,ขท.ศรีสะเกษที่ 1,ศรีสะเกษ
24,601,หัวช้าง - แยกการช่าง,304+298,2035 ,4370 ,9 ,4 ,25 ,1190 ,588 ,486 ,521 ,575 ,9803 ,19.49 ,20 ,658 ,ขท.ศรีสะเกษที่ 2,ศรีสะเกษ
24,602,แยกการช่าง - นากระแซง,326+480,4252 ,269 ,32 ,28 ,31 ,457 ,330 ,276 ,237 ,112 ,6024 ,12.63 ,17 ,1004 ,ขท.ศรีสะเกษที่ 2,ศรีสะเกษ
24,602,แยกการช่าง - นากระแซง,330+998,3894 ,437 ,14 ,12 ,15 ,222 ,293 ,249 ,302 ,140 ,5578 ,20.09 ,11 ,567 ,ขท.ศรีสะเกษที่ 2,ศรีสะเกษ
24,702,เดชอุดม - อุบลราชธานี,398+643,4698 ,3229 ,102 ,86 ,69 ,8798 ,636 ,390 ,132 ,66 ,18206 ,9.07 ,55 ,5265 ,ขท.อุบลราชธานีที่ 2,อุบลราชธานี
24,702,เดชอุดม - อุบลราชธานี,418+943,15249 ,3351 ,552 ,197 ,179 ,13261 ,563 ,354 ,112 ,35 ,33853 ,4.77 ,82 ,11763 ,ขท.อุบลราชธานีที่ 2,อุบลราชธานี
32,101,บางปะอิน - อยุธยา,1+243,40771 ,9621 ,12343 ,9446 ,4486 ,31099 ,5369 ,5704 ,3058 ,2493 ,124390 ,25.85 ,78 ,4514 ,ขท.อยุธยา,พระนครศรีอยุธยา
32,102,อยุธยา - นครหลวง,19+393,15160 ,11104 ,3196 ,3135 ,3917 ,4307 ,4082 ,3846 ,2201 ,545 ,51493 ,37.18 ,0 ,7231 ,ขท.อยุธยา,พระนครศรีอยุธยา
32,201,นครหลวง - อ่างทอง,42+500,26999 ,9122 ,768 ,606 ,530 ,25137 ,3180 ,2069 ,2944 ,3991 ,75346 ,15.96 ,7 ,1014 ,ขท.อ่างทอง,พระนครศรีอยุธยา
32,202,อ่างทอง - ไชโย,49+087,28406 ,12304 ,454 ,389 ,392 ,6721 ,2176 ,1731 ,2441 ,1544 ,56558 ,17.35 ,17 ,1483 ,ขท.อ่างทอง,อ่างทอง
32,302,สิงห์ใต้ - บ้านไร่,84+000,9617 ,2618 ,62 ,267 ,183 ,6888 ,1776 ,2236 ,3502 ,3462 ,30611 ,33.52 ,19 ,556 ,ขท.สิงห์บุรี,สิงห์บุรี
32,400,โพนางดำออก - ท่าฉนวน,130+000,15679 ,3977 ,37 ,120 ,186 ,2999 ,1726 ,1474 ,2472 ,2848 ,31518 ,28.16 ,9 ,393 ,ขท.ชัยนาท,ชัยนาท
32,400,โพนางดำออก - ท่าฉนวน,133+000,12789 ,8914 ,39 ,64 ,128 ,3211 ,2564 ,3048 ,4594 ,4808 ,40159 ,36.90 ,7 ,314 ,ขท.ชัยนาท,ชัยนาท
32,400,โพนางดำออก - ท่าฉนวน,139+625,9016 ,7949 ,2 ,110 ,192 ,2426 ,1630 ,2377 ,2669 ,2940 ,29311 ,38.11 ,11 ,344 ,ขท.ชัยนาท,ชัยนาท
33,100,สุพรรณบุรี - นาคู,1+333,8698 ,312 ,71 ,54 ,56 ,9683 ,325 ,249 ,112 ,48 ,19608 ,5.16 ,53 ,5699 ,ขท.สุพรรณบุรีที่ 1,สุพรรณบุรี
33,202,ป่าโมก - บางปะหัน,46+242,1492 ,894 ,142 ,127 ,93 ,1349 ,421 ,453 ,853 ,832 ,6656 ,42.68 ,2 ,687 ,ขท.อ่างทอง,พระนครศรีอยุธยา
33,300,บางปะหัน - โคกแดง,67+049,6804 ,887 ,92 ,249 ,215 ,617 ,748 ,1047 ,1627 ,1300 ,13586 ,38.19 ,18 ,1138 ,ขท.อยุธยา,พระนครศรีอยุธยา
33,401,โคกแดง - หินกอง,79+748,4924 ,4384 ,75 ,63 ,64 ,7930 ,909 ,746 ,807 ,207 ,20109 ,12.84 ,49 ,4144 ,ขท.สระบุรี,สระบุรี
33,402,หินกอง - คลองยาง,104+515,5626 ,2469 ,247 ,46 ,93 ,4319 ,2477 ,2354 ,2302 ,1974 ,21907 ,42.02 ,32 ,3233 ,ขท.สระบุรี,สระบุรี
33,501,คลองยาง - นครนายก,114+915,4626 ,4775 ,915 ,922 ,874 ,3576 ,3145 ,3234 ,3218 ,3355 ,28640 ,51.38 ,153 ,3421 ,ขท.นครนายก,นครนายก
33,502,นครนายก - จิกสูง,134+515,11089 ,2777 ,620 ,346 ,697 ,982 ,1113 ,985 ,870 ,732 ,20211 ,23.54 ,156 ,2769 ,ขท.นครนายก,นครนายก
33,602,ประจันตคาม - พระปรง,217+177,4983 ,2610 ,88 ,50 ,68 ,3505 ,946 ,999 ,930 ,632 ,14811 ,21.56 ,16 ,1210 ,ขท.ปราจีนบุรี,ปราจีนบุรี
33,701,พระปรง - โนนจิก,229+177,3530 ,2306 ,112 ,111 ,253 ,2147 ,693 ,608 ,583 ,514 ,10857 ,23.41 ,63 ,1345 ,ขท.สระแก้ว (วัฒนานคร),สระแก้ว
33,702,โนนจิก - อรัญประเทศ(เขตแดนไทย/กัมพูชา),278+500,7870 ,2466 ,420 ,324 ,268 ,3739 ,863 ,944 ,695 ,660 ,18249 ,18.56 ,394 ,2960 ,ขท.สระแก้ว (วัฒนานคร),สระแก้ว
34,101,บางนา - ทางเข้าท่าอากาศยานสุวรรณภูมิ,3+904,123805 ,29052 ,2089 ,7 ,9196 ,32136 ,2157 ,3911 ,7697 ,0 ,210050 ,10.19 ,3 ,24831 ,ขท.สมุทรปราการ,กรุงเทพมหานคร
34,102,ทางเข้าท่าอากาศยานสุวรรณภูมิ - บางวัว,15+100,62871 ,47395 ,383 ,6395 ,6855 ,65393 ,16353 ,15275 ,14435 ,14867 ,250222 ,29.74 ,0 ,4874 ,ขท.สมุทรปราการ,สมุทรปราการ
34,200,บางวัว - บางปะกง,42+460,14862 ,12978 ,10933 ,10818 ,10796 ,13576 ,12045 ,11390 ,11036 ,9647 ,118081 ,55.57 ,0 ,8708 ,ขท.ฉะเชิงเทรา,ฉะเชิงเทรา
34,200,บางวัว - บางปะกง,46+200,11849 ,11525 ,9326 ,9586 ,9697 ,11225 ,10528 ,9778 ,9482 ,8789 ,101785 ,57.85 ,0 ,7916 ,ขท.ฉะเชิงเทรา,ฉะเชิงเทรา
34,300,บางปะกง - หนองไม้แดง,55+528,13863 ,10731 ,1633 ,1325 ,2014 ,13599 ,8849 ,7289 ,5375 ,6222 ,70900 ,44.21 ,31 ,5873 ,ขท.ชลบุรีที่ 1,ชลบุรี
35,100,ดาวคะนอง - แสมดำ,6+500,145131 ,43246 ,250 ,154 ,538 ,45402 ,11558 ,7784 ,3390 ,1824 ,259277 ,10.14 ,15 ,4523 ,ขท.ธนบุรี,กรุงเทพมหานคร
35,201,แสมดำ - สะพานข้ามแม่น้ำท่าจีนฝั่งตะวันตก,24+550,27768 ,22412 ,1133 ,1865 ,1336 ,36957 ,10828 ,14207 ,13384 ,13226 ,143116 ,37.38 ,55 ,5685 ,ขท.สมุทรสาคร,สมุทรสาคร
35,202,สะพานข้ามแม่น้ำท่าจีนฝั่งตะวันตก - นาโคก,30+700,33122 ,27500 ,303 ,990 ,505 ,35735 ,11578 ,15045 ,12440 ,12567 ,149785 ,35.77 ,133 ,20080 ,ขท.สมุทรสาคร,สมุทรสาคร
35,301,นาโคก - แพรกหนามแดง,62+150,10682 ,8116 ,373 ,4865 ,6372 ,11365 ,6255 ,4921 ,5678 ,5620 ,64247 ,50.69 ,243 ,5389 ,ขท.สมุทรสงคราม,สมุทรสงคราม
35,302,แพรกหนามแดง - วังมะนาว,82+833,12736 ,12375 ,3762 ,5210 ,6749 ,12424 ,9198 ,8609 ,6184 ,5403 ,82650 ,48.63 ,52 ,6538 ,ขท.สมุทรสงคราม,ราชบุรี
36,101,กระทิงลาย - บ้านโป่ง,2+000,14461 ,6362 ,37 ,55 ,280 ,12576 ,948 ,1198 ,1412 ,2974 ,40303 ,18.34 ,20 ,2826 ,ขท.ชลบุรีที่ 2,ชลบุรี
36,102,บ้านโป่ง - มะขามคู่,14+000,11332 ,9417 ,1973 ,1899 ,2300 ,5345 ,4608 ,5289 ,5415 ,4564 ,52142 ,46.81 ,0 ,1004 ,ขท.ชลบุรีที่ 2,ชลบุรี
36,202,มาบข่า - ทับมา,37+087,7072 ,6664 ,184 ,183 ,79 ,7441 ,980 ,1370 ,2197 ,955 ,27125 ,21.03 ,9 ,3257 ,ขท.ระยอง,ระยอง
36,202,มาบข่า - ทับมา,42+145,21419 ,17007 ,278 ,192 ,109 ,15405 ,1932 ,2587 ,3131 ,1548 ,63608 ,15.00 ,10 ,3928 ,ขท.ระยอง,ระยอง
36,203,ทับมา - ปลวกเกตุ,56+369,6135 ,4802 ,74 ,307 ,124 ,8623 ,1032 ,1118 ,993 ,1092 ,24300 ,16.96 ,11 ,3489 ,ขท.ระยอง,ระยอง
37,100,ชะอำ - วังโบสถ์,0+500,10573 ,9137 ,2029 ,1943 ,1883 ,2121 ,2115 ,1931 ,1877 ,1844 ,35453 ,33.50 ,32 ,2090 ,ขท.เพชรบุรี,เพชรบุรี
41,102,เขาบ่อ - ท่าทอง,22+200,4349 ,4220 ,253 ,264 ,263 ,13846 ,1940 ,1927 ,1896 ,1881 ,30839 ,26.55 ,15 ,2110 ,ขท.ชุมพร,ชุมพร
41,102,เขาบ่อ - ท่าทอง,52+500,4124 ,4018 ,200 ,218 ,226 ,13181 ,1827 ,1813 ,1809 ,1782 ,29198 ,26.41 ,13 ,2051 ,ขท.ชุมพร,ชุมพร
41,103,ท่าทอง - สวนสมบูรณ์,65+450,5210 ,2301 ,26 ,10 ,97 ,5814 ,1104 ,1085 ,1184 ,1332 ,18163 ,22.13 ,5 ,1593 ,ขท.ชุมพร,ชุมพร
41,103,ท่าทอง - สวนสมบูรณ์,78+200,3290 ,1022 ,205 ,128 ,190 ,3243 ,881 ,1153 ,1077 ,1165 ,12354 ,35.63 ,20 ,937 ,ขท.ชุมพร,ชุมพร
41,202,เกาะมุกข์ - ควนรา,123+000,7246 ,5948 ,53 ,99 ,109 ,3562 ,2547 ,3048 ,2693 ,2409 ,27714 ,40.28 ,1 ,1562 ,ขท.สุราษฎร์ธานีที่ 1 ,สุราษฎร์ธานี
41,202,เกาะมุกข์ - ควนรา,139+726,4527 ,3174 ,18 ,44 ,60 ,3222 ,746 ,705 ,665 ,613 ,13774 ,21.49 ,0 ,889 ,ขท.สุราษฎร์ธานีที่ 1 ,สุราษฎร์ธานี
41,300,ท่าโรงช้าง - ท่าชี,172+726,5050 ,4335 ,360 ,260 ,212 ,6812 ,1389 ,1431 ,1289 ,988 ,22126 ,25.31 ,16 ,2793 ,ขท.สุราษฎร์ธานีที่ 2 (กาญจนดิษฐ์),สุราษฎร์ธานี
41,400,ท่าชี - ถ้ำพรรณรา,211+803,8588 ,7934 ,81 ,72 ,207 ,5842 ,3468 ,3475 ,3608 ,3636 ,36911 ,38.57 ,59 ,3361 ,ขท.สุราษฎร์ธานีที่ 3 (เวียงสระ),สุราษฎร์ธานี
41,400,ท่าชี - ถ้ำพรรณรา,225+603,9415 ,9262 ,0 ,90 ,249 ,5370 ,3893 ,3792 ,3611 ,3615 ,39297 ,38.88 ,56 ,5362 ,ขท.สุราษฎร์ธานีที่ 3 (เวียงสระ),สุราษฎร์ธานี
41,400,ท่าชี - ถ้ำพรรณรา,227+976,8218 ,9022 ,0 ,0 ,209 ,6813 ,5242 ,4653 ,4236 ,3494 ,41887 ,42.10 ,95 ,6317 ,ขท.สุราษฎร์ธานีที่ 3 (เวียงสระ),สุราษฎร์ธานี
41,501,ถ้ำพรรณรา - ทุ่งสง,291+210,9337 ,1889 ,72 ,13 ,27 ,8007 ,1476 ,1614 ,1639 ,1548 ,25622 ,24.83 ,8 ,3644 ,ขท.นครศรีธรรมราชที่ 2 (ทุ่งสง),นครศรีธรรมราช
41,502,ทุ่งสง - ร่อนพิบูลย์,314+986,4487 ,3929 ,160 ,142 ,118 ,8206 ,1567 ,1696 ,1677 ,1567 ,23549 ,28.51 ,2 ,2520 ,ขท.นครศรีธรรมราชที่ 2 (ทุ่งสง),นครศรีธรรมราช
41,503,ร่อนพิบูลย์ - ไม้เสียบ,329+486,4458 ,3902 ,53 ,12 ,21 ,7360 ,827 ,1035 ,1232 ,1611 ,20511 ,23.12 ,36 ,1289 ,ขท.นครศรีธรรมราชที่ 2 (ทุ่งสง),นครศรีธรรมราช
41,503,ร่อนพิบูลย์ - ไม้เสียบ,348+386,4742 ,3471 ,52 ,24 ,42 ,7412 ,817 ,1053 ,1103 ,1546 ,20262 ,22.36 ,34 ,1176 ,ขท.นครศรีธรรมราชที่ 2 (ทุ่งสง),นครศรีธรรมราช
41,601,ไม้เสียบ - สี่แยกโพธิ์ทอง,363+061,4695 ,2598 ,71 ,153 ,78 ,6338 ,840 ,755 ,601 ,1142 ,17271 ,19.17 ,4 ,1736 ,ขท.พัทลุง,พัทลุง
42,100,คลองแงะ - นาจวก,10+480,1405 ,838 ,77 ,54 ,11 ,777 ,345 ,262 ,295 ,289 ,4353 ,25.98 ,2 ,1096 ,ขท.สงขลาที่ 2 (นาหม่อม),สงขลา
42,100,คลองแงะ - นาจวก,27+600,1973 ,910 ,4 ,4 ,0 ,2515 ,325 ,163 ,144 ,52 ,6090 ,12.94 ,0 ,1895 ,ขท.สงขลาที่ 2 (นาหม่อม),สงขลา
42,100,คลองแงะ - นาจวก,49+771,2097 ,1735 ,0 ,0 ,0 ,1731 ,97 ,116 ,55 ,41 ,5872 ,5.42 ,12 ,1494 ,ขท.สงขลาที่ 2 (นาหม่อม),สงขลา
42,100,คลองแงะ - นาจวก,66+275,1212 ,829 ,4 ,0 ,10 ,3418 ,67 ,41 ,41 ,25 ,5647 ,3.19 ,2 ,2155 ,ขท.สงขลาที่ 2 (นาหม่อม),สงขลา
42,201,นาจวก - ดอนยาง,80+105,4489 ,138 ,61 ,20 ,18 ,3838 ,209 ,120 ,99 ,100 ,9092 ,6.51 ,21 ,3958 ,ขท.ปัตตานี,ปัตตานี
42,202,ดอนยาง - บ้านดี,93+511,5782 ,2205 ,111 ,128 ,98 ,4249 ,620 ,382 ,168 ,174 ,13917 ,11.50 ,22 ,3478 ,ขท.ปัตตานี,ปัตตานี
42,202,ดอนยาง - บ้านดี,108+986,5692 ,3004 ,83 ,43 ,41 ,4796 ,272 ,353 ,95 ,88 ,14467 ,6.14 ,0 ,5620 ,ขท.ปัตตานี,ปัตตานี
42,204,ปาลัส - กอตอ,143+336,4010 ,3449 ,221 ,196 ,84 ,2919 ,338 ,306 ,237 ,162 ,11922 ,10.99 ,4 ,2638 ,ขท.ปัตตานี,ปัตตานี
42,204,ปาลัส - กอตอ,155+486,3109 ,1541 ,128 ,155 ,44 ,1644 ,239 ,197 ,63 ,39 ,7159 ,10.57 ,0 ,2108 ,ขท.ปัตตานี,ปัตตานี
42,301,กอตอ - ปูต๊ะ,171+686,3290 ,3112 ,174 ,0 ,134 ,2324 ,1518 ,1305 ,594 ,251 ,12702 ,29.79 ,151 ,2003 ,ขท.นราธิวาส,นราธิวาส
42,302,ปูต๊ะ - สะปอม,197+536,2291 ,1741 ,27 ,11 ,9 ,2194 ,30 ,29 ,30 ,8 ,6370 ,1.73 ,68 ,2171 ,ขท.นราธิวาส,นราธิวาส
42,303,สะปอม - ปาเสมัส,256+362,3073 ,1354 ,232 ,162 ,12 ,2746 ,277 ,268 ,69 ,47 ,8240 ,9.80 ,525 ,3872 ,ขท.นราธิวาส,นราธิวาส
43,101,หาดใหญ่ - ปากช่อง,8+317,9182 ,3230 ,147 ,76 ,107 ,5482 ,762 ,467 ,408 ,440 ,20301 ,11.76 ,11 ,3229 ,ขท.สงขลาที่ 1,สงขลา
43,102,ปากช่อง - จะนะ,29+617,9611 ,8357 ,788 ,1137 ,782 ,1845 ,888 ,740 ,631 ,345 ,25124 ,18.40 ,77 ,4030 ,ขท.สงขลาที่ 1,สงขลา
43,200,จะนะ - ปาแด,50+667,5593 ,1700 ,7 ,46 ,51 ,7741 ,477 ,554 ,626 ,514 ,17309 ,13.27 ,5 ,935 ,ขท.สงขลาที่ 2 (นาหม่อม),สงขลา
43,301,ปาแด - มะพร้าวต้นเดียว,87+089,5529 ,820 ,19 ,35 ,73 ,3511 ,365 ,567 ,394 ,450 ,11763 ,15.85 ,4 ,2248 ,ขท.ปัตตานี,ปัตตานี
44,100,อ่าวลึก - บางสวรรค์,29+000,2978 ,2663 ,39 ,51 ,137 ,2684 ,689 ,606 ,503 ,188 ,10538 ,19.03 ,7 ,2080 ,ขท.พังงา,กระบี่
44,200,บางสวรรค์ - ทรัพย์ทวี,66+300,2420 ,446 ,141 ,30 ,27 ,2860 ,248 ,386 ,437 ,521 ,7516 ,21.17 ,7 ,550 ,ขท.สุราษฎร์ธานีที่ 3 (เวียงสระ),สุราษฎร์ธานี
44,302,ท่าเรือ - หินโงก,110+057,3881 ,2867 ,39 ,74 ,66 ,2541 ,519 ,772 ,1277 ,913 ,12949 ,30.03 ,6 ,491 ,ขท.สุราษฎร์ธานีที่ 2 (กาญจนดิษฐ์),สุราษฎร์ธานี
101,100,นครชุม - น้ำดิบ,3+163,4335 ,3289 ,58 ,55 ,31 ,3484 ,135 ,61 ,78 ,19 ,11545 ,3.92 ,13 ,3273 ,ขท.กำแพงเพชร,กำแพงเพชร
101,200,น้ำดิบ - คุยประดู่,18+663,3242 ,527 ,46 ,3 ,24 ,2027 ,145 ,94 ,360 ,174 ,6642 ,12.12 ,3 ,851 ,ขท.ตากที่ 1,กำแพงเพชร
101,200,น้ำดิบ - คุยประดู่,28+200,1819 ,189 ,7 ,5 ,22 ,2463 ,149 ,136 ,427 ,201 ,5418 ,18.39 ,20 ,666 ,ขท.ตากที่ 1,กำแพงเพชร
101,301,คุยประดู่ - คลองโพธิ์,45+062,7616 ,522 ,60 ,58 ,68 ,425 ,471 ,748 ,115 ,139 ,10222 ,16.44 ,52 ,5567 ,ขท.สุโขทัย,สุโขทัย
101,301,คุยประดู่ - คลองโพธิ์,59+951,7666 ,616 ,57 ,56 ,50 ,509 ,809 ,747 ,142 ,111 ,10763 ,18.65 ,40 ,6052 ,ขท.สุโขทัย,สุโขทัย
101,302,คลองโพธิ์ - ท่าช้าง,82+375,5677 ,3749 ,200 ,187 ,185 ,215 ,207 ,200 ,201 ,200 ,11021 ,11.96 ,164 ,4190 ,ขท.สุโขทัย,สุโขทัย
101,303,ท่าช้าง - สวรรคโลก,93+874,2928 ,2223 ,17 ,44 ,34 ,799 ,272 ,164 ,133 ,59 ,6673 ,11.38 ,56 ,1664 ,ขท.สุโขทัย,สุโขทัย
101,304,สวรรคโลก - ศรีสัชนาลัย,115+044,2139 ,235 ,8 ,11 ,6 ,1044 ,164 ,103 ,128 ,79 ,3917 ,12.92 ,41 ,947 ,ขท.สุโขทัย,สุโขทัย
101,305,ศรีสัชนาลัย - แม่สิน,151+919,1424 ,1580 ,124 ,37 ,28 ,529 ,114 ,62 ,74 ,75 ,4047 ,6.94 ,31 ,1224 ,ขท.สุโขทัย,สุโขทัย
101,305,ศรีสัชนาลัย - แม่สิน,190+272,739 ,733 ,185 ,29 ,28 ,556 ,183 ,111 ,34 ,33 ,2631 ,13.11 ,66 ,660 ,ขท.สุโขทัย,สุโขทัย
101,401,แม่สิน - ปางเคาะ,210+272,1496 ,1201 ,68 ,58 ,31 ,1607 ,269 ,141 ,78 ,71 ,5020 ,12.95 ,21 ,1429 ,ขท.แพร่,แพร่
101,402,แยกปากจั๊วะ - แยกเจริญราษฎร์,229+872,3806 ,2652 ,90 ,84 ,93 ,7118 ,609 ,539 ,441 ,378 ,15810 ,12.88 ,16 ,2140 ,ขท.แพร่,แพร่
101,403,แยกนาแหลม - หนองห้า,259+511,5525 ,2566 ,79 ,47 ,59 ,8625 ,746 ,619 ,565 ,654 ,19485 ,13.33 ,20 ,1573 ,ขท.แพร่,แพร่
101,404,หนองห้า - สวนป่า,274+772,1954 ,1174 ,98 ,82 ,55 ,3751 ,326 ,169 ,78 ,53 ,7740 ,10.26 ,24 ,3730 ,ขท.แพร่,แพร่
101,500,สวนป่า - สะพานพญาวัด,314+974,4905 ,798 ,0 ,0 ,70 ,519 ,378 ,392 ,324 ,102 ,7488 ,17.04 ,0 ,1052 ,ขท.น่านที่ 1,น่าน
101,500,สวนป่า - สะพานพญาวัด,348+439,4942 ,795 ,0 ,25 ,76 ,617 ,509 ,383 ,296 ,104 ,7747 ,17.54 ,2 ,1434 ,ขท.น่านที่ 1,น่าน
101,601,สี่แยกช้างเผือก - ปัว,399+284,4463 ,2791 ,182 ,172 ,141 ,2289 ,1124 ,281 ,193 ,136 ,11772 ,15.92 ,141 ,1742 ,ขท.น่านที่ 2,น่าน
101,601,สี่แยกช้างเผือก - ปัว,412+134,7685 ,2787 ,376 ,244 ,243 ,2485 ,1250 ,722 ,452 ,378 ,16622 ,17.24 ,276 ,4084 ,ขท.น่านที่ 2,น่าน
101,602,ปัว - ปางหก,458+174,1837 ,1401 ,0 ,19 ,15 ,1777 ,415 ,367 ,208 ,68 ,6107 ,18.37 ,0 ,2525 ,ขท.น่านที่ 2,น่าน
101,602,ปัว - ปางหก,472+674,1167 ,1107 ,0 ,0 ,0 ,1294 ,403 ,367 ,156 ,37 ,4531 ,21.33 ,0 ,1596 ,ขท.น่านที่ 2,น่าน
101,603,ปางหก - จุดผ่านแดนถาวรห้วยโก๋น/น้ำเงิน(เขตแดนไทย/ลาว),486+774,365 ,33 ,9 ,0 ,9 ,278 ,237 ,172 ,115 ,41 ,1259 ,46.94 ,0 ,435 ,ขท.น่านที่ 2,น่าน
101,603,ปางหก - จุดผ่านแดนถาวรห้วยโก๋น/น้ำเงิน(เขตแดนไทย/ลาว),494+674,367 ,49 ,27 ,7 ,1 ,259 ,225 ,202 ,134 ,12 ,1283 ,44.16 ,0 ,421 ,ขท.น่านที่ 2,น่าน
101,603,ปางหก - จุดผ่านแดนถาวรห้วยโก๋น/น้ำเงิน(เขตแดนไทย/ลาว),502+958,356 ,48 ,12 ,5 ,0 ,266 ,229 ,192 ,132 ,20 ,1260 ,44.73 ,0 ,401 ,ขท.น่านที่ 2,น่าน
102,101,อุตรดิตถ์ - ห้วยไผ่,0+200,2381 ,1079 ,43 ,11 ,40 ,2248 ,215 ,107 ,47 ,31 ,6202 ,6.39 ,10 ,1434 ,ขท.อุตรดิตถ์ที่ 1,อุตรดิตถ์
102,102,ห้วยไผ่ - ห้วยช้าง,12+944,1785 ,615 ,6 ,3 ,31 ,3082 ,236 ,53 ,73 ,67 ,5951 ,8.43 ,9 ,1910 ,ขท.อุตรดิตถ์ที่ 1,อุตรดิตถ์
102,201,ห้วยช้าง - ศรีสัชนาลัย,22+444,1557 ,1462 ,192 ,68 ,79 ,507 ,242 ,261 ,220 ,127 ,4715 ,21.43 ,32 ,1084 ,ขท.สุโขทัย,สุโขทัย
102,202,ศรีสัชนาลัย - ดอนโก,40+794,1914 ,168 ,10 ,19 ,26 ,161 ,137 ,108 ,156 ,85 ,2784 ,8.44 ,50 ,1570 ,ขท.สุโขทัย,สุโขทัย
102,202,ศรีสัชนาลัย - ดอนโก,50+000,2079 ,34 ,0 ,3 ,5 ,145 ,67 ,37 ,50 ,15 ,2435 ,8.00 ,11 ,1204 ,ขท.สุโขทัย,สุโขทัย
102,203,ดอนโก - เมืองเก่า,86+365,1390 ,128 ,3 ,18 ,2 ,1483 ,221 ,74 ,271 ,155 ,3745 ,19.44 ,7 ,919 ,ขท.สุโขทัย,สุโขทัย
103,102,แม่ยางฮ่อ - แม่ตีบ,9+200,2994 ,1754 ,111 ,67 ,85 ,4499 ,381 ,335 ,122 ,75 ,10423 ,10.45 ,19 ,1724 ,ขท.แพร่,แพร่
103,102,แม่ยางฮ่อ - แม่ตีบ,33+218,2677 ,1644 ,94 ,65 ,55 ,4720 ,358 ,315 ,178 ,142 ,10248 ,11.07 ,15 ,1539 ,ขท.แพร่,แพร่
103,200,แม่ตีบ - งาว,56+000,2650 ,1945 ,805 ,386 ,973 ,2367 ,1672 ,1580 ,1103 ,980 ,14461 ,44.59 ,142 ,1311 ,ขท.ลำปางที่ 2,ลำปาง
104,100,ตาก - สะพานวุฒิกุล,6+605,923 ,385 ,10 ,0 ,0 ,190 ,47 ,23 ,37 ,14 ,1629 ,6.67 ,16 ,638 ,ขท.ตากที่ 1,ตาก
105,101,แม่สอด - ห้วยบง,4+590,3209 ,834 ,263 ,75 ,1 ,1683 ,421 ,201 ,119 ,154 ,6960 ,15.29 ,107 ,2777 ,ขท.ตากที่ 2 (แม่สอด),ตาก
105,102,ห้วยบง - แม่สลิดหลวง,35+000,1927 ,510 ,161 ,5 ,1 ,855 ,190 ,76 ,30 ,8 ,3763 ,8.78 ,4 ,1428 ,ขท.ตากที่ 2 (แม่สอด),ตาก
105,103,แม่สลิดหลวง - แม่เงา,114+300,668 ,322 ,52 ,4 ,0 ,186 ,55 ,30 ,14 ,3 ,1334 ,11.50 ,1 ,862 ,ขท.ตากที่ 2 (แม่สอด),ตาก
105,103,แม่สลิดหลวง - แม่เงา,137+800,883 ,91 ,32 ,0 ,1 ,14 ,27 ,2 ,1 ,0 ,1051 ,3.76 ,4 ,896 ,ขท.ตากที่ 2 (แม่สอด),ตาก
105,200,แม่เงา - แม่สะเรียง,221+500,1868 ,85 ,13 ,0 ,0 ,381 ,106 ,37 ,14 ,3 ,2507 ,5.45 ,1 ,1352 ,ขท.แม่ฮ่องสอน,แม่ฮ่องสอน
106,100,สวรรคโลก - หอรบ,16+639,2170 ,267 ,3 ,2 ,16 ,1826 ,189 ,76 ,68 ,20 ,4637 ,7.64 ,25 ,1068 ,ขท.สุโขทัย,สุโขทัย
106,201,หอรบ - ดอนไชย,58+277,1141 ,852 ,185 ,85 ,14 ,240 ,171 ,51 ,24 ,14 ,2777 ,13.60 ,21 ,864 ,ขท.ลำปางที่ 1,ลำปาง
106,201,หอรบ - ดอนไชย,66+062,1125 ,946 ,150 ,73 ,15 ,191 ,125 ,56 ,32 ,9 ,2722 ,12.98 ,12 ,785 ,ขท.ลำปางที่ 1,ลำปาง
106,202,ดอนไชย - ห้วยหญ้าไทร,95+391,881 ,1262 ,9 ,14 ,23 ,239 ,91 ,56 ,68 ,60 ,2703 ,11.90 ,3 ,1167 ,ขท.ลำปางที่ 1,ลำปาง
106,301,ห้วยหญ้าไซ - ลี้,135+231,1457 ,1225 ,91 ,4 ,33 ,268 ,379 ,257 ,125 ,39 ,3878 ,22.99 ,74 ,1074 ,ขท.ลำพูน,ลำพูน
106,302,ลี้ - ม่วงโตน,169+788,3189 ,688 ,77 ,15 ,2 ,493 ,270 ,114 ,87 ,90 ,5025 ,12.65 ,30 ,1463 ,ขท.ลำพูน,ลำพูน
106,303,ม่วงโตน - ท่าจักร,215+891,3424 ,536 ,81 ,33 ,5 ,271 ,203 ,116 ,115 ,110 ,4894 ,13.09 ,8 ,608 ,ขท.ลำพูน,ลำพูน
106,303,ม่วงโตน - ท่าจักร,232+322,8144 ,318 ,117 ,36 ,63 ,616 ,464 ,141 ,113 ,83 ,10095 ,10.35 ,19 ,3959 ,ขท.ลำพูน,ลำพูน
106,304,ท่าจักร - อุโมงค์,247+491,17311 ,537 ,121 ,37 ,27 ,196 ,109 ,24 ,24 ,22 ,18408 ,1.47 ,124 ,14959 ,ขท.ลำพูน,ลำพูน
106,304,ท่าจักร - อุโมงค์,253+891,17267 ,548 ,96 ,31 ,8 ,207 ,134 ,20 ,23 ,27 ,18361 ,1.22 ,105 ,14409 ,ขท.ลำพูน,ลำพูน
107,100,เชียงใหม่ - ขี้เหล็กหลวง,9+300,19952 ,11028 ,709 ,26 ,24 ,10576 ,552 ,410 ,134 ,12 ,43423 ,1.79 ,22 ,7056 ,ขท.เชียงใหม่ที่ 2,เชียงใหม่
107,201,ขี้เหล็กหลวง - แม่ทะลาย,37+315,3817 ,2103 ,568 ,320 ,101 ,5284 ,471 ,196 ,144 ,112 ,13116 ,11.06 ,14 ,3005 ,ขท.เชียงใหม่ที่ 3,เชียงใหม่
107,202,แม่ทะลาย - หัวโท,64+700,4726 ,1195 ,78 ,26 ,43 ,8873 ,207 ,57 ,38 ,15 ,15258 ,1.92 ,82 ,2317 ,ขท.เชียงใหม่ที่ 3,เชียงใหม่
107,202,แม่ทะลาย - หัวโท,73+055,1957 ,796 ,42 ,27 ,31 ,6414 ,213 ,68 ,37 ,35 ,9620 ,4.58 ,39 ,2212 ,ขท.เชียงใหม่ที่ 3,เชียงใหม่
107,202,แม่ทะลาย - หัวโท,84+215,3393 ,812 ,39 ,34 ,33 ,9068 ,107 ,62 ,59 ,47 ,13654 ,2.27 ,37 ,1928 ,ขท.เชียงใหม่ที่ 3,เชียงใหม่
107,203,หัวโท - ล้องอ้อ,115+842,3466 ,1976 ,77 ,61 ,21 ,5113 ,959 ,392 ,248 ,152 ,12465 ,14.37 ,22 ,1570 ,ขท.เชียงใหม่ที่ 3,เชียงใหม่
107,204,ล้องอ้อ - เมืองงาม,145+462,4548 ,3219 ,24 ,9 ,46 ,7309 ,373 ,96 ,20 ,29 ,15673 ,2.43 ,25 ,5912 ,ขท.เชียงใหม่ที่ 3,เชียงใหม่
107,204,ล้องอ้อ - เมืองงาม,166+112,1832 ,1132 ,26 ,0 ,54 ,2978 ,165 ,66 ,11 ,1 ,6265 ,3.90 ,6 ,2046 ,ขท.เชียงใหม่ที่ 3,เชียงใหม่
107,204,ล้องอ้อ - เมืองงาม,189+121,1676 ,973 ,23 ,0 ,72 ,2080 ,434 ,48 ,22 ,10 ,5338 ,12.97 ,22 ,1777 ,ขท.เชียงใหม่ที่ 3,เชียงใหม่
107,300,เมืองงาม - แม่จัน,209+431,487 ,216 ,50 ,23 ,0 ,812 ,76 ,91 ,24 ,23 ,1802 ,13.20 ,32 ,355 ,ขท.เชียงรายที่ 1,เชียงราย
107,300,เมืองงาม - แม่จัน,238+238,759 ,588 ,67 ,19 ,0 ,1612 ,132 ,57 ,36 ,20 ,3290 ,7.60 ,53 ,611 ,ขท.เชียงรายที่ 1,เชียงราย
108,101,เชียงใหม่ - ปากทางท่าลี่,7+650,27519 ,4442 ,1130 ,356 ,255 ,9771 ,251 ,151 ,71 ,47 ,43993 ,2.81 ,205 ,15628 ,ขท.เชียงใหม่ที่ 1,เชียงใหม่
108,102,ปากทางท่าลี่ - สะพานแม่กลาง,57+000,7898 ,2035 ,273 ,73 ,13 ,4344 ,791 ,593 ,592 ,491 ,17103 ,16.14 ,16 ,2757 ,ขท.เชียงใหม่ที่ 1,เชียงใหม่
108,103,สะพานแม่กลาง - บ้านบ่อแก้ว,70+000,5502 ,5148 ,64 ,52 ,49 ,1127 ,1105 ,1149 ,780 ,630 ,15606 ,20.13 ,0 ,1994 ,ขท.เชียงใหม่ที่ 1,เชียงใหม่
108,104,บ้านบ่อแก้ว - สะพานแม่ริด,143+400,660 ,484 ,7 ,0 ,0 ,1479 ,399 ,149 ,87 ,56 ,3321 ,16.66 ,0 ,1008 ,ขท.เชียงใหม่ที่ 1,เชียงใหม่
108,201,สะพานแม่ริด - ห้วยงู,156+700,953 ,66 ,9 ,0 ,5 ,546 ,121 ,38 ,70 ,52 ,1860 ,14.49 ,1 ,288 ,ขท.แม่ฮ่องสอน,แม่ฮ่องสอน
108,201,สะพานแม่ริด - ห้วยงู,197+100,1168 ,262 ,40 ,67 ,9 ,865 ,116 ,57 ,57 ,15 ,2656 ,11.52 ,9 ,1144 ,ขท.แม่ฮ่องสอน,แม่ฮ่องสอน
108,202,ห้วยงู - หนองแห้ง,240+850,384 ,125 ,2 ,2 ,4 ,831 ,111 ,57 ,30 ,32 ,1578 ,13.84 ,0 ,972 ,ขท.แม่ฮ่องสอน,แม่ฮ่องสอน
108,203,หนองแห้ง - แม่สุริน,269+100,513 ,173 ,8 ,2 ,1 ,325 ,130 ,60 ,25 ,37 ,1274 ,19.34 ,0 ,514 ,ขท.แม่ฮ่องสอน,แม่ฮ่องสอน
108,203,หนองแห้ง - แม่สุริน,284+800,499 ,529 ,19 ,1 ,0 ,564 ,122 ,60 ,59 ,6 ,1859 ,13.70 ,0 ,694 ,ขท.แม่ฮ่องสอน,แม่ฮ่องสอน
108,204,แม่สุริน - ปางหมู,352+100,2735 ,165 ,26 ,0 ,3 ,902 ,161 ,89 ,63 ,11 ,4155 ,12.57 ,3 ,2861 ,ขท.แม่ฮ่องสอน,แม่ฮ่องสอน
109,100,แม่สรวย - ห้วยป่าไร่,28+000,1792 ,78 ,29 ,0 ,0 ,2050 ,61 ,46 ,24 ,18 ,4098 ,3.61 ,23 ,1143 ,ขท.เชียงรายที่ 1,เชียงราย
109,200,ห้วยป่าไร่ - ฝาง,61+000,1507 ,1293 ,2 ,18 ,2 ,2206 ,162 ,44 ,7 ,0 ,5241 ,4.35 ,7 ,1554 ,ขท.เชียงใหม่ที่ 3,เชียงใหม่
111,100,ทางเลี่ยงเมืองพิจิตร,5+900,4090 ,1071 ,24 ,8 ,12 ,3030 ,145 ,50 ,37 ,41 ,8508 ,3.46 ,61 ,3822 ,ขท.พิจิตร,พิจิตร
112,100,ทางเลี่ยงเมืองกำแพงเพชร,3+000,4166 ,3618 ,19 ,12 ,13 ,5638 ,951 ,520 ,455 ,224 ,15616 ,12.16 ,8 ,3416 ,ขท.กำแพงเพชร,กำแพงเพชร
112,100,ทางเลี่ยงเมืองกำแพงเพชร,6+500,5213 ,3544 ,17 ,5 ,5 ,6725 ,275 ,326 ,405 ,221 ,16736 ,5.83 ,3 ,4047 ,ขท.กำแพงเพชร,กำแพงเพชร
113,101,สามแยกวังชมภู - ชนแดน,15+253,2222 ,198 ,9 ,3 ,11 ,304 ,84 ,36 ,102 ,33 ,3002 ,8.84 ,18 ,547 ,ขท.เพชรบูรณ์ที่ 2 (บึงสามพัน),เพชรบูรณ์
113,102,ชนแดน - ดงขุย,38+678,580 ,190 ,15 ,7 ,8 ,1561 ,51 ,36 ,63 ,76 ,2587 ,9.44 ,4 ,553 ,ขท.เพชรบูรณ์ที่ 2 (บึงสามพัน),เพชรบูรณ์
113,202,เขาทราย - ฆะมัง,69+253,4770 ,2828 ,29 ,26 ,19 ,1856 ,383 ,388 ,472 ,359 ,11130 ,14.70 ,29 ,2181 ,ขท.พิจิตร,พิจิตร
113,203,ฆะมัง - พิจิตร,106+209,3944 ,1661 ,19 ,5 ,12 ,2114 ,315 ,124 ,82 ,63 ,8339 ,10.27 ,28 ,2955 ,ขท.พิจิตร,พิจิตร
114,100,ดอยติ - ลำพูน,2+168,17577 ,965 ,33 ,21 ,37 ,168 ,96 ,76 ,56 ,47 ,19076 ,1.50 ,89 ,16430 ,ขท.ลำพูน,ลำพูน
115,100,กำแพงเพชร - แก้วสุวรรณ,4+000,6291 ,4496 ,34 ,24 ,11 ,9494 ,331 ,434 ,267 ,165 ,21547 ,6.28 ,49 ,6254 ,ขท.กำแพงเพชร,กำแพงเพชร
115,200,แก้วสุวรรณ - บึงบัว,40+400,2529 ,1018 ,9 ,0 ,0 ,2724 ,924 ,600 ,592 ,470 ,8866 ,26.11 ,8 ,1168 ,ขท.พิษณุโลกที่ 1,กำแพงเพชร
115,301,บึงบัว - คลองโนน,73+135,5059 ,1305 ,0 ,0 ,0 ,2132 ,660 ,405 ,457 ,470 ,10488 ,19.23 ,120 ,2539 ,ขท.พิจิตร,พิจิตร
115,302,คลองโนน - เนินสมอ,89+000,5224 ,1680 ,11 ,3 ,6 ,3747 ,175 ,92 ,41 ,52 ,11031 ,2.69 ,28 ,5372 ,ขท.พิจิตร,พิจิตร
115,302,คลองโนน - เนินสมอ,95+011,3174 ,182 ,0 ,0 ,1 ,206 ,128 ,46 ,25 ,41 ,3803 ,5.81 ,13 ,1139 ,ขท.พิจิตร,พิจิตร
116,101,ป่าสัก - สะปุ๋ง,1+000,19309 ,719 ,25 ,24 ,15 ,226 ,377 ,132 ,90 ,90 ,21007 ,3.55 ,87 ,16633 ,ขท.ลำพูน,ลำพูน
116,101,ป่าสัก - สะปุ๋ง,15+600,19019 ,897 ,29 ,31 ,23 ,313 ,228 ,204 ,138 ,82 ,20964 ,3.39 ,92 ,16504 ,ขท.ลำพูน,ลำพูน
116,200,บ้านเรือน - ท่าวังพร้าว,24+300,5819 ,1519 ,8 ,3 ,9 ,3635 ,483 ,309 ,142 ,82 ,12009 ,9.22 ,20 ,2991 ,ขท.เชียงใหม่ที่ 1,เชียงใหม่
117,101,นครสวรรค์ - หนองเต่า,8+900,16468 ,3947 ,29 ,22 ,70 ,1223 ,954 ,578 ,520 ,205 ,24016 ,9.17 ,0 ,5703 ,ขท.นครสวรรค์ที่ 1,นครสวรรค์
117,201,คลองพลังด้านใต้ - เนินสว่าง,42+357,6676 ,4235 ,0 ,20 ,19 ,1120 ,762 ,691 ,704 ,643 ,14870 ,18.96 ,0 ,451 ,ขท.พิจิตร,พิจิตร
117,202,เนินสว่าง - หนองนา,88+934,11203 ,4688 ,111 ,117 ,178 ,5347 ,1004 ,587 ,784 ,945 ,24964 ,15.17 ,110 ,1069 ,ขท.พิจิตร,พิจิตร
117,301,หนองนา - พิษณุโลก,123+587,8916 ,7170 ,171 ,144 ,188 ,7864 ,837 ,1002 ,1081 ,1118 ,28491 ,14.52 ,149 ,4303 ,ขท.พิษณุโลกที่ 1,พิษณุโลก
117,302,คลองเมม - พญาแมน,150+053,687 ,623 ,0 ,0 ,0 ,267 ,215 ,219 ,205 ,42 ,2258 ,31.20 ,39 ,454 ,ขท.พิษณุโลกที่ 1,พิษณุโลก
117,302,คลองเมม - พญาแมน,184+551,1509 ,1411 ,0 ,0 ,0 ,740 ,644 ,544 ,416 ,378 ,5642 ,33.51 ,188 ,1320 ,ขท.พิษณุโลกที่ 1,พิษณุโลก
117,401,พญาแมน - ไร่อ้อย,197+000,1078 ,227 ,1 ,0 ,0 ,897 ,122 ,72 ,66 ,26 ,2489 ,11.43 ,3 ,651 ,ขท.อุตรดิตถ์ที่ 1,อุตรดิตถ์
117,402,ไร่อ้อย - อุตรดิตถ์,228+500,2825 ,389 ,0 ,2 ,2 ,1008 ,168 ,137 ,70 ,14 ,4615 ,8.53 ,2 ,1134 ,ขท.อุตรดิตถ์ที่ 1,อุตรดิตถ์
117,402,ไร่อ้อย - อุตรดิตถ์,237+726,1921 ,508 ,16 ,13 ,13 ,1090 ,118 ,48 ,38 ,12 ,3777 ,4.52 ,18 ,1908 ,ขท.อุตรดิตถ์ที่ 1,อุตรดิตถ์
117,403,ป่าขนุน - วังผาชัน,256+700,1138 ,298 ,34 ,23 ,0 ,532 ,108 ,24 ,46 ,30 ,2233 ,9.86 ,7 ,524 ,ขท.อุตรดิตถ์ที่ 1,อุตรดิตถ์
117,501,วังผาชัน - น้ำปาด,310+700,657 ,584 ,45 ,28 ,41 ,1222 ,532 ,448 ,38 ,11 ,3606 ,32.90 ,0 ,910 ,ขท.อุตรดิตถ์ที่ 2,อุตรดิตถ์
117,502,น้ำปาด - นาไพร,325+156,1350 ,1283 ,153 ,136 ,104 ,1357 ,324 ,390 ,328 ,269 ,5694 ,23.95 ,269 ,1423 ,ขท.อุตรดิตถ์ที่ 2,อุตรดิตถ์
117,502,น้ำปาด - นาไพร,365+506,1304 ,804 ,86 ,87 ,85 ,1122 ,481 ,281 ,400 ,343 ,4993 ,28.99 ,335 ,1267 ,ขท.อุตรดิตถ์ที่ 2,อุตรดิตถ์
118,100,เชียงใหม่ - ดอยนางแก้ว,0+500,22843 ,21425 ,2052 ,1164 ,878 ,13641 ,1752 ,362 ,126 ,107 ,64350 ,7.81 ,492 ,16374 ,ขท.เชียงใหม่ที่ 2,เชียงใหม่
118,100,เชียงใหม่ - ดอยนางแก้ว,20+200,5764 ,3961 ,326 ,180 ,155 ,683 ,144 ,104 ,41 ,34 ,11392 ,7.27 ,87 ,982 ,ขท.เชียงใหม่ที่ 2,เชียงใหม่
118,201,ดอยนางแก้ว - แม่สรวย,53+200,6436 ,5088 ,1761 ,1220 ,1309 ,6274 ,1788 ,1454 ,1216 ,971 ,27517 ,29.22 ,5 ,1559 ,ขท.เชียงรายที่ 1,เชียงราย
118,201,ดอยนางแก้ว - แม่สรวย,87+800,6941 ,4994 ,1425 ,1085 ,1186 ,6819 ,2085 ,1362 ,1180 ,1142 ,28219 ,28.89 ,530 ,5767 ,ขท.เชียงรายที่ 1,เชียงราย
118,201,ดอยนางแก้ว - แม่สรวย,124+600,4911 ,4577 ,613 ,465 ,502 ,5213 ,1356 ,777 ,556 ,574 ,19544 ,22.00 ,141 ,4074 ,ขท.เชียงรายที่ 1,เชียงราย
118,202,แม่สรวย - ดงมะดะ,156+500,4124 ,630 ,46 ,61 ,87 ,6521 ,447 ,298 ,122 ,49 ,12385 ,8.83 ,0 ,1432 ,ขท.เชียงรายที่ 1,เชียงราย
120,100,พะเยา - ปากบอก,9+000,1036 ,340 ,7 ,3 ,21 ,1303 ,115 ,39 ,40 ,37 ,2941 ,7.40 ,13 ,276 ,ขท.พะเยา,พะเยา
120,200,ปากบอก - แม่เฮียว,46+300,1486 ,1513 ,578 ,501 ,300 ,1981 ,754 ,494 ,398 ,402 ,8407 ,34.54 ,121 ,1508 ,ขท.ลำปางที่ 2,ลำปาง
120,300,แม่เฮียว - แม่ขะจาน,59+200,791 ,859 ,63 ,186 ,59 ,1288 ,333 ,50 ,55 ,72 ,3756 ,20.90 ,23 ,722 ,ขท.เชียงรายที่ 1,เชียงราย
121,101,เหมืองกุง - ต้นเปา,1+000,21313 ,3603 ,450 ,223 ,164 ,14684 ,1380 ,776 ,498 ,267 ,43358 ,7.32 ,88 ,11677 ,ขท.เชียงใหม่ที่ 2,เชียงใหม่
121,102,ต้นเปา - ดอนแก้ว,16+000,25836 ,3534 ,96 ,25 ,18 ,7852 ,1195 ,414 ,176 ,170 ,39316 ,5.11 ,73 ,8798 ,ขท.เชียงใหม่ที่ 2,เชียงใหม่
121,103,ดอนแก้ว - ต้นพยอม,38+000,10902 ,3440 ,293 ,51 ,37 ,7629 ,354 ,102 ,13 ,0 ,22821 ,2.83 ,66 ,6823 ,ขท.เชียงใหม่ที่ 2,เชียงใหม่
121,104,ต้นพยอม - เหมืองกุง,44+400,20504 ,1851 ,269 ,36 ,12 ,11838 ,190 ,56 ,97 ,40 ,34893 ,1.16 ,74 ,11337 ,ขท.เชียงใหม่ที่ 2,เชียงใหม่
122,102,ทางเลี่ยงเมืองนครสวรรค์ด้านตะวันตก,9+100,7877 ,3972 ,0 ,0 ,92 ,2073 ,2112 ,2423 ,2716 ,2996 ,24261 ,43.43 ,0 ,1201 ,ขท.นครสวรรค์ที่ 1,นครสวรรค์
123,100,ทางเลี่ยงเมืองแม่สาย,3+984,750 ,532 ,18 ,40 ,0 ,1147 ,456 ,342 ,249 ,59 ,3593 ,30.63 ,13 ,1185 ,ขท.เชียงรายที่ 1,เชียงราย
125,101,วังวน - แจกัน,7+000,3555 ,2344 ,107 ,62 ,58 ,582 ,348 ,226 ,405 ,231 ,7918 ,17.82 ,39 ,784 ,ขท.สุโขทัย,สุโขทัย
126,101,ถนนวงแหวนรอบเมืองพิษณุโลกด้านทิศเหนือ,0+000,7490 ,5446 ,115 ,81 ,81 ,4462 ,3674 ,3288 ,2136 ,1597 ,28370 ,39.25 ,122 ,5034 ,ขท.พิษณุโลกที่ 1,พิษณุโลก
126,102,ถนนวงแหวนรอบเมืองพิษณุโลกด้านทิศเหนือ,19+000,5407 ,4232 ,450 ,294 ,339 ,1856 ,833 ,664 ,486 ,450 ,15011 ,23.72 ,185 ,1862 ,ขท.พิษณุโลกที่ 1,พิษณุโลก
126,103,ถนนวงแหวนรอบเมืองพิษณุโลกด้านทิศใต้,33+891,17435 ,1137 ,60 ,13 ,50 ,9591 ,1236 ,703 ,756 ,665 ,31646 ,10.87 ,49 ,1937 ,ขท.พิษณุโลกที่ 1,พิษณุโลก
126,104,ถนนวงแหวนรอบเมืองพิษณุโลกด้านทิศใต้,47+718,4947 ,3649 ,192 ,364 ,281 ,7519 ,1509 ,1566 ,1204 ,688 ,21919 ,24.26 ,71 ,3608 ,ขท.พิษณุโลกที่ 1,พิษณุโลก
127,100,ทางเลี่ยงเมืองลำปาง,1+600,8803 ,6099 ,1027 ,974 ,1234 ,5173 ,2295 ,1949 ,1467 ,1332 ,30353 ,30.85 ,613 ,4475 ,ขท.ลำปางที่ 1,ลำปาง
128,100,ทางเลี่ยงเมืองแม่ฮ่องสอน,0+500,639 ,232 ,18 ,0 ,0 ,486 ,123 ,40 ,23 ,63 ,1624 ,13.76 ,4 ,1549 ,ขท.แม่ฮ่องสอน,แม่ฮ่องสอน
129,102,ทางเลี่ยงเมืองแพร่,8+939,2758 ,2018 ,58 ,0 ,46 ,6140 ,638 ,460 ,403 ,460 ,12981 ,16.31 ,25 ,2237 ,ขท.แพร่,แพร่
130,100,ทางเข้าสะพานข้ามแม่น้ำเมยแห่งที่2ที่แม่สอด,8+500,696 ,43 ,33 ,8 ,4 ,228 ,354 ,323 ,211 ,517 ,2417 ,58.52 ,26 ,439 ,ขท.ตากที่ 2 (แม่สอด),ตาก
131,100,ทางเลี่ยงเมืองเชียงราย,3+000,6478 ,6680 ,8 ,12 ,13 ,6837 ,62 ,46 ,22 ,14 ,20172 ,0.84 ,39 ,4220 ,ขท.เชียงรายที่ 1,เชียงราย
201,101,ทางต่างระดับสีคิ้ว - หินหล่อง,11+993,4605 ,4621 ,90 ,76 ,135 ,1281 ,1581 ,1513 ,957 ,781 ,15640 ,32.49 ,9 ,1343 ,ขท.นครราชสีมาที่ 2,นครราชสีมา
201,101,ทางต่างระดับสีคิ้ว - หินหล่อง,25+493,2045 ,1888 ,55 ,57 ,83 ,1322 ,1219 ,996 ,853 ,661 ,9179 ,41.05 ,7 ,810 ,ขท.นครราชสีมาที่ 2,นครราชสีมา
201,103,ด่านขุนทด - หนองบัวโคก,48+830,2288 ,3084 ,158 ,173 ,436 ,545 ,494 ,473 ,431 ,395 ,8477 ,28.41 ,30 ,1623 ,ขท.นครราชสีมาที่ 2,นครราชสีมา
201,201,หนองบัวโคก - บ้านลี่,66+664,5126 ,852 ,3 ,5 ,128 ,7760 ,541 ,346 ,451 ,600 ,15812 ,12.85 ,5 ,1580 ,ขท.ชัยภูมิ,ชัยภูมิ
201,201,หนองบัวโคก - บ้านลี่,81+164,5052 ,1221 ,43 ,60 ,121 ,7943 ,716 ,545 ,691 ,929 ,17321 ,18.44 ,8 ,1645 ,ขท.ชัยภูมิ,ชัยภูมิ
201,202,บ้านลี่ - สี่แยกโรงต้ม,125+164,4924 ,686 ,0 ,0 ,73 ,7988 ,366 ,463 ,522 ,596 ,15618 ,12.99 ,0 ,667 ,ขท.ชัยภูมิ,ชัยภูมิ
201,301,ช่องสามหมอ - บ้านแข้,163+067,3172 ,1933 ,11 ,4 ,39 ,12433 ,672 ,656 ,952 ,1126 ,20998 ,13.22 ,7 ,1917 ,ขท.ขอนแก่นที่ 2 (ชุมแพ),ชัยภูมิ
201,301,ช่องสามหมอ - บ้านแข้,191+731,4163 ,743 ,17 ,6 ,43 ,4377 ,202 ,278 ,267 ,223 ,10319 ,11.61 ,11 ,1237 ,ขท.ขอนแก่นที่ 2 (ชุมแพ),ชัยภูมิ
201,303,ท่าเดื่อ - ชุมแพ,218+754,8350 ,4944 ,66 ,53 ,153 ,2828 ,312 ,354 ,367 ,335 ,17762 ,5.07 ,27 ,4182 ,ขท.ขอนแก่นที่ 2 (ชุมแพ),ขอนแก่น
201,304,โนนหัน - ผานกเค้า,237+211,1779 ,1186 ,74 ,12 ,65 ,4798 ,330 ,126 ,863 ,552 ,9785 ,18.41 ,7 ,1454 ,ขท.ขอนแก่นที่ 2 (ชุมแพ),ขอนแก่น
201,401,ผานกเค้า - หลักร้อยหกสิบ,268+857,2272 ,735 ,54 ,10 ,127 ,427 ,225 ,227 ,274 ,206 ,4557 ,19.04 ,3 ,705 ,ขท.เลยที่ 1,เลย
201,401,ผานกเค้า - หลักร้อยหกสิบ,277+757,1468 ,925 ,75 ,81 ,71 ,504 ,302 ,261 ,225 ,183 ,4095 ,34.86 ,5 ,680 ,ขท.เลยที่ 1,เลย
201,402,หลักร้อยหกสิบ - โนนสว่าง,300+733,1520 ,520 ,9 ,6 ,53 ,3040 ,320 ,263 ,209 ,281 ,6221 ,20.05 ,11 ,1111 ,ขท.เลยที่ 1,เลย
201,404,ปากปวน - ปากภู,341+398,11882 ,4026 ,36 ,25 ,24 ,2837 ,10 ,8 ,9 ,7 ,18864 ,0.41 ,62 ,7764 ,ขท.เลยที่ 1,เลย
201,404,ปากปวน - ปากภู,352+057,17285 ,5233 ,48 ,29 ,22 ,2608 ,8 ,12 ,10 ,14 ,25269 ,0.43 ,108 ,10872 ,ขท.เลยที่ 1,เลย
201,405,ปากภู - เชียงคาน,369+357,2350 ,339 ,9 ,38 ,22 ,3998 ,221 ,70 ,76 ,39 ,7162 ,6.68 ,8 ,2061 ,ขท.เลยที่ 1,เลย
202,102,โพนทอง - แก้งสนามนาง,11+500,1970 ,728 ,476 ,169 ,102 ,4123 ,497 ,263 ,317 ,131 ,8776 ,20.39 ,36 ,1919 ,ขท.ชัยภูมิ,ชัยภูมิ
202,201,แก้งสนามนาง - ดอนตะหนิน,26+000,2719 ,80 ,3 ,12 ,7 ,106 ,157 ,118 ,304 ,197 ,3703 ,18.79 ,1 ,820 ,ขท.นครราชสีมาที่ 1,นครราชสีมา
202,201,แก้งสนามนาง - ดอนตะหนิน,64+200,2666 ,3040 ,21 ,12 ,1 ,862 ,258 ,117 ,523 ,433 ,7933 ,17.73 ,32 ,1660 ,ขท.นครราชสีมาที่ 1,นครราชสีมา
202,202,ดอนตะหนิน - ตลาดไทร,77+700,2585 ,196 ,27 ,6 ,9 ,309 ,127 ,75 ,324 ,235 ,3893 ,22.02 ,9 ,801 ,ขท.นครราชสีมาที่ 1,นครราชสีมา
202,300,ตลาดไทร - ลำพังชู,123+622,2830 ,602 ,3 ,17 ,40 ,4640 ,534 ,475 ,241 ,195 ,9577 ,16.49 ,4 ,929 ,ขท.บุรีรัมย์,บุรีรัมย์
202,400,ลำพังชู - ห้วยลำเตา,138+122,2278 ,2314 ,103 ,100 ,121 ,2560 ,1893 ,1802 ,1557 ,1519 ,14247 ,48.19 ,24 ,1801 ,ขท.มหาสารคาม,มหาสารคาม
202,400,ลำพังชู - ห้วยลำเตา,145+122,3425 ,2497 ,114 ,102 ,78 ,4119 ,1577 ,703 ,344 ,365 ,13324 ,27.55 ,26 ,2142 ,ขท.มหาสารคาม,มหาสารคาม
202,501,ห้วยลำเตา - เกษตรวิสัย,180+122,1362 ,899 ,0 ,0 ,30 ,4238 ,393 ,375 ,444 ,434 ,8175 ,20.61 ,0 ,328 ,ขท.ร้อยเอ็ด,ร้อยเอ็ด
202,601,สุวรรณภูมิ - โนนชัยศรี,213+816,5068 ,4952 ,74 ,74 ,55 ,2637 ,2270 ,2056 ,1824 ,2030 ,21040 ,40.03 ,46 ,3476 ,ขท.ยโสธร,ร้อยเอ็ด
202,601,สุวรรณภูมิ - โนนชัยศรี,221+822,5080 ,5125 ,64 ,89 ,96 ,2511 ,2104 ,2132 ,2065 ,1900 ,21166 ,41.36 ,39 ,3770 ,ขท.ยโสธร,ร้อยเอ็ด
202,602,โนนชัยศรี - บ้านบ่อ,258+382,7148 ,217 ,133 ,81 ,66 ,595 ,441 ,472 ,548 ,668 ,10369 ,19.88 ,20 ,1403 ,ขท.ยโสธร,ยโสธร
202,603,ยโสธร - สะพานคลองลำเซ,271+425,4232 ,2217 ,89 ,89 ,141 ,3658 ,594 ,251 ,140 ,109 ,11520 ,11.25 ,89 ,2828 ,ขท.ยโสธร,ยโสธร
202,701,สะพานคลองลำเซ - ปทุมราชวงศา,298+680,3389 ,3104 ,331 ,304 ,313 ,3019 ,874 ,379 ,243 ,333 ,12289 ,18.08 ,47 ,2613 ,ขท.อำนาจเจริญ,อำนาจเจริญ
202,701,สะพานคลองลำเซ - ปทุมราชวงศา,322+780,3311 ,3161 ,155 ,170 ,93 ,2269 ,305 ,210 ,175 ,154 ,10003 ,10.36 ,52 ,2756 ,ขท.อำนาจเจริญ,อำนาจเจริญ
202,703,หนองผือ - เขมราฐ,368+680,2933 ,2808 ,88 ,68 ,60 ,2773 ,665 ,835 ,342 ,310 ,10882 ,24.11 ,39 ,2279 ,ขท.อำนาจเจริญ,อุบลราชธานี
204,100,ทางเลี่ยงเมืองนครราชสีมา,2+500,21108 ,17856 ,990 ,806 ,1007 ,20501 ,3332 ,6784 ,5345 ,5749 ,83478 ,28.15 ,240 ,7708 ,ขท.นครราชสีมาที่ 2,นครราชสีมา
204,200,ทางเลี่ยงเมืองนครราชสีมา,17+666,27641 ,1405 ,21 ,52 ,112 ,6968 ,2192 ,1603 ,2006 ,4152 ,46152 ,15.12 ,36 ,3228 ,ขท.นครราชสีมาที่ 1,นครราชสีมา
205,102,ดงพลับ - ม่วงค่อม,11+500,2084 ,2128 ,81 ,121 ,71 ,779 ,388 ,157 ,172 ,143 ,6124 ,17.67 ,29 ,1433 ,ขท.ลพบุรีที่ 1,ลพบุรี
205,102,ดงพลับ - ม่วงค่อม,27+254,4875 ,4707 ,194 ,227 ,43 ,1911 ,857 ,345 ,224 ,242 ,13625 ,15.41 ,24 ,3158 ,ขท.ลพบุรีที่ 1,ลพบุรี
205,201,ม่วงค่อม - คลองห้วยไผ่,55+948,3970 ,2138 ,44 ,51 ,46 ,559 ,428 ,374 ,298 ,210 ,8118 ,16.95 ,2 ,938 ,ขท.ลพบุรีที่ 2 (ลำนารายณ์),ลพบุรี
205,203,เทศบาลลำนารายณ์ - ช่องสำราญ,75+972,2399 ,1524 ,562 ,290 ,235 ,1994 ,558 ,534 ,500 ,463 ,9059 ,25.13 ,7 ,1793 ,ขท.ลพบุรีที่ 2 (ลำนารายณ์),ลพบุรี
205,301,ช่องสำราญ - คำปิง,119+872,1858 ,1971 ,4 ,0 ,8 ,1749 ,298 ,184 ,599 ,260 ,6931 ,19.18 ,0 ,1742 ,ขท.ชัยภูมิ,ชัยภูมิ
205,301,ช่องสำราญ - คำปิง,140+072,1252 ,1004 ,4 ,3 ,7 ,1312 ,221 ,296 ,447 ,249 ,4795 ,25.13 ,4 ,952 ,ขท.ชัยภูมิ,ชัยภูมิ
205,401,หนองบัวโคก - โคกสวาย,169+672,3040 ,1478 ,131 ,131 ,195 ,1248 ,661 ,591 ,693 ,483 ,8651 ,29.87 ,92 ,1735 ,ขท.นครราชสีมาที่ 1,ชัยภูมิ
205,401,หนองบัวโคก - โคกสวาย,191+342,4207 ,1354 ,15 ,16 ,93 ,826 ,333 ,254 ,200 ,127 ,7425 ,14.19 ,40 ,1539 ,ขท.นครราชสีมาที่ 1,นครราชสีมา
205,402,โคกสวาย - แขวงทางหลวงนครราชสีมาที่1,213+102,10194 ,1934 ,151 ,31 ,96 ,437 ,229 ,170 ,261 ,152 ,13655 ,5.62 ,20 ,2533 ,ขท.นครราชสีมาที่ 1,นครราชสีมา
205,402,โคกสวาย - แขวงทางหลวงนครราชสีมาที่1,232+502,16414 ,1952 ,383 ,74 ,76 ,1371 ,125 ,73 ,26 ,19 ,20513 ,1.90 ,21 ,12903 ,ขท.นครราชสีมาที่ 1,นครราชสีมา
206,100,ตลาดแค - วังหิน,7+000,2229 ,905 ,11 ,10 ,33 ,7753 ,257 ,169 ,180 ,165 ,11712 ,7.51 ,13 ,1877 ,ขท.นครราชสีมาที่ 1,นครราชสีมา
206,100,ตลาดแค - วังหิน,9+197,2921 ,1385 ,6 ,7 ,29 ,5400 ,194 ,147 ,132 ,125 ,10346 ,7.06 ,5 ,2056 ,ขท.นครราชสีมาที่ 1,นครราชสีมา
206,200,วังหิน - หินดาด,16+202,2266 ,1607 ,67 ,51 ,40 ,1523 ,607 ,373 ,216 ,121 ,6871 ,20.96 ,24 ,1692 ,ขท.นครราชสีมาที่ 3,นครราชสีมา
206,200,วังหิน - หินดาด,35+202,1736 ,1501 ,61 ,48 ,34 ,682 ,392 ,206 ,137 ,73 ,4870 ,18.36 ,21 ,1299 ,ขท.นครราชสีมาที่ 3,นครราชสีมา
207,100,บ้านวัด - ประทาย,13+906,6325 ,823 ,28 ,32 ,56 ,1021 ,580 ,236 ,460 ,738 ,10299 ,21.53 ,19 ,1540 ,ขท.นครราชสีมาที่ 1,นครราชสีมา
208,100,ท่าพระ - หนองสระพัง,0+400,6891 ,1449 ,72 ,38 ,78 ,2091 ,624 ,518 ,446 ,433 ,12640 ,14.24 ,41 ,3001 ,ขท.ขอนแก่นที่ 3 (บ้านไผ่),ขอนแก่น
208,200,หนองสระพัง - มหาสารคาม,27+500,4746 ,4981 ,107 ,95 ,71 ,1496 ,1204 ,548 ,632 ,441 ,14321 ,21.15 ,55 ,3986 ,ขท.มหาสารคาม,มหาสารคาม
208,200,หนองสระพัง - มหาสารคาม,51+100,5653 ,5887 ,133 ,144 ,86 ,3259 ,2090 ,1375 ,885 ,801 ,20313 ,27.06 ,66 ,3309 ,ขท.มหาสารคาม,มหาสารคาม
210,100,อุดรธานี - นิคมเชียงพิณ,8+417,9315 ,3887 ,114 ,57 ,46 ,3237 ,506 ,206 ,730 ,332 ,18430 ,7.75 ,21 ,2914 ,ขท.อุดรธานีที่ 1,อุดรธานี
210,201,นิคมเชียงพิณ - หนองบัวลำภู,34+841,3593 ,440 ,14 ,10 ,33 ,5198 ,479 ,244 ,850 ,297 ,11158 ,15.08 ,16 ,826 ,ขท.หนองบัวลำภู,หนองบัวลำภู
210,202,หนองบัวลำภู - นาคำไฮ,48+810,5953 ,2348 ,253 ,14 ,26 ,3065 ,656 ,573 ,523 ,399 ,13810 ,17.04 ,2 ,2905 ,ขท.หนองบัวลำภู,หนองบัวลำภู
210,203,นาคำไฮ - วังสำราญ,93+976,4841 ,4611 ,207 ,164 ,182 ,2389 ,2209 ,2077 ,1992 ,1762 ,20434 ,38.89 ,85 ,2209 ,ขท.หนองบัวลำภู,หนองบัวลำภู
210,300,วังสำราญ - วังสะพุง,107+848,4063 ,513 ,2 ,6 ,28 ,1459 ,200 ,127 ,154 ,77 ,6629 ,9.13 ,7 ,766 ,ขท.เลยที่ 1,เลย
211,101,หนองสองห้อง - ศรีเชียงใหม่,10+000,2070 ,1015 ,648 ,525 ,511 ,3201 ,711 ,601 ,525 ,413 ,10220 ,31.64 ,431 ,1738 ,ขท.หนองคาย,หนองคาย
211,101,หนองสองห้อง - ศรีเชียงใหม่,42+700,2388 ,1000 ,537 ,484 ,476 ,3857 ,633 ,537 ,469 ,408 ,10789 ,29.50 ,389 ,2743 ,ขท.หนองคาย,หนองคาย
211,102,ศรีเชียงใหม่ - ห้วยเชียงดา,50+500,965 ,492 ,420 ,10 ,8 ,935 ,35 ,24 ,14 ,4 ,2907 ,3.65 ,40 ,767 ,ขท.หนองคาย,หนองคาย
211,102,ศรีเชียงใหม่ - ห้วยเชียงดา,86+800,1024 ,390 ,422 ,12 ,6 ,900 ,29 ,18 ,15 ,4 ,2820 ,2.88 ,35 ,747 ,ขท.หนองคาย,หนองคาย
211,201,ห้วยเชียงดา - ปากชม,145+000,1276 ,408 ,15 ,16 ,22 ,1263 ,93 ,51 ,39 ,15 ,3198 ,6.96 ,14 ,1084 ,ขท.เลยที่ 1,เลย
211,202,ปากชม - เชียงคาน,148+000,1168 ,379 ,10 ,12 ,14 ,1209 ,53 ,28 ,39 ,17 ,2929 ,5.85 ,12 ,976 ,ขท.เลยที่ 1,เลย
211,202,ปากชม - เชียงคาน,183+500,2192 ,303 ,63 ,22 ,29 ,2690 ,131 ,72 ,124 ,43 ,5669 ,6.64 ,27 ,1640 ,ขท.เลยที่ 1,เลย
212,101,หนองคาย - ปากสวย,5+000,6665 ,4888 ,1409 ,483 ,499 ,4332 ,1363 ,1205 ,1124 ,926 ,22894 ,26.38 ,1025 ,4498 ,ขท.หนองคาย,หนองคาย
212,102,ปากสวย - น้ำเป,43+100,5732 ,1914 ,153 ,98 ,34 ,1833 ,371 ,198 ,264 ,171 ,10768 ,12.31 ,45 ,1872 ,ขท.หนองคาย,หนองคาย
212,103,น้ำเป - ห้วยก้านเหลือง,91+200,2063 ,639 ,90 ,53 ,51 ,216 ,154 ,106 ,112 ,66 ,3550 ,14.35 ,32 ,1379 ,ขท.หนองคาย,บึงกาฬ
212,201,ห้วยก้านเหลือง - ดงบัง,131+428,3008 ,2704 ,53 ,37 ,52 ,2647 ,247 ,217 ,270 ,221 ,9456 ,10.63 ,62 ,2269 ,ขท.บึงกาฬ,บึงกาฬ
212,201,ห้วยก้านเหลือง - ดงบัง,178+000,1730 ,1486 ,53 ,70 ,56 ,1817 ,196 ,207 ,147 ,113 ,5875 ,13.72 ,35 ,1522 ,ขท.บึงกาฬ,บึงกาฬ
212,202,ดงบัง - นาพระชัย,219+100,1526 ,934 ,26 ,14 ,22 ,1374 ,89 ,103 ,52 ,25 ,4165 ,7.37 ,16 ,1434 ,ขท.บึงกาฬ,นครพนม
212,301,นาพระชัย - ท่าอุเทน,268+950,2001 ,1901 ,770 ,704 ,651 ,1016 ,705 ,664 ,572 ,523 ,9507 ,40.54 ,597 ,1624 ,ขท.นครพนม,นครพนม
212,302,ท่าอุเทน - ท่าควาย,294+324,2018 ,1217 ,884 ,760 ,745 ,1786 ,774 ,849 ,803 ,542 ,10378 ,46.01 ,598 ,1414 ,ขท.นครพนม,นครพนม
212,303,ท่าควาย - กลางน้อย,325+336,6734 ,445 ,82 ,55 ,53 ,248 ,263 ,175 ,554 ,163 ,8772 ,17.27 ,18 ,2210 ,ขท.นครพนม,นครพนม
212,304,กลางน้อย - ย้อมพัฒนา,370+754,2969 ,1161 ,245 ,300 ,231 ,1230 ,310 ,279 ,270 ,286 ,7281 ,22.75 ,89 ,3208 ,ขท.นครพนม,นครพนม
212,304,กลางน้อย - ย้อมพัฒนา,383+171,2024 ,1012 ,154 ,152 ,144 ,2986 ,278 ,199 ,195 ,234 ,7378 ,16.50 ,76 ,1012 ,ขท.นครพนม,นครพนม
212,401,ย้อมพัฒนา - นาโพธิ์,421+601,5914 ,3531 ,297 ,163 ,122 ,3310 ,473 ,239 ,181 ,168 ,14398 ,10.94 ,129 ,3532 ,ขท.มุกดาหาร,มุกดาหาร
212,501,ห้วยสะแบก - อำนาจเจริญ,506+333,5513 ,2592 ,308 ,273 ,272 ,1728 ,1867 ,818 ,259 ,142 ,13772 ,22.45 ,38 ,4223 ,ขท.อำนาจเจริญ,อำนาจเจริญ
212,502,อำนาจเจริญ - ลืออำนาจ,529+133,3545 ,2769 ,225 ,157 ,1030 ,3025 ,566 ,366 ,301 ,312 ,12296 ,28.57 ,34 ,3020 ,ขท.อำนาจเจริญ,อำนาจเจริญ
212,601,ลืออำนาจ - หนองยอ,551+733,9739 ,8901 ,52 ,54 ,54 ,4363 ,42 ,54 ,44 ,13 ,23316 ,1.23 ,20 ,653 ,ขท.อุบลราชธานีที่ 1,อุบลราชธานี
212,602,หนองยอ - อุบลราชธานี,570+575,8737 ,3057 ,35 ,25 ,26 ,7708 ,833 ,29 ,32 ,23 ,20505 ,5.84 ,8 ,742 ,ขท.อุบลราชธานีที่ 1,อุบลราชธานี
213,101,มหาสารคาม - หนองขอน,1+700,8437 ,8170 ,400 ,90 ,80 ,9015 ,105 ,88 ,59 ,72 ,26516 ,2.00 ,53 ,6886 ,ขท.มหาสารคาม,มหาสารคาม
213,102,หนองขอน - ห้วยปลาหลด,19+000,5219 ,3985 ,114 ,86 ,91 ,1662 ,1482 ,460 ,121 ,131 ,13351 ,18.22 ,42 ,3302 ,ขท.มหาสารคาม,มหาสารคาม
213,202,สี่แยกสมเด็จ - โรงพยาบาลสมเด็จ,86+000,1493 ,1581 ,65 ,71 ,67 ,1563 ,1077 ,1004 ,972 ,943 ,8836 ,42.62 ,54 ,2712 ,ขท.กาฬสินธุ์,กาฬสินธุ์
213,301,สมเด็จ - สร้างค้อ,106+963,863 ,469 ,4 ,15 ,12 ,1556 ,160 ,122 ,55 ,94 ,3350 ,12.02 ,19 ,223 ,ขท.สกลนครที่ 1,กาฬสินธุ์
213,302,สร้างค้อ - สกลนคร,139+500,2805 ,134 ,22 ,51 ,40 ,309 ,180 ,127 ,100 ,15 ,3783 ,11.46 ,76 ,590 ,ขท.สกลนครที่ 1,สกลนคร
213,302,สร้างค้อ - สกลนคร,167+000,3186 ,2042 ,125 ,95 ,57 ,4474 ,989 ,701 ,443 ,359 ,12471 ,19.54 ,83 ,2958 ,ขท.สกลนครที่ 1,สกลนคร
213,303,ทางเข้าพระตำหนักภูพานราชนิเวศน์,0+050,148 ,124 ,0 ,1 ,0 ,4 ,4 ,0 ,0 ,0 ,281 ,2.04 ,17 ,131 ,ขท.สกลนครที่ 1,สกลนคร
214,102,บ้านหลุบ - ลำชี,8+764,5986 ,6051 ,11 ,0 ,2 ,1128 ,923 ,363 ,276 ,195 ,14935 ,11.76 ,4 ,4231 ,ขท.กาฬสินธุ์,กาฬสินธุ์
214,201,ลำชี - ร้อยเอ็ด,46+000,3233 ,2626 ,28 ,27 ,26 ,746 ,513 ,388 ,234 ,47 ,7868 ,15.04 ,34 ,1912 ,ขท.ร้อยเอ็ด,ร้อยเอ็ด
214,202,ร้อยเอ็ด - จตุรพักตรพิมาน,63+153,2862 ,2896 ,71 ,2 ,52 ,3032 ,37 ,27 ,35 ,30 ,9044 ,1.91 ,48 ,2596 ,ขท.ร้อยเอ็ด,ร้อยเอ็ด
214,203,จตุรพักตรพิมาน - ห้วยพลับพลา,99+379,980 ,843 ,4 ,1 ,4 ,1165 ,29 ,10 ,4 ,2 ,3042 ,1.72 ,4 ,298 ,ขท.ร้อยเอ็ด,ร้อยเอ็ด
214,301,ห้วยพลับพลา - โคกปูน,130+000,989 ,171 ,35 ,36 ,17 ,1564 ,262 ,170 ,76 ,37 ,3357 ,16.98 ,6 ,794 ,ขท.สุรินทร์,สุรินทร์
214,302,ตาฮะ - จอมพระ,135+622,4420 ,730 ,22 ,28 ,28 ,1761 ,445 ,133 ,307 ,184 ,8058 ,14.61 ,3 ,1489 ,ขท.สุรินทร์,สุรินทร์
214,302,ตาฮะ - จอมพระ,157+696,2904 ,1234 ,15 ,40 ,33 ,2367 ,670 ,447 ,381 ,312 ,8403 ,21.52 ,13 ,2307 ,ขท.สุรินทร์,สุรินทร์
214,303,จอมพระ - เชื้อเพลิง,178+561,2959 ,888 ,69 ,41 ,58 ,3423 ,298 ,215 ,370 ,247 ,8568 ,12.50 ,10 ,837 ,ขท.สุรินทร์,สุรินทร์
214,303,จอมพระ - เชื้อเพลิง,209+717,3119 ,2148 ,54 ,18 ,51 ,5282 ,817 ,776 ,863 ,730 ,13858 ,21.13 ,27 ,2226 ,ขท.สุรินทร์,สุรินทร์
214,305,ปราสาท - ช่องจอม,231+053,2561 ,931 ,31 ,2 ,9 ,1632 ,236 ,98 ,212 ,48 ,5760 ,13.74 ,9 ,1277 ,ขท.สุรินทร์,สุรินทร์
215,100,ร้อยเอ็ด - สุวรรณภูมิ,10+000,2283 ,1691 ,41 ,40 ,32 ,4557 ,268 ,171 ,81 ,47 ,9211 ,6.74 ,9 ,1893 ,ขท.ร้อยเอ็ด,ร้อยเอ็ด
215,200,สุวรรณภูมิ - สาหร่าย,73+134,4043 ,2946 ,47 ,56 ,89 ,2456 ,1617 ,1801 ,1750 ,1342 ,16147 ,40.90 ,32 ,2381 ,ขท.ยโสธร,ร้อยเอ็ด
215,300,สาหร่าย - ตาฮะ,80+769,1554 ,824 ,131 ,114 ,76 ,1687 ,575 ,638 ,518 ,442 ,6559 ,44.60 ,27 ,976 ,ขท.สุรินทร์,สุรินทร์
216,101,ถนนวงแหวนรอบเมืองอุดรธานีด้านทิศใต้,0+700,4894 ,228 ,45 ,22 ,11 ,7637 ,400 ,339 ,479 ,481 ,14536 ,13.68 ,4 ,1365 ,ขท.อุดรธานีที่ 1,อุดรธานี
216,102,ถนนวงแหวนรอบเมืองอุดรธานีด้านทิศตะวันตก,14+580,11584 ,4343 ,48 ,28 ,43 ,10315 ,644 ,393 ,355 ,187 ,27940 ,6.40 ,3 ,2937 ,ขท.อุดรธานีที่ 1,อุดรธานี
216,103,ถนนวงแหวนรอบเมืองอุดรธานีด้านทิศตะวันออก,20+209,7515 ,7337 ,152 ,112 ,105 ,9937 ,1504 ,1384 ,1304 ,547 ,29897 ,11.12 ,94 ,5816 ,ขท.อุดรธานีที่ 1,อุดรธานี
217,101,วารินชำราบ - สว่างวีระวงศ์,15+860,3754 ,1835 ,138 ,126 ,123 ,6345 ,675 ,498 ,283 ,55 ,13832 ,13.08 ,53 ,3890 ,ขท.อุบลราชธานีที่ 2,อุบลราชธานี
217,103,พิบูลมังสาหาร - ช่องเม็ก,52+820,2506 ,2539 ,58 ,45 ,57 ,2398 ,181 ,151 ,157 ,140 ,8232 ,8.77 ,25 ,1629 ,ขท.อุบลราชธานีที่ 2,อุบลราชธานี
218,101,บุรีรัมย์ - โคกสูง,5+100,4775 ,2342 ,397 ,302 ,306 ,12918 ,1320 ,727 ,338 ,152 ,23577 ,11.90 ,60 ,9626 ,ขท.บุรีรัมย์,บุรีรัมย์
218,102,โคกสูง - นางรอง,38+800,4858 ,650 ,104 ,62 ,82 ,4486 ,443 ,341 ,312 ,322 ,11660 ,15.33 ,46 ,1017 ,ขท.บุรีรัมย์,บุรีรัมย์
219,101,บรบือ - ยางสีสุราช,21+321,1234 ,1201 ,150 ,85 ,101 ,1771 ,604 ,269 ,143 ,96 ,5654 ,25.89 ,41 ,842 ,ขท.มหาสารคาม,มหาสารคาม
219,101,บรบือ - ยางสีสุราช,33+611,1635 ,1235 ,196 ,153 ,53 ,1392 ,432 ,162 ,129 ,140 ,5527 ,18.96 ,46 ,1145 ,ขท.มหาสารคาม,มหาสารคาม
219,102,ยางสีสุราช - ห้วยพลับพลา,60+118,2195 ,1569 ,100 ,79 ,67 ,1264 ,414 ,178 ,161 ,140 ,6167 ,16.86 ,37 ,1032 ,ขท.มหาสารคาม,มหาสารคาม
219,102,ยางสีสุราช - ห้วยพลับพลา,69+218,1760 ,250 ,94 ,68 ,60 ,2902 ,220 ,162 ,122 ,101 ,5739 ,13.53 ,0 ,1064 ,ขท.มหาสารคาม,มหาสารคาม
219,102,ยางสีสุราช - ห้วยพลับพลา,78+289,1903 ,1657 ,48 ,52 ,30 ,3532 ,374 ,221 ,216 ,154 ,8187 ,13.49 ,32 ,1416 ,ขท.มหาสารคาม,มหาสารคาม
219,200,ห้วยพลับพลา - สตึก,80+914,5113 ,2442 ,8 ,1 ,70 ,880 ,425 ,297 ,524 ,483 ,10243 ,17.73 ,8 ,1508 ,ขท.สุรินทร์,สุรินทร์
219,301,สตึก - หัวถนน,118+182,3065 ,448 ,10 ,8 ,32 ,4876 ,192 ,150 ,446 ,245 ,9472 ,11.09 ,29 ,1192 ,ขท.บุรีรัมย์,บุรีรัมย์
219,302,หัวถนน - บุรีรัมย์,133+000,2131 ,1773 ,67 ,58 ,64 ,5256 ,377 ,311 ,318 ,299 ,10654 ,13.48 ,50 ,1771 ,ขท.บุรีรัมย์,บุรีรัมย์
220,101,ศรีสะเกษ - วังหิน,12+500,6261 ,963 ,16 ,31 ,52 ,2009 ,401 ,167 ,131 ,138 ,10169 ,9.17 ,16 ,2169 ,ขท.ศรีสะเกษที่ 1,ศรีสะเกษ
220,102,วังหิน - ขุขันธ์,48+370,2450 ,1309 ,108 ,106 ,159 ,3674 ,413 ,262 ,229 ,201 ,8911 ,15.17 ,68 ,2555 ,ขท.ศรีสะเกษที่ 1,ศรีสะเกษ
221,101,ศรีสะเกษ - ภูเงิน,4+780,6427 ,2284 ,266 ,119 ,123 ,8178 ,1206 ,213 ,181 ,144 ,19141 ,10.88 ,36 ,5148 ,ขท.ศรีสะเกษที่ 2,ศรีสะเกษ
221,101,ศรีสะเกษ - ภูเงิน,24+360,4572 ,1047 ,58 ,76 ,63 ,8005 ,443 ,351 ,85 ,62 ,14762 ,9.22 ,20 ,2843 ,ขท.ศรีสะเกษที่ 2,ศรีสะเกษ
221,102,ภูเงิน - แยกการช่าง,51+400,620 ,188 ,25 ,21 ,13 ,1302 ,60 ,48 ,37 ,41 ,2355 ,10.35 ,10 ,947 ,ขท.ศรีสะเกษที่ 2,ศรีสะเกษ
221,103,แยกการช่าง - เชิงบันไดเขาพระวิหาร,55+100,5008 ,2119 ,9 ,18 ,6 ,5891 ,312 ,260 ,232 ,109 ,13964 ,7.78 ,16 ,6046 ,ขท.ศรีสะเกษที่ 2,ศรีสะเกษ
221,103,แยกการช่าง - เชิงบันไดเขาพระวิหาร,74+675,2423 ,530 ,14 ,16 ,14 ,2959 ,251 ,203 ,165 ,170 ,6745 ,13.59 ,20 ,1232 ,ขท.ศรีสะเกษที่ 2,ศรีสะเกษ
221,103,แยกการช่าง - เชิงบันไดเขาพระวิหาร,87+500,316 ,85 ,1 ,0 ,1 ,441 ,138 ,20 ,6 ,0 ,1008 ,15.95 ,76 ,515 ,ขท.ศรีสะเกษที่ 2,ศรีสะเกษ
222,102,เดื่อศรีคันไชย - หนองแวง,16+225,1575 ,419 ,29 ,6 ,23 ,3455 ,176 ,62 ,44 ,21 ,5810 ,5.91 ,8 ,1384 ,ขท.สกลนครที่ 2 (สว่างแดนดิน),สกลนคร
222,201,หนองแวง - ท่ากกแดง,42+700,3651 ,1774 ,31 ,27 ,32 ,2575 ,297 ,252 ,277 ,227 ,9143 ,13.60 ,22 ,1258 ,ขท.บึงกาฬ,สกลนคร
222,202,ท่ากกแดง - บึงกาฬ,61+385,1476 ,1049 ,24 ,22 ,24 ,1418 ,138 ,143 ,95 ,65 ,4454 ,10.56 ,37 ,1075 ,ขท.บึงกาฬ,บึงกาฬ
222,202,ท่ากกแดง - บึงกาฬ,80+000,2498 ,2152 ,38 ,29 ,27 ,2380 ,373 ,362 ,315 ,254 ,8428 ,17.10 ,42 ,2486 ,ขท.บึงกาฬ,บึงกาฬ
222,202,ท่ากกแดง - บึงกาฬ,120+000,1516 ,1299 ,17 ,15 ,19 ,1590 ,154 ,132 ,92 ,36 ,4870 ,9.95 ,58 ,1283 ,ขท.บึงกาฬ,บึงกาฬ
223,100,สกลนคร - นาแก,2+500,4569 ,831 ,119 ,33 ,30 ,8196 ,404 ,122 ,112 ,112 ,14528 ,6.24 ,71 ,3839 ,ขท.สกลนครที่ 1,สกลนคร
223,100,สกลนคร - นาแก,19+567,2417 ,802 ,96 ,19 ,36 ,5412 ,205 ,92 ,78 ,66 ,9223 ,5.96 ,86 ,2570 ,ขท.สกลนครที่ 1,สกลนคร
223,100,สกลนคร - นาแก,42+617,2506 ,209 ,37 ,18 ,22 ,4950 ,126 ,64 ,104 ,31 ,8067 ,4.35 ,23 ,3020 ,ขท.สกลนครที่ 1,นครพนม
223,200,นาแก - บ้านต้อง,48+999,2370 ,1380 ,198 ,155 ,155 ,2307 ,380 ,292 ,250 ,217 ,7704 ,17.71 ,97 ,1754 ,ขท.นครพนม,นครพนม
224,100,นครราชสีมา - หัวทะเล,2+535,21023 ,17290 ,1791 ,1454 ,2031 ,8045 ,2100 ,1373 ,943 ,989 ,57039 ,15.29 ,156 ,14296 ,ขท.นครราชสีมาที่ 2,นครราชสีมา
224,201,หัวทะเล - โชคชัย,19+468,8774 ,6882 ,627 ,588 ,598 ,8052 ,800 ,664 ,673 ,540 ,28198 ,14.01 ,245 ,8095 ,ขท.นครราชสีมาที่ 3,นครราชสีมา
224,203,พะโค - หนองสนวน,37+259,5225 ,5336 ,658 ,468 ,425 ,6083 ,3139 ,2504 ,2415 ,2289 ,28542 ,37.62 ,410 ,4895 ,ขท.นครราชสีมาที่ 3,นครราชสีมา
224,203,พะโค - หนองสนวน,61+171,4965 ,4644 ,544 ,447 ,395 ,4936 ,2758 ,2267 ,2196 ,1914 ,25066 ,40.80 ,525 ,4709 ,ขท.นครราชสีมาที่ 3,นครราชสีมา
224,203,พะโค - หนองสนวน,91+671,5939 ,5770 ,567 ,410 ,353 ,5683 ,3624 ,2464 ,2310 ,2078 ,29198 ,40.15 ,440 ,4783 ,ขท.นครราชสีมาที่ 3,นครราชสีมา
224,301,หนองสนวน - หนองต้อ,124+667,636 ,143 ,17 ,12 ,8 ,1008 ,187 ,87 ,68 ,29 ,2195 ,20.38 ,9 ,575 ,ขท.บุรีรัมย์,บุรีรัมย์
224,302,หนองต้อ - ตาเมียง,168+635,1820 ,97 ,55 ,21 ,3 ,1890 ,217 ,50 ,94 ,72 ,4319 ,9.10 ,4 ,1613 ,ขท.บุรีรัมย์,บุรีรัมย์
224,302,หนองต้อ - ตาเมียง,175+376,910 ,25 ,1 ,0 ,0 ,908 ,107 ,18 ,23 ,6 ,1998 ,7.00 ,2 ,712 ,ขท.บุรีรัมย์,บุรีรัมย์
224,400,ตาเมียง - หินโคน,202+966,1666 ,743 ,97 ,5 ,10 ,534 ,313 ,180 ,179 ,132 ,3859 ,16.22 ,45 ,1060 ,ขท.สุรินทร์,สุรินทร์
224,400,ตาเมียง - หินโคน,221+381,574 ,1 ,2 ,4 ,2 ,188 ,68 ,56 ,54 ,54 ,1003 ,55.91 ,21 ,347 ,ขท.สุรินทร์,สุรินทร์
225,100,แยกบึงบอระเพ็ด - เกรียงไกรกลาง,2+500,3606 ,3164 ,0 ,0 ,50 ,3954 ,1111 ,1514 ,731 ,760 ,14890 ,29.68 ,28 ,2926 ,ขท.นครสวรรค์ที่ 1,นครสวรรค์
225,201,เกรียงไกรกลาง - เกยไชย,22+000,1543 ,1365 ,13 ,1 ,10 ,2906 ,189 ,146 ,176 ,143 ,6492 ,10.72 ,1 ,1143 ,ขท.นครสวรรค์ที่ 2 (ตากฟ้า),นครสวรรค์
225,202,เกยไชย - ศรีมงคล,42+500,1491 ,1145 ,10 ,6 ,6 ,1808 ,155 ,43 ,64 ,37 ,4765 ,6.08 ,5 ,867 ,ขท.นครสวรรค์ที่ 2 (ตากฟ้า),นครสวรรค์
225,202,เกยไชย - ศรีมงคล,47+525,1910 ,1267 ,7 ,4 ,4 ,2058 ,140 ,92 ,55 ,41 ,5578 ,5.45 ,5 ,979 ,ขท.นครสวรรค์ที่ 2 (ตากฟ้า),นครสวรรค์
225,202,เกยไชย - ศรีมงคล,76+582,1316 ,550 ,18 ,4 ,7 ,1883 ,253 ,160 ,133 ,65 ,4389 ,14.83 ,4 ,604 ,ขท.นครสวรรค์ที่ 2 (ตากฟ้า),นครสวรรค์
225,300,ศรีมงคล - น้ำอ้อม,118+082,4268 ,423 ,60 ,64 ,5 ,4320 ,408 ,236 ,125 ,91 ,10000 ,9.58 ,33 ,3360 ,ขท.เพชรบูรณ์ที่ 2 (บึงสามพัน),เพชรบูรณ์
225,300,ศรีมงคล - น้ำอ้อม,128+809,941 ,764 ,40 ,0 ,0 ,2423 ,128 ,75 ,61 ,38 ,4470 ,6.75 ,35 ,1036 ,ขท.เพชรบูรณ์ที่ 2 (บึงสามพัน),เพชรบูรณ์
225,300,ศรีมงคล - น้ำอ้อม,138+907,415 ,300 ,8 ,2 ,2 ,1796 ,73 ,74 ,34 ,31 ,2735 ,8.64 ,32 ,1004 ,ขท.เพชรบูรณ์ที่ 2 (บึงสามพัน),เพชรบูรณ์
225,401,น้ำอ้อม - หนองบัวระเหว,209+000,2447 ,360 ,2 ,92 ,7 ,385 ,129 ,57 ,56 ,112 ,3647 ,11.97 ,11 ,643 ,ขท.ชัยภูมิ,ชัยภูมิ
225,401,น้ำอ้อม - หนองบัวระเหว,218+282,2735 ,2715 ,8 ,6 ,11 ,2633 ,638 ,560 ,428 ,408 ,10142 ,20.25 ,22 ,1012 ,ขท.ชัยภูมิ,ชัยภูมิ
225,402,หนองบัวระเหว - ชัยภูมิ,243+040,4124 ,1329 ,1 ,1 ,8 ,11308 ,608 ,260 ,224 ,134 ,17997 ,7.44 ,6 ,1256 ,ขท.ชัยภูมิ,ชัยภูมิ
226,100,หัวทะเล - หนองกระทิง,1+850,6899 ,6188 ,267 ,184 ,140 ,386 ,246 ,182 ,116 ,51 ,14659 ,5.80 ,19 ,4031 ,ขท.นครราชสีมาที่ 3,นครราชสีมา
226,100,หัวทะเล - หนองกระทิง,51+398,2425 ,2782 ,122 ,78 ,58 ,561 ,350 ,227 ,141 ,79 ,6823 ,14.47 ,32 ,1117 ,ขท.นครราชสีมาที่ 3,นครราชสีมา
226,100,หัวทะเล - หนองกระทิง,66+980,2187 ,2574 ,74 ,61 ,41 ,1494 ,358 ,205 ,132 ,81 ,7207 ,12.58 ,25 ,1063 ,ขท.นครราชสีมาที่ 3,นครราชสีมา
226,201,หนองกระทิง - ลำปลายมาศ,84+098,2337 ,866 ,103 ,116 ,107 ,2937 ,634 ,666 ,648 ,678 ,9092 ,32.30 ,10 ,2115 ,ขท.บุรีรัมย์,บุรีรัมย์
226,201,หนองกระทิง - ลำปลายมาศ,90+498,2412 ,747 ,77 ,73 ,106 ,2718 ,790 ,834 ,724 ,667 ,9148 ,33.23 ,5 ,2069 ,ขท.บุรีรัมย์,บุรีรัมย์
226,203,หนองม้า - กระสัง,108+798,5779 ,4367 ,120 ,105 ,90 ,9382 ,285 ,216 ,120 ,97 ,20561 ,4.54 ,41 ,4045 ,ขท.บุรีรัมย์,บุรีรัมย์
226,204,กระสัง - ระกา,118+173,1362 ,666 ,41 ,32 ,21 ,3904 ,498 ,367 ,314 ,296 ,7501 ,20.27 ,33 ,2658 ,ขท.บุรีรัมย์,บุรีรัมย์
226,204,กระสัง - ระกา,126+798,2431 ,1573 ,37 ,39 ,29 ,3752 ,345 ,303 ,227 ,213 ,8949 ,12.57 ,29 ,1894 ,ขท.บุรีรัมย์,บุรีรัมย์
226,205,ระกา - ลำน้ำชี,155+428,2920 ,547 ,37 ,33 ,27 ,4128 ,318 ,371 ,269 ,158 ,8808 ,13.24 ,32 ,2365 ,ขท.บุรีรัมย์,บุรีรัมย์
226,301,ลำน้ำชี - บ้านพม่า,162+592,3646 ,486 ,89 ,52 ,75 ,3845 ,636 ,401 ,529 ,355 ,10114 ,14.56 ,4 ,1600 ,ขท.สุรินทร์,สุรินทร์
226,301,ลำน้ำชี - บ้านพม่า,175+562,3687 ,654 ,106 ,79 ,38 ,3549 ,579 ,380 ,344 ,258 ,9674 ,17.98 ,4 ,1865 ,ขท.สุรินทร์,สุรินทร์
226,302,บ้านพม่า - ห้วยทับทัน,212+482,4004 ,402 ,37 ,1 ,37 ,3098 ,352 ,173 ,323 ,194 ,8621 ,13.36 ,2 ,2163 ,ขท.สุรินทร์,สุรินทร์
226,302,บ้านพม่า - ห้วยทับทัน,225+572,1404 ,726 ,33 ,4 ,33 ,1578 ,219 ,107 ,241 ,120 ,4465 ,16.70 ,1 ,341 ,ขท.สุรินทร์,สุรินทร์
226,401,ห้วยทับทัน - ศรีสะเกษ,246+405,1801 ,340 ,2 ,10 ,11 ,1859 ,146 ,94 ,138 ,75 ,4476 ,10.70 ,2 ,1088 ,ขท.ศรีสะเกษที่ 1,ศรีสะเกษ
226,401,ห้วยทับทัน - ศรีสะเกษ,253+053,2541 ,2932 ,30 ,0 ,19 ,4341 ,324 ,228 ,266 ,219 ,10900 ,10.02 ,1 ,1747 ,ขท.ศรีสะเกษที่ 1,ศรีสะเกษ
226,401,ห้วยทับทัน - ศรีสะเกษ,269+089,3546 ,2248 ,99 ,30 ,61 ,2935 ,545 ,236 ,234 ,55 ,9989 ,8.74 ,3 ,1731 ,ขท.ศรีสะเกษที่ 1,ศรีสะเกษ
226,402,ศรีสะเกษ - ห้วยขะยุง,278+212,6770 ,5824 ,147 ,134 ,157 ,7205 ,780 ,271 ,184 ,117 ,21589 ,14.67 ,4 ,4614 ,ขท.ศรีสะเกษที่ 1,ศรีสะเกษ
226,402,ศรีสะเกษ - ห้วยขะยุง,300+712,7106 ,338 ,30 ,40 ,63 ,3603 ,342 ,230 ,177 ,202 ,12131 ,6.70 ,8 ,1374 ,ขท.ศรีสะเกษที่ 1,ศรีสะเกษ
226,402,ศรีสะเกษ - ห้วยขะยุง,311+884,5386 ,1465 ,24 ,23 ,43 ,2657 ,295 ,109 ,79 ,89 ,10170 ,6.64 ,4 ,444 ,ขท.ศรีสะเกษที่ 1,ศรีสะเกษ
226,500,ห้วยขะยุง - วารินชำราบ,331+384,11285 ,12479 ,51 ,46 ,54 ,620 ,647 ,41 ,44 ,36 ,25303 ,2.89 ,16 ,5146 ,ขท.อุบลราชธานีที่ 1,อุบลราชธานี
227,101,กาฬสินธุ์ - แยกดงแหลม,4+000,1526 ,1127 ,40 ,43 ,32 ,765 ,159 ,66 ,63 ,35 ,3856 ,10.61 ,33 ,1723 ,ขท.กาฬสินธุ์,กาฬสินธุ์
227,101,กาฬสินธุ์ - แยกดงแหลม,33+700,2097 ,1358 ,55 ,57 ,45 ,1731 ,59 ,37 ,40 ,32 ,5511 ,4.76 ,33 ,1853 ,ขท.กาฬสินธุ์,กาฬสินธุ์
227,102,แยกดงแหลม - ลำพันชาด,66+750,2448 ,2227 ,60 ,67 ,70 ,2350 ,2144 ,1660 ,1381 ,1102 ,13509 ,48.03 ,58 ,3104 ,ขท.กาฬสินธุ์,กาฬสินธุ์
227,102,แยกดงแหลม - ลำพันชาด,77+000,2983 ,2385 ,76 ,74 ,60 ,2170 ,2282 ,1416 ,1130 ,990 ,13566 ,45.51 ,45 ,2172 ,ขท.กาฬสินธุ์,กาฬสินธุ์
227,200,ลำพันชาด - บ้านผาสุก,87+967,934 ,676 ,34 ,17 ,25 ,1678 ,171 ,104 ,116 ,114 ,3869 ,13.88 ,8 ,1094 ,ขท.อุดรธานีที่ 2 (หนองหาน),อุดรธานี
227,200,ลำพันชาด - บ้านผาสุก,93+557,1047 ,706 ,70 ,47 ,44 ,2392 ,211 ,174 ,147 ,103 ,4941 ,15.14 ,14 ,1330 ,ขท.อุดรธานีที่ 2 (หนองหาน),อุดรธานี
227,301,บ้านผาสุก - วาริชภูมิ,123+000,2594 ,2221 ,87 ,56 ,32 ,1235 ,648 ,587 ,427 ,388 ,8275 ,25.88 ,208 ,1766 ,ขท.สกลนครที่ 2 (สว่างแดนดิน),สกลนคร
227,301,บ้านผาสุก - วาริชภูมิ,145+320,2601 ,781 ,74 ,68 ,13 ,1790 ,239 ,90 ,44 ,36 ,5736 ,8.98 ,20 ,2010 ,ขท.สกลนครที่ 2 (สว่างแดนดิน),สกลนคร
227,301,บ้านผาสุก - วาริชภูมิ,153+063,1501 ,678 ,42 ,13 ,17 ,2068 ,150 ,72 ,50 ,64 ,4655 ,6.96 ,12 ,1126 ,ขท.สกลนครที่ 2 (สว่างแดนดิน),สกลนคร
228,100,ชุมแพ - ห้วยสายหนัง,0+423,11910 ,2245 ,66 ,54 ,77 ,6198 ,287 ,245 ,201 ,175 ,21458 ,5.61 ,97 ,4865 ,ขท.ขอนแก่นที่ 2 (ชุมแพ),ขอนแก่น
228,202,ศรีบุญเรือง - วังหมื่น,57+210,3842 ,1929 ,24 ,6 ,28 ,1680 ,863 ,643 ,459 ,207 ,9681 ,23.27 ,0 ,2140 ,ขท.หนองบัวลำภู,หนองบัวลำภู
228,202,ศรีบุญเรือง - วังหมื่น,84+384,7656 ,4615 ,60 ,54 ,36 ,3599 ,606 ,418 ,262 ,109 ,17415 ,8.46 ,8 ,3285 ,ขท.หนองบัวลำภู,หนองบัวลำภู
229,101,บ้านไผ่ - มัญจาคีรี,6+595,4918 ,2251 ,73 ,29 ,30 ,2865 ,321 ,176 ,197 ,160 ,11020 ,10.02 ,4 ,2559 ,ขท.ขอนแก่นที่ 3 (บ้านไผ่),ขอนแก่น
229,102,มัญจาคีรี - ห้วยสามหมอ,46+973,3111 ,3022 ,157 ,151 ,157 ,2466 ,900 ,780 ,841 ,803 ,12388 ,29.20 ,106 ,1131 ,ขท.ขอนแก่นที่ 3 (บ้านไผ่),ขอนแก่น
230,101,ถนนวงแหวนรอบเมืองขอนแก่นด้านทิศตะวันตก,11+000,10869 ,9087 ,44 ,149 ,474 ,6221 ,1071 ,1394 ,1286 ,1047 ,31642 ,18.75 ,9 ,3103 ,ขท.ขอนแก่นที่ 1,ขอนแก่น
230,102,ถนนวงแหวนรอบเมืองขอนแก่นด้านทิศตะวันออก,35+000,4526 ,4582 ,11 ,9 ,783 ,5284 ,799 ,1181 ,1183 ,1055 ,19413 ,25.81 ,28 ,2941 ,ขท.ขอนแก่นที่ 1,ขอนแก่น
231,101,ถนนวงแหวนรอบเมืองอุบลราชธานี,8+150,12980 ,13580 ,35 ,41 ,49 ,8402 ,878 ,695 ,22 ,10 ,36692 ,4.91 ,13 ,5793 ,ขท.อุบลราชธานีที่ 1,อุบลราชธานี
231,102,ถนนวงแหวนรอบเมืองอุบลราชธานี,14+000,10984 ,1227 ,21 ,22 ,17 ,813 ,683 ,528 ,344 ,256 ,14895 ,9.38 ,7 ,4682 ,ขท.อุบลราชธานีที่ 1,อุบลราชธานี
231,103,ถนนวงแหวนรอบเมืองอุบลราชธานี,44+960,5448 ,5487 ,35 ,31 ,23 ,6406 ,219 ,69 ,68 ,43 ,17829 ,2.28 ,14 ,4742 ,ขท.อุบลราชธานีที่ 1,อุบลราชธานี
231,200,ถนนวงแหวนรอบเมืองอุบลราชธานี,30+400,1310 ,637 ,15 ,1 ,11 ,3728 ,627 ,730 ,21 ,15 ,7095 ,20.15 ,22 ,1014 ,ขท.อุบลราชธานีที่ 2,อุบลราชธานี
232,100,ถนนวงแหวนรอบเมืองร้อยเอ็ด,1+500,2702 ,1230 ,7 ,10 ,10 ,3105 ,640 ,456 ,441 ,343 ,8944 ,21.29 ,39 ,971 ,ขท.ร้อยเอ็ด,ร้อยเอ็ด
232,100,ถนนวงแหวนรอบเมืองร้อยเอ็ด,14+500,4066 ,2253 ,81 ,65 ,53 ,3663 ,708 ,566 ,422 ,304 ,12181 ,17.67 ,43 ,2405 ,ขท.ร้อยเอ็ด,ร้อยเอ็ด
232,100,ถนนวงแหวนรอบเมืองร้อยเอ็ด,20+116,4265 ,2296 ,44 ,32 ,26 ,3738 ,651 ,554 ,414 ,255 ,12275 ,15.63 ,36 ,2309 ,ขท.ร้อยเอ็ด,ร้อยเอ็ด
234,100,ทางเลี่ยงเมืองเพชรบูรณ์,9+000,1036 ,971 ,18 ,13 ,6 ,1660 ,118 ,125 ,108 ,99 ,4154 ,10.53 ,82 ,883 ,ขท.เพชรบูรณ์ที่ 1,เพชรบูรณ์
238,100,ทางเลี่ยงเมืองมุกดาหาร,4+963,2778 ,2449 ,12 ,27 ,6 ,1180 ,845 ,820 ,1108 ,847 ,10072 ,40.42 ,14 ,1534 ,ขท.มุกดาหาร,มุกดาหาร
241,100,ทางเลี่ยงเมืองสกลนคร,5+000,4704 ,3778 ,196 ,171 ,107 ,6128 ,1299 ,737 ,496 ,375 ,17991 ,14.65 ,173 ,2859 ,ขท.สกลนครที่ 1,สกลนคร
242,101,หนองคาย - หนองบัว,1+189,5337 ,1915 ,770 ,365 ,327 ,1485 ,888 ,767 ,561 ,543 ,12958 ,29.12 ,989 ,3793 ,ขท.หนองคาย,หนองคาย
243,100,หนองคาย - ด่านพรมแดนสะพานมิตรภาพไทย/ลาว,1+000,9323 ,3539 ,1735 ,565 ,423 ,2254 ,1161 ,752 ,780 ,724 ,21256 ,22.62 ,2080 ,3398 ,ขท.หนองคาย,หนองคาย
288,100,ถนนวงแหวนรอบเมืองบุรีรัมย์,2+100,6337 ,2758 ,373 ,162 ,207 ,12212 ,620 ,335 ,172 ,64 ,23240 ,4.31 ,82 ,10706 ,ขท.บุรีรัมย์,บุรีรัมย์
288,100,ถนนวงแหวนรอบเมืองบุรีรัมย์,11+467,3442 ,3047 ,258 ,111 ,74 ,7438 ,257 ,225 ,89 ,52 ,14993 ,5.22 ,46 ,3221 ,ขท.บุรีรัมย์,บุรีรัมย์
290,102,ถนนวงแหวนรอบเมืองนครราชสีมาด้านทิศใต้,109+236,3425 ,708 ,42 ,42 ,44 ,4371 ,700 ,785 ,692 ,729 ,11538 ,26.11 ,32 ,446 ,ขท.นครราชสีมาที่ 2,นครราชสีมา
291,100,ทางเลี่ยงเมืองมหาสารคาม,2+010,7836 ,7760 ,90 ,71 ,26 ,7515 ,865 ,727 ,138 ,101 ,25129 ,8.16 ,44 ,6116 ,ขท.มหาสารคาม,มหาสารคาม
291,100,ทางเลี่ยงเมืองมหาสารคาม,6+718,8566 ,7472 ,139 ,78 ,78 ,8001 ,857 ,676 ,151 ,92 ,26110 ,7.70 ,55 ,6761 ,ขท.มหาสารคาม,มหาสารคาม
291,100,ทางเลี่ยงเมืองมหาสารคาม,13+853,8316 ,8028 ,75 ,76 ,75 ,7494 ,756 ,763 ,143 ,80 ,25806 ,7.61 ,35 ,6279 ,ขท.มหาสารคาม,มหาสารคาม
292,100,ทางเลี่ยงเมืองยโสธร,3+600,7284 ,2293 ,109 ,87 ,91 ,5553 ,659 ,486 ,169 ,107 ,16838 ,9.48 ,49 ,3289 ,ขท.ยโสธร,ยโสธร
293,100,ถนนวงแหวนรอบเมืองสุรินทร์,1+177,2739 ,298 ,13 ,6 ,12 ,1770 ,346 ,222 ,136 ,91 ,5633 ,10.94 ,11 ,1212 ,ขท.สุรินทร์,สุรินทร์
293,100,ถนนวงแหวนรอบเมืองสุรินทร์,32+535,4889 ,419 ,1 ,2 ,7 ,2561 ,585 ,278 ,621 ,456 ,9819 ,20.44 ,2 ,1584 ,ขท.สุรินทร์,สุรินทร์
294,100,ทางเลี่ยงเมืองศรีสะเกษ,1+500,5150 ,4119 ,5 ,2 ,1 ,1877 ,822 ,588 ,435 ,385 ,13384 ,17.80 ,4 ,2822 ,ขท.ศรีสะเกษที่ 1,ศรีสะเกษ
299,101,ลำน้ำพาน - หนองผ้าอ้อม,4+619,3018 ,2605 ,33 ,37 ,35 ,2436 ,580 ,449 ,258 ,258 ,9709 ,16.63 ,34 ,2725 ,ขท.กาฬสินธุ์,กาฬสินธุ์
299,101,ลำน้ำพาน - หนองผ้าอ้อม,19+604,1891 ,1596 ,47 ,50 ,54 ,1690 ,292 ,353 ,209 ,145 ,6327 ,16.82 ,30 ,2712 ,ขท.กาฬสินธุ์,กาฬสินธุ์
299,200,สี่แยกสมเด็จ - คำพอก,57+605,2306 ,1462 ,22 ,1 ,0 ,4526 ,392 ,195 ,251 ,168 ,9323 ,7.62 ,23 ,1569 ,ขท.สกลนครที่ 1,กาฬสินธุ์
299,200,สี่แยกสมเด็จ - คำพอก,73+405,1904 ,1223 ,4 ,5 ,9 ,3073 ,362 ,257 ,273 ,176 ,7286 ,10.54 ,78 ,1572 ,ขท.สกลนครที่ 1,กาฬสินธุ์
299,300,คำพอก - หนองบง,117+825,3372 ,2820 ,197 ,67 ,261 ,4827 ,111 ,69 ,58 ,49 ,11831 ,5.37 ,52 ,3135 ,ขท.มุกดาหาร,มุกดาหาร
301,100,คลองบางเขน - ติวานนท์,5+075,54340 ,30070 ,1287 ,1239 ,1843 ,16665 ,740 ,90 ,0 ,0 ,106274 ,4.07 ,0 ,24005 ,ขท.นนทบุรี,นนทบุรี
302,201,แยกพงษ์เพชร - สะพานพระนั่งเกล้า,5+822,52130 ,50058 ,972 ,917 ,1520 ,4069 ,1631 ,0 ,0 ,0 ,111297 ,3.92 ,0 ,26791 ,ขท.นนทบุรี,นนทบุรี
302,202,สะพานพระนั่งเกล้า - ต่างระดับบางใหญ่,12+500,64376 ,13210 ,2057 ,1869 ,2239 ,14787 ,2039 ,1681 ,1349 ,1208 ,104815 ,10.28 ,5 ,10350 ,ขท.นนทบุรี,นนทบุรี
303,100,ราษฎร์บูรณะ - พระสมุทรเจดีย์,14+000,29042 ,10867 ,976 ,967 ,1232 ,26182 ,2267 ,2004 ,1902 ,770 ,76209 ,11.04 ,162 ,18569 ,ขท.สมุทรปราการ,สมุทรปราการ
304,100,ปากเกร็ด - คลองประปา,4+750,38958 ,25281 ,2372 ,1222 ,2192 ,15334 ,1120 ,0 ,0 ,0 ,86479 ,5.40 ,0 ,18789 ,ขท.นนทบุรี,นนทบุรี
304,201,คลองประปา - คันนายาว,7+050,43243 ,35924 ,490 ,0 ,2256 ,4186 ,304 ,251 ,236 ,295 ,87185 ,3.72 ,5 ,3671 ,ขท.กรุงเทพ,กรุงเทพมหานคร
304,201,คลองประปา - คันนายาว,18+610,45497 ,38333 ,495 ,3 ,3232 ,4651 ,303 ,239 ,245 ,207 ,93205 ,4.26 ,8 ,3337 ,ขท.กรุงเทพ,กรุงเทพมหานคร
304,203,แยกเข้ามีนบุรี - คลองหลวงแพ่ง,28+250,35902 ,7083 ,4223 ,37 ,526 ,27090 ,1847 ,1133 ,103 ,342 ,78286 ,5.22 ,0 ,17653 ,ขท.กรุงเทพ,กรุงเทพมหานคร
304,203,แยกเข้ามีนบุรี - คลองหลวงแพ่ง,40+107,20945 ,4228 ,2549 ,33 ,269 ,19613 ,1661 ,2563 ,365 ,924 ,53150 ,11.47 ,0 ,6298 ,ขท.กรุงเทพ,กรุงเทพมหานคร
304,303,เสม็ดเหนือ - พนมสารคาม,88+916,22912 ,8537 ,571 ,0 ,591 ,8522 ,5535 ,2066 ,1903 ,1510 ,52147 ,21.84 ,25 ,1675 ,ขท.ฉะเชิงเทรา,ฉะเชิงเทรา
304,304,พนมสารคาม - เขาหินซ้อน,125+322,11739 ,4706 ,48 ,67 ,877 ,12346 ,4420 ,4264 ,4201 ,4746 ,47414 ,39.47 ,15 ,2707 ,ขท.ฉะเชิงเทรา,ฉะเชิงเทรา
304,401,เขาหินซ้อน - ลาดตะเคียน,129+716,5074 ,5078 ,408 ,329 ,311 ,5193 ,4963 ,5281 ,4927 ,2165 ,33729 ,53.35 ,25 ,3946 ,ขท.ปราจีนบุรี,ปราจีนบุรี
304,402,ลาดตะเคียน - สี่แยกกบินทร์บุรี,153+785,9327 ,3622 ,150 ,68 ,141 ,7262 ,2286 ,1876 ,1850 ,1830 ,28412 ,30.17 ,15 ,1550 ,ขท.ปราจีนบุรี,ปราจีนบุรี
304,402,ลาดตะเคียน - สี่แยกกบินทร์บุรี,165+136,7886 ,3842 ,102 ,80 ,70 ,5763 ,2039 ,1473 ,1647 ,1479 ,24381 ,30.71 ,9 ,1856 ,ขท.ปราจีนบุรี,ปราจีนบุรี
304,403,สี่แยกกบินทร์บุรี - วังน้ำเขียว,166+650,7884 ,3523 ,87 ,36 ,165 ,2542 ,1681 ,1759 ,1566 ,1909 ,21152 ,41.25 ,17 ,2514 ,ขท.ปราจีนบุรี,ปราจีนบุรี
304,403,สี่แยกกบินทร์บุรี - วังน้ำเขียว,205+460,6069 ,1048 ,172 ,35 ,92 ,1436 ,831 ,521 ,463 ,1202 ,11869 ,25.46 ,96 ,744 ,ขท.ปราจีนบุรี,ปราจีนบุรี
304,501,วังน้ำเขียว - ดอนขวาง,255+015,14117 ,5653 ,64 ,49 ,38 ,1980 ,1865 ,1834 ,1710 ,1689 ,28999 ,24.32 ,83 ,4026 ,ขท.นครราชสีมาที่ 3,นครราชสีมา
304,502,ดอนขวาง - โพธิ์กลาง,268+547,7119 ,4961 ,13 ,214 ,7 ,9641 ,725 ,751 ,798 ,871 ,25100 ,12.25 ,8 ,5113 ,ขท.นครราชสีมาที่ 3,นครราชสีมา
304,502,ดอนขวาง - โพธิ์กลาง,269+615,5204 ,3780 ,19 ,187 ,9 ,6836 ,743 ,595 ,632 ,867 ,18872 ,14.00 ,10 ,2950 ,ขท.นครราชสีมาที่ 3,นครราชสีมา
304,502,ดอนขวาง - โพธิ์กลาง,283+515,6859 ,6083 ,31 ,363 ,15 ,8118 ,714 ,759 ,762 ,691 ,24395 ,13.74 ,14 ,4754 ,ขท.นครราชสีมาที่ 3,นครราชสีมา
305,100,ต่างระดับรังสิต - วัดนาบุญ,4+550,43137 ,42438 ,9180 ,7953 ,6991 ,8426 ,6163 ,1363 ,729 ,751 ,127131 ,19.80 ,4 ,9196 ,ขท.ปทุมธานี,ปทุมธานี
305,201,วัดนาบุญ - คลอง14,25+870,10482 ,5057 ,301 ,338 ,27 ,9271 ,834 ,806 ,614 ,426 ,28156 ,10.08 ,17 ,2359 ,ขท.นครนายก,ปทุมธานี
305,203,องครักษ์ - นครนายก,54+100,5290 ,2578 ,244 ,466 ,92 ,7437 ,903 ,761 ,1000 ,1434 ,20205 ,22.43 ,49 ,709 ,ขท.นครนายก,นครนายก
306,101,พระราม7 - แคราย,1+000,49141 ,33826 ,2075 ,1443 ,4013 ,1424 ,677 ,0 ,0 ,0 ,92599 ,6.00 ,0 ,18227 ,ขท.นนทบุรี,กรุงเทพมหานคร
306,102,แคราย - คลองบ้านใหม่,19+390,23125 ,7640 ,883 ,872 ,4584 ,3823 ,1011 ,1069 ,0 ,0 ,43007 ,18.64 ,0 ,14288 ,ขท.นนทบุรี,นนทบุรี
307,101,แยกสวนสมเด็จ - สะพานนนทบุรี,0+100,43852 ,44504 ,924 ,769 ,1109 ,27831 ,2479 ,1223 ,0 ,0 ,122691 ,5.05 ,0 ,19614 ,ขท.นนทบุรี,นนทบุรี
308,100,ทางเข้าบางปะอิน,1+609,7375 ,6331 ,2543 ,1944 ,1615 ,4713 ,2457 ,1488 ,1533 ,1384 ,31383 ,32.31 ,153 ,4199 ,ขท.อยุธยา,พระนครศรีอยุธยา
309,102,บ้านสร้าง - ทางแยกต่างระดับอยุธยา,10+337,10268 ,10039 ,3576 ,3218 ,3272 ,3245 ,3038 ,2945 ,2484 ,2069 ,44154 ,40.28 ,0 ,7052 ,ขท.อยุธยา,พระนครศรีอยุธยา
309,103,ทางแยกต่างระดับอยุธยา - อยุธยา,18+000,8947 ,9198 ,3384 ,2707 ,2908 ,3067 ,2650 ,666 ,330 ,228 ,34085 ,27.16 ,3 ,6587 ,ขท.อยุธยา,พระนครศรีอยุธยา
309,104,อยุธยา - บางเสด็จ,25+200,3760 ,3366 ,406 ,226 ,1207 ,1905 ,778 ,585 ,658 ,453 ,13344 ,28.29 ,9 ,2979 ,ขท.อยุธยา,พระนครศรีอยุธยา
309,104,อยุธยา - บางเสด็จ,36+637,4019 ,4137 ,106 ,636 ,164 ,4042 ,913 ,683 ,609 ,401 ,15710 ,23.12 ,6 ,3522 ,ขท.อยุธยา,พระนครศรีอยุธยา
309,201,บางเสด็จ - แยกที่ดิน,43+000,5480 ,557 ,84 ,79 ,76 ,716 ,183 ,151 ,275 ,258 ,7859 ,12.01 ,31 ,1849 ,ขท.อ่างทอง,อ่างทอง
309,202,แยกที่ดิน - ไชโย,54+900,4960 ,1003 ,107 ,59 ,45 ,534 ,107 ,17 ,12 ,9 ,6853 ,4.63 ,11 ,3265 ,ขท.อ่างทอง,อ่างทอง
309,202,แยกที่ดิน - ไชโย,67+000,2858 ,539 ,73 ,40 ,35 ,377 ,111 ,60 ,40 ,27 ,4160 ,6.02 ,23 ,1492 ,ขท.อ่างทอง,อ่างทอง
309,301,ไชโย - ทางแยกวัดสว่างอารมณ์,78+000,1133 ,131 ,17 ,8 ,11 ,311 ,112 ,30 ,81 ,14 ,1848 ,15.27 ,17 ,693 ,ขท.สิงห์บุรี,สิงห์บุรี
310,100,ทางเข้าพระพุทธบาทสระบุรี,0+500,5922 ,4813 ,269 ,223 ,210 ,6126 ,1432 ,1543 ,857 ,857 ,22252 ,23.78 ,89 ,4891 ,ขท.สระบุรี,สระบุรี
311,100,ลพบุรี - แยกวัดสนามไชย,5+768,10548 ,3349 ,175 ,131 ,34 ,2925 ,357 ,98 ,13 ,10 ,17640 ,3.63 ,14 ,4827 ,ขท.ลพบุรีที่ 1,ลพบุรี
311,201,แยกวัดสนามไชย - วัดกระดังงา,15+977,6932 ,739 ,89 ,56 ,52 ,1897 ,362 ,212 ,332 ,359 ,11030 ,10.05 ,33 ,1884 ,ขท.สิงห์บุรี,ลพบุรี
311,300,บ้านม้า - ชัยนาท,64+242,2190 ,1131 ,18 ,18 ,28 ,1978 ,224 ,120 ,80 ,37 ,5824 ,10.33 ,8 ,1831 ,ขท.ชัยนาท,ชัยนาท
314,101,บางปะกง - แสนภูดาษ,4+688,5630 ,5350 ,4732 ,4822 ,4835 ,7225 ,5910 ,5603 ,5505 ,5094 ,54706 ,57.90 ,0 ,4331 ,ขท.ฉะเชิงเทรา,ฉะเชิงเทรา
315,200,หัวไผ่ - ชลบุรี,11+500,5140 ,4541 ,2106 ,1771 ,1801 ,10328 ,3875 ,2609 ,2690 ,2468 ,37329 ,40.42 ,30 ,3078 ,ขท.ชลบุรีที่ 1,ชลบุรี
315,200,หัวไผ่ - ชลบุรี,32+914,15401 ,10409 ,770 ,475 ,593 ,3517 ,745 ,2219 ,956 ,843 ,35928 ,15.79 ,20 ,3243 ,ขท.ชลบุรีที่ 1,ชลบุรี
315,200,หัวไผ่ - ชลบุรี,40+651,19840 ,17655 ,5773 ,3642 ,4319 ,23867 ,8746 ,5337 ,5354 ,5363 ,99896 ,32.19 ,27 ,8727 ,ขท.ชลบุรีที่ 1,ชลบุรี
316,100,เขาไร่ยา - จันทบุรี,3+000,14001 ,6733 ,1029 ,1151 ,1181 ,17281 ,793 ,556 ,56 ,42 ,42823 ,9.07 ,58 ,13599 ,ขท.จันทบุรี,จันทบุรี
317,101,ปากแซง - หน้าค่ายตชด.,0+500,10318 ,4229 ,21 ,34 ,24 ,12904 ,291 ,499 ,72 ,54 ,28446 ,3.76 ,9 ,4974 ,ขท.จันทบุรี,จันทบุรี
317,102,หน้าค่ายตชด. - พังงอน,35+000,4393 ,3886 ,118 ,69 ,57 ,8772 ,716 ,377 ,238 ,106 ,18732 ,10.11 ,65 ,2421 ,ขท.จันทบุรี,จันทบุรี
317,103,พังงอน - เขาแหลม,57+600,5103 ,781 ,54 ,61 ,31 ,5384 ,288 ,187 ,119 ,95 ,12103 ,6.34 ,7 ,1472 ,ขท.จันทบุรี,จันทบุรี
317,103,พังงอน - เขาแหลม,63+000,8604 ,472 ,65 ,73 ,33 ,8475 ,371 ,130 ,131 ,95 ,18449 ,4.30 ,18 ,2694 ,ขท.จันทบุรี,จันทบุรี
317,200,เขาแหลม - สระแก้ว,95+500,3577 ,3337 ,25 ,26 ,29 ,4966 ,456 ,466 ,473 ,385 ,13740 ,11.66 ,26 ,2670 ,ขท.สระแก้ว (วัฒนานคร),สระแก้ว
317,200,เขาแหลม - สระแก้ว,114+500,3352 ,3833 ,27 ,27 ,32 ,5211 ,531 ,684 ,655 ,522 ,14874 ,15.69 ,20 ,2726 ,ขท.สระแก้ว (วัฒนานคร),สระแก้ว
317,200,เขาแหลม - สระแก้ว,129+494,3500 ,3551 ,28 ,30 ,37 ,7384 ,638 ,650 ,742 ,359 ,16919 ,15.30 ,16 ,2481 ,ขท.สระแก้ว (วัฒนานคร),สระแก้ว
319,102,ปราจีนบุรี - ไผ่ชะเลือด,12+138,1928 ,1226 ,96 ,80 ,55 ,769 ,733 ,589 ,553 ,474 ,6503 ,29.73 ,32 ,846 ,ขท.ปราจีนบุรี,ปราจีนบุรี
319,103,ไผ่ชะเลือด - โคกไทย,31+465,4736 ,2165 ,119 ,138 ,163 ,3516 ,1755 ,1253 ,969 ,836 ,15650 ,35.09 ,58 ,2598 ,ขท.ปราจีนบุรี,ปราจีนบุรี
319,103,ไผ่ชะเลือด - โคกไทย,35+006,3085 ,2378 ,112 ,69 ,74 ,1351 ,1154 ,988 ,935 ,775 ,10921 ,39.93 ,61 ,1972 ,ขท.ปราจีนบุรี,ปราจีนบุรี
319,200,โคกไทย - พนมสารคาม,47+054,6961 ,5043 ,2 ,11 ,34 ,7402 ,2157 ,2265 ,1717 ,1675 ,27267 ,30.75 ,10 ,3090 ,ขท.ฉะเชิงเทรา,ฉะเชิงเทรา
320,100,ศาลนเรศวร - สถานีรถไฟปราจีนบุรี,2+156,4057 ,2926 ,95 ,160 ,169 ,3838 ,1526 ,117 ,166 ,212 ,13266 ,17.30 ,45 ,2874 ,ขท.ปราจีนบุรี,ปราจีนบุรี
321,101,นครปฐม - หนองปลาไหล,9+150,8628 ,6750 ,2066 ,2013 ,2048 ,15326 ,8517 ,8694 ,5202 ,2974 ,62218 ,48.51 ,0 ,7074 ,ขท.นครปฐม,นครปฐม
321,102,หนองปลาไหล - กำแพงแสน,22+800,10667 ,10892 ,6421 ,5927 ,1799 ,5609 ,6431 ,8267 ,7887 ,5287 ,69187 ,51.74 ,95 ,8298 ,ขท.นครปฐม,นครปฐม
321,201,กำแพงแสน - ทุ่งคอก,48+551,3381 ,1507 ,114 ,136 ,15 ,6978 ,363 ,590 ,2071 ,1778 ,16933 ,28.19 ,3 ,1743 ,ขท.สุพรรณบุรีที่ 2 (อู่ทอง),สุพรรณบุรี
321,203,วังขอน - ดอนแจง,77+925,3968 ,3054 ,27 ,12 ,38 ,6867 ,463 ,439 ,750 ,498 ,16116 ,13.74 ,4 ,1847 ,ขท.สุพรรณบุรีที่ 2 (อู่ทอง),สุพรรณบุรี
321,300,ดอนแจง - สุพรรณบุรี,105+150,10513 ,6850 ,194 ,129 ,39 ,5018 ,58 ,11 ,2 ,2 ,22816 ,1.03 ,9 ,6425 ,ขท.สุพรรณบุรีที่ 1,สุพรรณบุรี
322,100,อู่ยา - ดอนเจดีย์,13+600,2859 ,1614 ,42 ,37 ,3 ,1822 ,186 ,109 ,66 ,51 ,6789 ,5.60 ,6 ,1268 ,ขท.สุพรรณบุรีที่ 1,สุพรรณบุรี
323,100,หนองตะแครง - ลูกแก,1+360,10245 ,4659 ,735 ,805 ,763 ,11193 ,2209 ,2145 ,2227 ,1654 ,36635 ,27.75 ,0 ,6295 ,ขท.ราชบุรี,ราชบุรี
323,100,หนองตะแครง - ลูกแก,8+360,11018 ,7930 ,1120 ,673 ,795 ,9200 ,1879 ,1710 ,1857 ,1423 ,37605 ,22.25 ,0 ,5572 ,ขท.ราชบุรี,ราชบุรี
323,100,หนองตะแครง - ลูกแก,11+624,9171 ,6912 ,1547 ,847 ,888 ,8284 ,1757 ,1690 ,1380 ,1072 ,33548 ,22.79 ,0 ,7226 ,ขท.ราชบุรี,ราชบุรี
323,201,ลูกแก - หนองเสือ,28+050,5166 ,3118 ,65 ,37 ,29 ,5295 ,643 ,874 ,1006 ,589 ,16822 ,13.96 ,12 ,1875 ,ขท.กาญจนบุรี,กาญจนบุรี
323,202,หนองเสือ - ท่าน้ำตื้น,43+660,6610 ,4065 ,152 ,215 ,127 ,8737 ,373 ,356 ,289 ,163 ,21087 ,7.41 ,7 ,3501 ,ขท.กาญจนบุรี,กาญจนบุรี
323,202,หนองเสือ - ท่าน้ำตื้น,54+240,9629 ,8642 ,75 ,139 ,132 ,7338 ,486 ,291 ,316 ,216 ,27264 ,5.99 ,3 ,3148 ,ขท.กาญจนบุรี,กาญจนบุรี
323,202,หนองเสือ - ท่าน้ำตื้น,64+650,7338 ,7184 ,128 ,130 ,125 ,9216 ,617 ,250 ,165 ,154 ,25307 ,6.23 ,27 ,5705 ,ขท.กาญจนบุรี,กาญจนบุรี
323,202,หนองเสือ - ท่าน้ำตื้น,65+600,10844 ,3851 ,108 ,66 ,120 ,7396 ,368 ,329 ,217 ,94 ,23393 ,5.17 ,15 ,4864 ,ขท.กาญจนบุรี,กาญจนบุรี
323,203,ท่าน้ำตื้น - หนองสามพราน,77+350,2855 ,1995 ,26 ,21 ,22 ,2580 ,84 ,109 ,45 ,18 ,7755 ,3.96 ,6 ,943 ,ขท.กาญจนบุรี,กาญจนบุรี
323,204,หนองสามพราน - แก่งประลอม,121+012,3468 ,2020 ,52 ,49 ,45 ,659 ,204 ,212 ,124 ,53 ,6886 ,7.99 ,3 ,1579 ,ขท.กาญจนบุรี,กาญจนบุรี
323,205,แก่งประลอม - ทองผาภูมิ,156+712,1901 ,895 ,108 ,67 ,38 ,2148 ,295 ,178 ,93 ,91 ,5814 ,11.79 ,2 ,1272 ,ขท.กาญจนบุรี,กาญจนบุรี
323,205,แก่งประลอม - ทองผาภูมิ,176+012,1562 ,717 ,91 ,31 ,33 ,1770 ,223 ,166 ,100 ,55 ,4748 ,10.96 ,0 ,1566 ,ขท.กาญจนบุรี,กาญจนบุรี
323,206,ทองผาภูมิ - เจดีย์สามองค์,207+226,793 ,327 ,29 ,33 ,7 ,1078 ,139 ,210 ,30 ,10 ,2656 ,16.48 ,0 ,644 ,ขท.กาญจนบุรี,กาญจนบุรี
323,206,ทองผาภูมิ - เจดีย์สามองค์,257+826,457 ,70 ,50 ,18 ,8 ,981 ,73 ,158 ,18 ,34 ,1867 ,17.01 ,0 ,266 ,ขท.กาญจนบุรี,กาญจนบุรี
323,206,ทองผาภูมิ - เจดีย์สามองค์,269+167,1650 ,274 ,86 ,29 ,8 ,740 ,238 ,93 ,35 ,6 ,3159 ,14.04 ,4 ,1741 ,ขท.กาญจนบุรี,กาญจนบุรี
324,100,กาญจนบุรี - หนองขาว,5+000,13203 ,6486 ,34 ,74 ,140 ,4344 ,517 ,210 ,163 ,153 ,25324 ,7.66 ,11 ,5000 ,ขท.กาญจนบุรี,กาญจนบุรี
324,201,หนองขาว - ตลาดเขต,12+910,4448 ,1260 ,20 ,24 ,24 ,5706 ,327 ,305 ,282 ,299 ,12695 ,10.34 ,15 ,1687 ,ขท.สุพรรณบุรีที่ 2 (อู่ทอง),กาญจนบุรี
324,201,หนองขาว - ตลาดเขต,24+000,3598 ,490 ,32 ,12 ,27 ,5232 ,388 ,544 ,472 ,334 ,11129 ,13.73 ,20 ,1414 ,ขท.สุพรรณบุรีที่ 2 (อู่ทอง),กาญจนบุรี
324,201,หนองขาว - ตลาดเขต,40+000,4048 ,518 ,25 ,27 ,37 ,5282 ,341 ,395 ,405 ,319 ,11397 ,13.19 ,21 ,1554 ,ขท.สุพรรณบุรีที่ 2 (อู่ทอง),กาญจนบุรี
325,101,บางแพ - บางพรม,3+500,6939 ,5366 ,494 ,527 ,348 ,6221 ,2302 ,2186 ,1975 ,325 ,26683 ,28.01 ,31 ,5247 ,ขท.สมุทรสงคราม,ราชบุรี
325,101,บางแพ - บางพรม,32+790,3712 ,3166 ,429 ,409 ,471 ,2415 ,1287 ,1075 ,327 ,49 ,13340 ,26.08 ,32 ,2097 ,ขท.สมุทรสงคราม,สมุทรสงคราม
326,100,ทางเข้าประจวบคีรีขันธ์,0+500,5037 ,1087 ,23 ,0 ,0 ,1080 ,67 ,21 ,0 ,0 ,7315 ,1.53 ,17 ,3362 ,ขท.ประจวบคีรีขันธ์ (หัวหิน),ประจวบคีรีขันธ์
327,100,สี่แยกปฐมพร - แยกหมอเล็ก,2+400,8158 ,1513 ,81 ,6 ,26 ,9230 ,375 ,120 ,39 ,34 ,19582 ,3.18 ,18 ,6142 ,ขท.ชุมพร,ชุมพร
327,100,สี่แยกปฐมพร - แยกหมอเล็ก,6+900,6779 ,1792 ,101 ,18 ,18 ,5963 ,193 ,99 ,20 ,6 ,14989 ,2.40 ,18 ,3484 ,ขท.ชุมพร,ชุมพร
331,102,สถานีรถไฟพลูตาหลวง - บ่อวิน,5+663,6785 ,4832 ,998 ,819 ,664 ,3213 ,961 ,819 ,774 ,492 ,20357 ,23.89 ,6 ,2074 ,ขท.ชลบุรีที่ 2,ชลบุรี
331,103,บ่อวิน - หนองปรือ,44+258,14952 ,9296 ,551 ,443 ,621 ,10197 ,5696 ,3381 ,3432 ,1137 ,49706 ,29.00 ,23 ,4790 ,ขท.ชลบุรีที่ 2,ชลบุรี
331,104,เนินผาสุข - มาบเอียง,12+300,8707 ,5769 ,34 ,236 ,150 ,8195 ,5211 ,3763 ,4039 ,3554 ,39658 ,44.02 ,13 ,1811 ,ขท.ชลบุรีที่ 2,ชลบุรี
331,201,หนองปรือ - เนินโมก,68+900,4687 ,2540 ,507 ,483 ,532 ,5258 ,1988 ,2015 ,1797 ,2054 ,21861 ,40.07 ,8 ,2065 ,ขท.ชลบุรีที่ 1,ชลบุรี
331,202,เนินโมก - แปลงยาว,94+900,3431 ,3371 ,26 ,28 ,27 ,1946 ,1943 ,1906 ,2035 ,2012 ,16725 ,48.08 ,15 ,1454 ,ขท.ชลบุรีที่ 1,ชลบุรี
331,202,เนินโมก - แปลงยาว,103+700,3559 ,3592 ,22 ,32 ,26 ,2214 ,2118 ,2038 ,2130 ,2203 ,17934 ,47.33 ,13 ,1387 ,ขท.ชลบุรีที่ 1,ชลบุรี
331,301,แปลงยาว - สี่แยกนาน้อย,110+447,12482 ,4654 ,43 ,41 ,51 ,4765 ,3794 ,3840 ,4506 ,2550 ,36726 ,39.72 ,18 ,2046 ,ขท.ฉะเชิงเทรา,ฉะเชิงเทรา
331,302,สี่แยกนาน้อย - เขาหินซ้อน,134+753,15000 ,3460 ,36 ,0 ,41 ,3735 ,3298 ,2616 ,2967 ,3147 ,34300 ,34.61 ,12 ,2081 ,ขท.ฉะเชิงเทรา,ฉะเชิงเทรา
332,100,เขาหาดยาว - ทุ่งโปร่ง,0+550,5294 ,4458 ,216 ,146 ,55 ,1359 ,184 ,148 ,41 ,27 ,11928 ,4.92 ,52 ,1328 ,ขท.ชลบุรีที่ 2,ชลบุรี
332,200,ทุ่งโปร่ง - สำนักท้อน,14+000,2351 ,1694 ,29 ,28 ,34 ,3179 ,242 ,249 ,46 ,31 ,7883 ,7.67 ,18 ,1592 ,ขท.ระยอง,ระยอง
333,100,อู่ทอง - สระกระโจม,18+000,965 ,644 ,15 ,7 ,6 ,2894 ,255 ,265 ,259 ,112 ,5422 ,16.69 ,6 ,1183 ,ขท.สุพรรณบุรีที่ 2 (อู่ทอง),สุพรรณบุรี
333,200,สระกระโจม - บ้านไร่,38+900,1242 ,898 ,29 ,6 ,4 ,1595 ,165 ,170 ,182 ,151 ,4442 ,12.40 ,4 ,348 ,ขท.สุพรรณบุรีที่ 1,สุพรรณบุรี
333,200,สระกระโจม - บ้านไร่,64+000,4984 ,1313 ,24 ,11 ,4 ,4526 ,157 ,109 ,143 ,53 ,11324 ,4.45 ,13 ,4028 ,ขท.สุพรรณบุรีที่ 1,สุพรรณบุรี
333,302,การุ้ง - อุทัยธานี,113+236,2927 ,117 ,24 ,1 ,1 ,1637 ,194 ,113 ,121 ,54 ,5189 ,10.06 ,9 ,1357 ,ขท.อุทัยธานี,อุทัยธานี
333,302,การุ้ง - อุทัยธานี,139+686,2211 ,1155 ,450 ,0 ,38 ,2232 ,596 ,289 ,161 ,133 ,7265 ,16.20 ,17 ,1609 ,ขท.อุทัยธานี,อุทัยธานี
333,302,การุ้ง - อุทัยธานี,163+011,7545 ,209 ,184 ,7 ,2 ,2801 ,337 ,100 ,43 ,52 ,11280 ,6.67 ,11 ,2434 ,ขท.อุทัยธานี,อุทัยธานี
333,303,อุทัยธานี - สะพานข้ามแม่น้ำเจ้าพระยา,176+946,1912 ,1600 ,80 ,46 ,29 ,2261 ,116 ,69 ,134 ,79 ,6326 ,8.16 ,25 ,1119 ,ขท.อุทัยธานี,นครสวรรค์
334,100,แยกต่างระดับอ่างทอง - บ้านรอ,1+400,8620 ,4981 ,82 ,73 ,104 ,2130 ,563 ,411 ,674 ,552 ,18190 ,9.31 ,13 ,3162 ,ขท.อ่างทอง,อ่างทอง
335,100,แยกสิงห์เหนือ - สิงห์บุรี,0+500,4016 ,1094 ,57 ,57 ,42 ,3176 ,325 ,104 ,159 ,78 ,9108 ,7.72 ,35 ,2718 ,ขท.สิงห์บุรี,สิงห์บุรี
338,101,อรุณอมรินทร์ - พุทธมณฑลสาย4,0+000,49704 ,32465 ,865 ,900 ,3576 ,24216 ,206 ,184 ,57 ,0 ,112173 ,4.30 ,0 ,24201 ,ขท.ธนบุรี,กรุงเทพมหานคร
338,101,อรุณอมรินทร์ - พุทธมณฑลสาย4,9+281,56144 ,32628 ,0 ,256 ,3712 ,49888 ,973 ,1244 ,1050 ,0 ,145895 ,4.76 ,0 ,19453 ,ขท.ธนบุรี,กรุงเทพมหานคร
338,102,ทางยกระดับบางกอกน้อย - นครชัยศรี,2+164,28005 ,26325 ,0 ,0 ,0 ,15569 ,0 ,0 ,0 ,0 ,69899 ,0.00 ,0 ,0 ,ขท.ธนบุรี,กรุงเทพมหานคร
338,102,ทางยกระดับบางกอกน้อย - นครชัยศรี,8+664,29651 ,27014 ,0 ,0 ,0 ,12743 ,0 ,0 ,0 ,0 ,69408 ,0.00 ,0 ,0 ,ขท.ธนบุรี,กรุงเทพมหานคร
338,201,พุทธมณฑลสาย4 - นครชัยศรี,22+081,53406 ,46519 ,2047 ,4215 ,7668 ,6394 ,9930 ,6004 ,3046 ,2566 ,141795 ,23.65 ,0 ,1497 ,ขท.สมุทรสาคร,นครปฐม
340,100,บางบัวทอง - ลาดบัวหลวง,7+941,18186 ,5516 ,663 ,186 ,135 ,11725 ,2461 ,2328 ,2143 ,1946 ,45289 ,19.87 ,89 ,1665 ,ขท.นนทบุรี,ปทุมธานี
340,200,ลาดบัวหลวง - สาลี,30+341,10735 ,2879 ,25 ,66 ,11 ,4781 ,824 ,771 ,1048 ,1134 ,22274 ,17.06 ,7 ,834 ,ขท.สุพรรณบุรีที่ 2 (อู่ทอง),พระนครศรีอยุธยา
340,301,สาลี - สุพรรณบุรี,49+941,9542 ,1553 ,241 ,130 ,67 ,8501 ,577 ,433 ,654 ,807 ,22505 ,11.80 ,6 ,727 ,ขท.สุพรรณบุรีที่ 1,สุพรรณบุรี
340,301,สาลี - สุพรรณบุรี,74+491,8062 ,1294 ,72 ,61 ,56 ,9030 ,923 ,586 ,424 ,397 ,20905 ,13.28 ,40 ,3148 ,ขท.สุพรรณบุรีที่ 1,สุพรรณบุรี
340,303,ศรีประจันต์ - ปากน้ำ,113+409,6334 ,2950 ,128 ,46 ,46 ,4224 ,640 ,620 ,757 ,278 ,16023 ,14.26 ,7 ,1497 ,ขท.สุพรรณบุรีที่ 1,สุพรรณบุรี
340,401,ปากน้ำ - โรงพยาบาลสรรคบุรี,135+143,1681 ,602 ,69 ,64 ,51 ,1409 ,199 ,211 ,212 ,173 ,4671 ,17.34 ,4 ,459 ,ขท.ชัยนาท,ชัยนาท
340,402,โรงพยาบาลสรรคบุรี - ชัยนาท,150+341,2722 ,1353 ,34 ,70 ,33 ,5666 ,793 ,406 ,849 ,348 ,12274 ,17.35 ,10 ,1038 ,ขท.ชัยนาท,ชัยนาท
340,402,โรงพยาบาลสรรคบุรี - ชัยนาท,162+341,8067 ,3469 ,9 ,16 ,26 ,2556 ,878 ,696 ,1467 ,706 ,17890 ,28.10 ,6 ,2451 ,ขท.ชัยนาท,ชัยนาท
344,102,หนองรี - หนองปรือ,6+665,43007 ,11772 ,913 ,896 ,950 ,8964 ,7316 ,4742 ,1750 ,1745 ,82055 ,20.73 ,8 ,5700 ,ขท.ชลบุรีที่ 1,ชลบุรี
344,102,หนองรี - หนองปรือ,16+470,10386 ,7187 ,602 ,655 ,1043 ,5833 ,3094 ,2966 ,1811 ,1804 ,35381 ,32.23 ,5 ,5291 ,ขท.ชลบุรีที่ 1,ชลบุรี
344,103,หนองปรือ - คลองเขต,48+725,7626 ,7553 ,26 ,25 ,22 ,3264 ,2231 ,2112 ,1841 ,1787 ,26487 ,30.49 ,5 ,1607 ,ขท.ชลบุรีที่ 1,ชลบุรี
344,201,คลองเขต - ทางเกวียน,98+000,11238 ,2126 ,27 ,0 ,43 ,15769 ,365 ,606 ,449 ,493 ,31116 ,6.76 ,19 ,4332 ,ขท.ระยอง,ระยอง
345,100,บางบัวทอง - บางคูวัด,6+300,24327 ,7961 ,663 ,138 ,111 ,26597 ,3271 ,1879 ,1170 ,1052 ,67169 ,11.91 ,93 ,6233 ,ขท.นนทบุรี,นนทบุรี
345,200,บางคูวัด - บางพูน,16+425,26968 ,22818 ,9117 ,7240 ,6917 ,8993 ,7596 ,5977 ,3705 ,0 ,99331 ,32.04 ,0 ,10312 ,ขท.ปทุมธานี,ปทุมธานี
346,101,ต่างระดับรังสิต - แยกบางพูน,1+800,104125 ,8885 ,7364 ,7272 ,7078 ,8097 ,7818 ,6980 ,6668 ,4989 ,169276 ,21.91 ,0 ,50471 ,ขท.ปทุมธานี,ปทุมธานี
346,103,แยกบ้านกลาง - ต่างระดับลาดหลุมแก้ว,9+500,36396 ,31661 ,9117 ,8046 ,8221 ,10274 ,10948 ,12105 ,7408 ,4876 ,139052 ,37.56 ,0 ,27708 ,ขท.ปทุมธานี,ปทุมธานี
346,103,แยกบ้านกลาง - ต่างระดับลาดหลุมแก้ว,15+000,5301 ,9954 ,206 ,203 ,2324 ,3860 ,4108 ,4216 ,4522 ,4834 ,39528 ,51.48 ,175 ,4466 ,ขท.ปทุมธานี,ปทุมธานี
346,202,แยกนพวงศ์ - บางเลน,34+560,9522 ,3281 ,142 ,0 ,143 ,8331 ,3034 ,2369 ,2287 ,2296 ,31405 ,32.01 ,390 ,4600 ,ขท.นนทบุรี,นนทบุรี
346,301,บางเลน - ลำลูกบัว,55+000,2850 ,2376 ,547 ,585 ,583 ,2572 ,2452 ,2532 ,2377 ,2110 ,18984 ,55.03 ,259 ,3085 ,ขท.นครปฐม,นครปฐม
346,302,ลำลูกบัว - หนองกระทุ่ม,78+000,8865 ,9070 ,5024 ,4767 ,3769 ,4734 ,7701 ,8841 ,8178 ,7552 ,68501 ,59.38 ,73 ,7176 ,ขท.นครปฐม,นครปฐม
346,400,หนองกระทุ่ม - พนมทวน,96+106,2743 ,823 ,27 ,26 ,23 ,5368 ,558 ,463 ,882 ,475 ,11388 ,19.25 ,17 ,1191 ,ขท.สุพรรณบุรีที่ 2 (อู่ทอง),กาญจนบุรี
347,101,เทคโนโลยีปทุมธานี - เชียงรากน้อย,2+800,9547 ,10538 ,4898 ,4380 ,4747 ,10667 ,8000 ,7545 ,5061 ,4485 ,69868 ,48.85 ,0 ,8247 ,ขท.ปทุมธานี,ปทุมธานี
347,102,เชียงรากน้อย - บางกระสั้น,18+100,13990 ,13443 ,1220 ,1242 ,1273 ,5762 ,3671 ,3581 ,4151 ,3752 ,52085 ,33.49 ,15 ,795 ,ขท.ปทุมธานี,พระนครศรีอยุธยา
347,200,บางกระสั้น - บางปะหัน,22+305,6567 ,1470 ,804 ,676 ,266 ,6461 ,1165 ,2188 ,1384 ,1236 ,22217 ,31.10 ,8 ,892 ,ขท.อยุธยา,พระนครศรีอยุธยา
347,300,บางปะหัน - เจ้าปลุก,49+701,6395 ,1622 ,123 ,79 ,73 ,7071 ,850 ,964 ,955 ,719 ,18851 ,19.98 ,1 ,858 ,ขท.อ่างทอง,พระนครศรีอยุธยา
347,300,บางปะหัน - เจ้าปลุก,58+435,1362 ,1250 ,81 ,66 ,28 ,1766 ,303 ,194 ,95 ,100 ,5245 ,15.52 ,14 ,1558 ,ขท.อ่างทอง,พระนครศรีอยุธยา
348,101,อรัญประเทศ - แก้วเพชรพลอย,2+000,11710 ,7546 ,248 ,159 ,125 ,379 ,273 ,171 ,156 ,115 ,20882 ,5.40 ,0 ,8651 ,ขท.สระแก้ว (วัฒนานคร),สระแก้ว
348,102,แก้วเพชรพลอย - ช่องตะโก,51+845,1851 ,1289 ,115 ,90 ,7 ,2145 ,598 ,545 ,305 ,316 ,7261 ,27.00 ,1 ,1373 ,ขท.สระแก้ว (วัฒนานคร),สระแก้ว
348,102,แก้วเพชรพลอย - ช่องตะโก,66+549,1699 ,868 ,118 ,93 ,12 ,1866 ,547 ,496 ,420 ,377 ,6496 ,29.28 ,0 ,1239 ,ขท.สระแก้ว (วัฒนานคร),สระแก้ว
348,102,แก้วเพชรพลอย - ช่องตะโก,71+830,3365 ,828 ,8 ,0 ,31 ,1708 ,457 ,395 ,600 ,608 ,8000 ,25.55 ,0 ,1143 ,ขท.สระแก้ว (วัฒนานคร),สระแก้ว
348,201,ช่องตะโก - น้อยสะแกกวน,102+405,3380 ,200 ,17 ,18 ,28 ,2561 ,349 ,247 ,317 ,247 ,7364 ,16.47 ,2 ,1637 ,ขท.บุรีรัมย์,บุรีรัมย์
348,201,ช่องตะโก - น้อยสะแกกวน,104+855,2361 ,69 ,7 ,11 ,6 ,2058 ,164 ,117 ,170 ,122 ,5085 ,14.29 ,5 ,821 ,ขท.บุรีรัมย์,บุรีรัมย์
348,202,น้อยสะแกกวน - ปะคำ,113+000,1828 ,945 ,25 ,17 ,37 ,1136 ,211 ,124 ,196 ,198 ,4717 ,15.86 ,18 ,544 ,ขท.บุรีรัมย์,บุรีรัมย์
348,203,ปะคำ - นางรอง,138+005,4849 ,1336 ,28 ,16 ,23 ,3699 ,358 ,220 ,184 ,213 ,10926 ,10.29 ,33 ,3290 ,ขท.บุรีรัมย์,บุรีรัมย์
349,100,พนัสนิคม - หนองชาก,14+800,5358 ,5347 ,469 ,415 ,423 ,5379 ,2175 ,2146 ,2046 ,1884 ,25642 ,34.98 ,7 ,2052 ,ขท.ชลบุรีที่ 1,ชลบุรี
351,100,มหาวิทยาลัยเกษตรศาสตร์ - คันนายาว,4+700,37515 ,21575 ,36 ,52 ,430 ,12272 ,1156 ,285 ,101 ,31 ,73453 ,3.08 ,16 ,27290 ,ขท.กรุงเทพ,กรุงเทพมหานคร
352,100,ธัญบุรี - คลองระพีพัฒน์,3+600,3248 ,2558 ,308 ,48 ,15 ,3100 ,3001 ,3259 ,3231 ,2987 ,21755 ,56.76 ,12 ,664 ,ขท.นครนายก,ปทุมธานี
352,201,คลองระพีพัฒน์ - ทางแยกต่างระดับวังน้อย,23+600,1518 ,1161 ,37 ,13 ,51 ,3423 ,1334 ,870 ,1554 ,1241 ,11202 ,48.44 ,12 ,710 ,ขท.อยุธยา,พระนครศรีอยุธยา
356,102,เกาะเรียน - ปากกราน,7+000,3370 ,611 ,508 ,419 ,460 ,3617 ,655 ,553 ,531 ,402 ,11126 ,27.19 ,15 ,1009 ,ขท.อยุธยา,พระนครศรีอยุธยา
357,101,ถนนวงแหวนรอบเมืองสุพรรณบุรี,5+023,7796 ,5832 ,47 ,42 ,4 ,4146 ,3662 ,3833 ,4173 ,3555 ,33090 ,41.85 ,14 ,2877 ,ขท.สุพรรณบุรีที่ 1,สุพรรณบุรี
357,104,ถนนวงแหวนรอบเมืองสุพรรณบุรี,37+673,1673 ,945 ,77 ,47 ,50 ,1981 ,180 ,114 ,147 ,46 ,5260 ,7.46 ,39 ,678 ,ขท.สุพรรณบุรีที่ 1,สุพรรณบุรี
359,102,สระขวัญ - เขามะกา,18+595,4052 ,3970 ,34 ,33 ,41 ,6449 ,597 ,567 ,574 ,587 ,16904 ,13.09 ,20 ,3062 ,ขท.สระแก้ว (วัฒนานคร),สระแก้ว
359,200,เขามะกา - เขาหินซ้อน,41+793,1949 ,2059 ,64 ,112 ,346 ,1947 ,1236 ,2060 ,2083 ,1725 ,13581 ,55.81 ,20 ,461 ,ขท.ปราจีนบุรี,ปราจีนบุรี
360,100,ทางเข้าเมืองชุมพร,5+300,1384 ,757 ,3 ,0 ,3 ,1606 ,178 ,110 ,53 ,29 ,4123 ,9.44 ,12 ,1031 ,ขท.ชุมพร,ชุมพร
361,100,ทางเลี่ยงเมืองชลบุรี,8+000,19341 ,14727 ,1214 ,600 ,2208 ,21631 ,7553 ,8316 ,6862 ,8286 ,90738 ,36.74 ,22 ,7171 ,ขท.ชลบุรีที่ 1,ชลบุรี
362,101,ถนนวงแหวนรอบเมืองสระบุรี,1+500,11891 ,4886 ,7 ,23 ,43 ,7487 ,1429 ,1538 ,3282 ,2803 ,33389 ,23.81 ,9 ,2771 ,ขท.สระบุรี,สระบุรี
362,101,ถนนวงแหวนรอบเมืองสระบุรี,10+200,7874 ,2150 ,13 ,30 ,48 ,10319 ,1325 ,1737 ,2291 ,2085 ,27872 ,29.83 ,5 ,2712 ,ขท.สระบุรี,สระบุรี
362,101,ถนนวงแหวนรอบเมืองสระบุรี,23+000,7851 ,4265 ,41 ,33 ,39 ,3867 ,1313 ,1249 ,1167 ,1091 ,20916 ,26.51 ,13 ,1339 ,ขท.สระบุรี,สระบุรี
363,100,ศูนย์ราชการระยอง - นิคมอุตสาหกรรมมาบตาพุด,4+877,6115 ,5744 ,141 ,84 ,52 ,9741 ,1432 ,1871 ,1418 ,561 ,27159 ,20.64 ,6 ,2732 ,ขท.ระยอง,ระยอง
364,100,ทางเลี่ยงเมืองระยอง,2+000,7923 ,5593 ,177 ,145 ,54 ,7495 ,367 ,219 ,130 ,38 ,22141 ,4.12 ,12 ,3867 ,ขท.ระยอง,ระยอง
365,101,ทางเลี่ยงเมืองฉะเชิงเทราด้านเหนือ,2+960,4856 ,4336 ,364 ,102 ,88 ,2928 ,1997 ,1802 ,1864 ,181 ,18518 ,32.47 ,34 ,2193 ,ขท.ฉะเชิงเทรา,ฉะเชิงเทรา
365,102,ทางเลี่ยงเมืองฉะเชิงเทราด้านใต้,2+950,22951 ,24116 ,31 ,53 ,79 ,21135 ,12287 ,11746 ,6351 ,4998 ,103747 ,33.93 ,35 ,5034 ,ขท.ฉะเชิงเทรา,ฉะเชิงเทรา
366,100,ทางเลี่ยงเมืองลพบุรี,6+000,2082 ,623 ,35 ,43 ,36 ,1501 ,810 ,675 ,715 ,548 ,7068 ,39.28 ,13 ,472 ,ขท.ลพบุรีที่ 1,ลพบุรี
367,100,ทางเลี่ยงเมืองกาญจนบุรี,2+200,8855 ,8120 ,46 ,108 ,98 ,8148 ,783 ,558 ,654 ,448 ,27818 ,7.15 ,3 ,4167 ,ขท.กาญจนบุรี,กาญจนบุรี
368,100,ทางเลี่ยงเมืองอ่างทอง,0+500,6444 ,1616 ,347 ,65 ,155 ,1350 ,732 ,541 ,979 ,885 ,13114 ,18.63 ,19 ,1380 ,ขท.อ่างทอง,อ่างทอง
369,100,ทางเลี่ยงเมืองสิงห์บุรี,1+000,5073 ,422 ,71 ,53 ,81 ,3443 ,286 ,155 ,82 ,76 ,9742 ,6.40 ,51 ,2882 ,ขท.สิงห์บุรี,สิงห์บุรี
370,100,ทางเข้าท่าอากาศยานสุวรรณภูมิด้านถนนบางนา - บางวัว,2+200,12849 ,10980 ,222 ,239 ,268 ,14697 ,2483 ,2694 ,2640 ,2620 ,49692 ,22.06 ,0 ,938 ,ขท.สมุทรปราการ,สมุทรปราการ
375,101,บ้านบ่อ - พระประโทน,16+521,7970 ,4734 ,1134 ,1154 ,1026 ,14441 ,4865 ,4671 ,1097 ,1037 ,42129 ,33.11 ,15 ,3761 ,ขท.นครปฐม,สมุทรสาคร
375,102,นครปฐม - ดอนตูม,43+935,9281 ,7837 ,2095 ,2010 ,1999 ,13615 ,6860 ,9535 ,5126 ,3223 ,61581 ,46.33 ,0 ,8843 ,ขท.นครปฐม,นครปฐม
375,103,ดอนตูม - ลำลูกบัว,65+000,2685 ,1734 ,219 ,228 ,213 ,4213 ,979 ,904 ,894 ,606 ,12675 ,30.09 ,81 ,2184 ,ขท.นครปฐม,นครปฐม
401,101,แยกโคกเคียน - เขาศก,10+542,2198 ,282 ,7 ,2 ,20 ,1889 ,127 ,104 ,120 ,55 ,4804 ,7.40 ,1 ,745 ,ขท.พังงา,พังงา
401,102,เขาศก - พนม,41+282,1171 ,787 ,9 ,11 ,23 ,1050 ,49 ,31 ,22 ,15 ,3168 ,4.29 ,11 ,732 ,ขท.พังงา,สุราษฎร์ธานี
401,102,เขาศก - พนม,63+067,1025 ,634 ,415 ,53 ,20 ,1064 ,115 ,66 ,35 ,21 ,3448 ,9.26 ,33 ,801 ,ขท.พังงา,สุราษฎร์ธานี
401,200,พนม - ช่องชาลี,83+042,8336 ,2499 ,92 ,65 ,27 ,1904 ,621 ,561 ,319 ,152 ,14576 ,12.01 ,6 ,1390 ,ขท.สุราษฎร์ธานีที่ 3 (เวียงสระ),สุราษฎร์ธานี
401,301,ช่องชาลี - ท่าโรงช้าง,102+542,4476 ,3087 ,82 ,25 ,47 ,3247 ,903 ,785 ,684 ,485 ,13821 ,22.89 ,2 ,1264 ,ขท.สุราษฎร์ธานีที่ 1 ,สุราษฎร์ธานี
401,301,ช่องชาลี - ท่าโรงช้าง,120+542,4417 ,2663 ,121 ,12 ,32 ,3063 ,772 ,747 ,752 ,460 ,13039 ,22.64 ,2 ,1181 ,ขท.สุราษฎร์ธานีที่ 1 ,สุราษฎร์ธานี
401,302,กิโลศูนย์ - หนองบัว,149+245,8198 ,8220 ,419 ,486 ,481 ,9939 ,1417 ,831 ,479 ,357 ,30827 ,13.34 ,9 ,4918 ,ขท.สุราษฎร์ธานีที่ 1 ,สุราษฎร์ธานี
401,401,ท่าโรงช้าง - กิโลศูนย์,139+542,3180 ,1374 ,56 ,5 ,0 ,1951 ,459 ,484 ,103 ,1 ,7613 ,15.60 ,1 ,2576 ,ขท.สุราษฎร์ธานีที่ 2 (กาญจนดิษฐ์),สุราษฎร์ธานี
401,402,บางกุ้ง - เขาหัวช้าง,168+379,5985 ,3631 ,339 ,288 ,222 ,10438 ,665 ,588 ,504 ,346 ,23006 ,11.63 ,21 ,5379 ,ขท.สุราษฎร์ธานีที่ 2 (กาญจนดิษฐ์),สุราษฎร์ธานี
401,402,บางกุ้ง - เขาหัวช้าง,196+779,7594 ,960 ,105 ,88 ,85 ,11251 ,780 ,685 ,518 ,341 ,22407 ,11.37 ,16 ,2780 ,ขท.สุราษฎร์ธานีที่ 2 (กาญจนดิษฐ์),สุราษฎร์ธานี
401,402,บางกุ้ง - เขาหัวช้าง,201+079,4425 ,3561 ,81 ,84 ,80 ,11121 ,493 ,494 ,536 ,250 ,21125 ,9.07 ,23 ,2775 ,ขท.สุราษฎร์ธานีที่ 2 (กาญจนดิษฐ์),สุราษฎร์ธานี
401,501,เขาหัวช้าง - สิชล,210+804,2398 ,2282 ,21 ,16 ,12 ,1391 ,828 ,682 ,644 ,33 ,8307 ,25.91 ,8 ,1056 ,ขท.นครศรีธรรมราชที่ 1,นครศรีธรรมราช
401,501,เขาหัวช้าง - สิชล,220+487,5571 ,4881 ,35 ,50 ,24 ,2751 ,736 ,678 ,250 ,137 ,15113 ,12.48 ,14 ,2008 ,ขท.นครศรีธรรมราชที่ 1,นครศรีธรรมราช
401,501,เขาหัวช้าง - สิชล,232+179,5560 ,5150 ,55 ,57 ,53 ,1373 ,813 ,732 ,570 ,68 ,14431 ,16.09 ,8 ,2166 ,ขท.นครศรีธรรมราชที่ 1,นครศรีธรรมราช
401,502,สิชล - ท่าแพ,267+850,5268 ,5022 ,110 ,107 ,61 ,2324 ,838 ,743 ,704 ,201 ,15378 ,17.16 ,41 ,3925 ,ขท.นครศรีธรรมราชที่ 1,นครศรีธรรมราช
401,502,สิชล - ท่าแพ,273+540,5259 ,5037 ,168 ,160 ,56 ,1746 ,757 ,581 ,478 ,98 ,14340 ,14.81 ,39 ,3821 ,ขท.นครศรีธรรมราชที่ 1,นครศรีธรรมราช
401,502,สิชล - ท่าแพ,283+840,5313 ,5027 ,186 ,198 ,73 ,2041 ,669 ,220 ,200 ,157 ,14084 ,11.04 ,50 ,3643 ,ขท.นครศรีธรรมราชที่ 1,นครศรีธรรมราช
401,503,ท่าแพ - นครศรีธรรมราช,290+660,8235 ,7547 ,340 ,37 ,26 ,6103 ,486 ,435 ,203 ,87 ,23499 ,5.62 ,39 ,6378 ,ขท.นครศรีธรรมราชที่ 1,นครศรีธรรมราช
402,101,โคกกลอย - หมากปรก,5+000,5242 ,1678 ,27 ,63 ,145 ,9079 ,792 ,356 ,512 ,561 ,18455 ,13.49 ,14 ,3681 ,ขท.ภูเก็ต,พังงา
402,101,โคกกลอย - หมากปรก,11+206,7890 ,5444 ,47 ,43 ,121 ,8786 ,831 ,668 ,657 ,650 ,25137 ,12.09 ,13 ,5015 ,ขท.ภูเก็ต,ภูเก็ต
402,102,หมากปรก - เมืองภูเก็ต,44+656,19884 ,1519 ,269 ,217 ,225 ,15735 ,365 ,294 ,200 ,101 ,38809 ,3.91 ,15 ,12211 ,ขท.ภูเก็ต,ภูเก็ต
403,100,นครศรีธรรมราช - เสาธง,2+000,6414 ,4748 ,426 ,49 ,44 ,5656 ,661 ,388 ,134 ,64 ,18584 ,7.52 ,49 ,5170 ,ขท.นครศรีธรรมราชที่ 1,นครศรีธรรมราช
403,201,เสาธง - สวนผัก,26+800,11305 ,10938 ,153 ,303 ,124 ,7271 ,927 ,453 ,209 ,110 ,31793 ,6.48 ,22 ,4051 ,ขท.นครศรีธรรมราชที่ 2 (ทุ่งสง),นครศรีธรรมราช
403,202,ทุ่งสง - กะปาง,53+647,9323 ,713 ,12 ,94 ,17 ,11235 ,867 ,811 ,956 ,1009 ,25037 ,15.27 ,5 ,5628 ,ขท.นครศรีธรรมราชที่ 2 (ทุ่งสง),นครศรีธรรมราช
403,301,กะปาง - ห้วยนาง,68+567,4680 ,2999 ,1312 ,1401 ,1436 ,8417 ,2189 ,1996 ,1990 ,1850 ,28270 ,38.67 ,211 ,4303 ,ขท.ตรัง,ตรัง
403,302,ห้วยนาง - ต้นม่วง,92+497,3728 ,813 ,57 ,21 ,35 ,3470 ,319 ,413 ,490 ,431 ,9777 ,14.48 ,3 ,1941 ,ขท.ตรัง,ตรัง
403,303,ต้นม่วง - ตรัง,101+411,2755 ,767 ,109 ,68 ,50 ,3592 ,246 ,301 ,430 ,359 ,8677 ,18.03 ,4 ,821 ,ขท.ตรัง,ตรัง
403,304,ตรัง - กันตัง,126+435,10175 ,9907 ,183 ,160 ,139 ,6984 ,411 ,413 ,396 ,347 ,29115 ,6.06 ,170 ,7428 ,ขท.ตรัง,ตรัง
404,100,ตรัง - บ้านนา,15+000,5861 ,4597 ,134 ,153 ,140 ,8365 ,448 ,433 ,287 ,122 ,20540 ,8.03 ,148 ,4531 ,ขท.ตรัง,ตรัง
404,201,บ้านนา - ละงู,35+000,5926 ,4960 ,719 ,367 ,331 ,5447 ,1958 ,1579 ,1090 ,422 ,22799 ,25.05 ,43 ,4366 ,ขท.สตูล,ตรัง
404,201,บ้านนา - ละงู,44+936,5642 ,5153 ,93 ,148 ,196 ,6920 ,4588 ,829 ,628 ,281 ,24478 ,27.09 ,213 ,6323 ,ขท.สตูล,ตรัง
404,201,บ้านนา - ละงู,70+936,4699 ,3077 ,32 ,42 ,109 ,6177 ,2258 ,1822 ,79 ,37 ,18332 ,23.39 ,57 ,4660 ,ขท.สตูล,สตูล
404,201,บ้านนา - ละงู,94+836,2318 ,1958 ,455 ,207 ,141 ,6577 ,2024 ,1723 ,1650 ,694 ,17747 ,36.07 ,48 ,5706 ,ขท.สตูล,สตูล
404,202,ละงู - ฉลุง,97+663,2981 ,1112 ,38 ,50 ,13 ,2827 ,221 ,101 ,58 ,30 ,7431 ,6.44 ,27 ,2837 ,ขท.สตูล,สตูล
404,202,ละงู - ฉลุง,112+213,2613 ,894 ,29 ,57 ,21 ,3486 ,251 ,128 ,50 ,22 ,7551 ,6.79 ,39 ,2407 ,ขท.สตูล,สตูล
406,101,ปากจ่า - ค่ายรวมมิตร,6+400,1687 ,1737 ,69 ,28 ,7 ,773 ,126 ,69 ,35 ,16 ,4547 ,6.49 ,16 ,1526 ,ขท.สตูล,สงขลา
406,101,ปากจ่า - ค่ายรวมมิตร,25+195,4773 ,4374 ,164 ,76 ,41 ,475 ,123 ,157 ,97 ,83 ,10363 ,5.69 ,43 ,3479 ,ขท.สตูล,สงขลา
406,101,ปากจ่า - ค่ายรวมมิตร,32+195,4314 ,4608 ,181 ,63 ,36 ,913 ,156 ,108 ,124 ,132 ,10635 ,5.91 ,16 ,2664 ,ขท.สตูล,สงขลา
406,102,ค่ายรวมมิตร - คลองขุด,88+595,4145 ,3499 ,217 ,132 ,64 ,2086 ,172 ,84 ,20 ,6 ,10425 ,4.53 ,109 ,4059 ,ขท.สตูล,สตูล
406,103,ศาลากันตง - ตำมะลัง,95+540,2045 ,1687 ,25 ,21 ,5 ,2639 ,27 ,19 ,8 ,5 ,6481 ,1.36 ,39 ,1663 ,ขท.สตูล,สตูล
407,101,คลองหวะ - ควนหิน,0+530,25034 ,8415 ,521 ,146 ,226 ,8177 ,241 ,165 ,36 ,123 ,43084 ,2.20 ,14 ,15339 ,ขท.สงขลาที่ 1,สงขลา
407,101,คลองหวะ - ควนหิน,13+200,8338 ,5178 ,313 ,23 ,72 ,6511 ,245 ,155 ,102 ,101 ,21038 ,3.09 ,10 ,6349 ,ขท.สงขลาที่ 1,สงขลา
407,103,เขารูปช้าง - สงขลา,26+200,3717 ,3245 ,878 ,667 ,444 ,3606 ,655 ,444 ,421 ,379 ,14456 ,22.06 ,203 ,3799 ,ขท.สงขลาที่ 1,สงขลา
408,101,หัวถนน - เฉลิมพระเกียรติ,6+000,5036 ,799 ,487 ,44 ,21 ,4661 ,194 ,90 ,70 ,37 ,11439 ,3.97 ,28 ,4254 ,ขท.นครศรีธรรมราชที่ 1,นครศรีธรรมราช
408,101,หัวถนน - เฉลิมพระเกียรติ,25+000,5008 ,730 ,424 ,74 ,20 ,4656 ,379 ,218 ,92 ,85 ,11686 ,7.55 ,30 ,2628 ,ขท.นครศรีธรรมราชที่ 1,นครศรีธรรมราช
408,102,เฉลิมพระเกียรติ - ปากระวะ,54+400,3045 ,2714 ,50 ,49 ,20 ,1576 ,777 ,616 ,454 ,174 ,9475 ,22.21 ,25 ,2347 ,ขท.นครศรีธรรมราชที่ 1,นครศรีธรรมราช
408,102,เฉลิมพระเกียรติ - ปากระวะ,65+300,2438 ,2139 ,28 ,26 ,25 ,2084 ,465 ,461 ,370 ,367 ,8403 ,20.50 ,10 ,1892 ,ขท.นครศรีธรรมราชที่ 1,นครศรีธรรมราช
408,201,ปากระวะ - ม่วงงาม,85+011,2461 ,790 ,108 ,114 ,71 ,3401 ,279 ,260 ,160 ,127 ,7771 ,12.32 ,57 ,1190 ,ขท.สงขลาที่ 1,สงขลา
408,201,ปากระวะ - ม่วงงาม,120+117,4075 ,1059 ,106 ,133 ,69 ,4243 ,205 ,237 ,173 ,158 ,10458 ,10.33 ,7 ,1391 ,ขท.สงขลาที่ 1,สงขลา
408,202,ม่วงงาม - ทุ่งหวัง,148+617,9358 ,2449 ,714 ,222 ,78 ,6179 ,448 ,669 ,348 ,509 ,20974 ,10.78 ,29 ,4509 ,ขท.สงขลาที่ 1,สงขลา
408,202,ม่วงงาม - ทุ่งหวัง,165+773,9793 ,5117 ,743 ,194 ,103 ,4476 ,971 ,1040 ,679 ,648 ,23764 ,16.38 ,20 ,4949 ,ขท.สงขลาที่ 1,สงขลา
408,202,ม่วงงาม - ทุ่งหวัง,168+413,5741 ,980 ,111 ,28 ,8 ,4462 ,407 ,394 ,138 ,172 ,12441 ,9.39 ,7 ,2438 ,ขท.สงขลาที่ 1,สงขลา
408,203,ทุ่งหวัง - ปลักพ้อ,180+411,5051 ,1526 ,290 ,54 ,63 ,2837 ,482 ,364 ,213 ,155 ,11035 ,12.58 ,35 ,2375 ,ขท.สงขลาที่ 1,สงขลา
408,203,ทุ่งหวัง - ปลักพ้อ,184+911,4059 ,2784 ,271 ,86 ,84 ,2337 ,443 ,249 ,192 ,116 ,10621 ,13.11 ,37 ,2151 ,ขท.สงขลาที่ 1,สงขลา
408,300,ปลักพ้อ - ด่านประกอบ(เขตแดนไทย/มาเลเซีย),219+811,3421 ,3766 ,19 ,7 ,12 ,3801 ,363 ,264 ,149 ,102 ,11904 ,8.22 ,18 ,2750 ,ขท.สงขลาที่ 2 (นาหม่อม),สงขลา
408,300,ปลักพ้อ - ด่านประกอบ(เขตแดนไทย/มาเลเซีย),221+759,3571 ,3347 ,2 ,0 ,16 ,3178 ,189 ,175 ,78 ,61 ,10617 ,4.26 ,120 ,2566 ,ขท.สงขลาที่ 2 (นาหม่อม),สงขลา
409,100,นาเกตุ - ป่าพ้อ,7+444,2643 ,273 ,34 ,16 ,14 ,2112 ,108 ,79 ,102 ,67 ,5448 ,6.95 ,14 ,2802 ,ขท.ปัตตานี,ปัตตานี
409,200,ป่าพ้อ - ท่าสาป,30+519,3151 ,1897 ,26 ,7 ,14 ,2492 ,158 ,178 ,45 ,51 ,8019 ,4.42 ,3 ,2498 ,ขท.ยะลา,ยะลา
410,100,ปัตตานี - ยะลา,12+600,2042 ,1673 ,8 ,9 ,9 ,5 ,9 ,7 ,7 ,0 ,3769 ,1.15 ,9 ,1613 ,ขท.ปัตตานี,ปัตตานี
410,201,ยะลา - ตะบิงติงงี,52+713,2598 ,1931 ,78 ,23 ,27 ,2216 ,197 ,131 ,98 ,63 ,7362 ,7.21 ,17 ,2081 ,ขท.ยะลา,ยะลา
410,202,ตะบิงติงงี - บ่อหิน,94+263,1894 ,711 ,82 ,10 ,11 ,3118 ,157 ,61 ,17 ,15 ,6076 ,4.62 ,5 ,3203 ,ขท.ยะลา,ยะลา
410,202,ตะบิงติงงี - บ่อหิน,105+263,1398 ,701 ,104 ,44 ,13 ,1648 ,107 ,38 ,19 ,17 ,4089 ,5.96 ,11 ,1772 ,ขท.ยะลา,ยะลา
410,203,บ่อหิน - เบตง,133+256,566 ,442 ,36 ,6 ,5 ,189 ,71 ,69 ,36 ,37 ,1457 ,14.45 ,0 ,622 ,ขท.ยะลา,ยะลา
410,203,บ่อหิน - เบตง,146+853,721 ,246 ,37 ,5 ,5 ,156 ,49 ,39 ,21 ,17 ,1296 ,9.12 ,0 ,662 ,ขท.ยะลา,ยะลา
412,100,ทางเข้าระนอง,0+140,4188 ,3426 ,92 ,48 ,4 ,2047 ,91 ,92 ,11 ,9 ,10008 ,2.69 ,24 ,3191 ,ขท.ระนอง,ระนอง
414,102,คลองวง - ท่าท้อน,14+300,11523 ,11769 ,154 ,122 ,117 ,10532 ,1700 ,1240 ,557 ,375 ,38089 ,9.19 ,17 ,7561 ,ขท.สงขลาที่ 1,สงขลา
415,100,นาเหนือ - บางคราม,15+520,2827 ,2657 ,79 ,70 ,74 ,3429 ,286 ,306 ,271 ,250 ,10249 ,12.14 ,37 ,2513 ,ขท.พังงา,กระบี่
415,200,บางคราม - พนม,34+876,3314 ,1202 ,44 ,29 ,43 ,2474 ,444 ,390 ,338 ,78 ,8356 ,16.01 ,4 ,1502 ,ขท.สุราษฎร์ธานีที่ 3 (เวียงสระ),สุราษฎร์ธานี
417,100,ท่าอากาศยานสุราษฎร์ธานี - ค้อล่าง,11+196,7679 ,3373 ,83 ,85 ,94 ,7893 ,1190 ,1348 ,1103 ,847 ,23695 ,20.30 ,8 ,3491 ,ขท.สุราษฎร์ธานีที่ 1 ,สุราษฎร์ธานี
418,100,งาแม่ - ยุโป,10+185,3704 ,2263 ,137 ,56 ,19 ,2095 ,244 ,360 ,96 ,128 ,9102 ,9.21 ,0 ,1088 ,ขท.ปัตตานี,ปัตตานี
418,200,ยุโป - ท่าสาป,30+500,2355 ,1208 ,3 ,55 ,5 ,3114 ,184 ,176 ,148 ,126 ,7374 ,10.04 ,0 ,764 ,ขท.ยะลา,ยะลา
419,100,ถนนวงแหวนรอบเมืองตรัง,2+500,6267 ,4577 ,60 ,0 ,35 ,5440 ,463 ,545 ,512 ,493 ,18392 ,11.45 ,86 ,4314 ,ขท.ตรัง,ตรัง
419,100,ถนนวงแหวนรอบเมืองตรัง,15+500,3829 ,2560 ,126 ,18 ,12 ,5246 ,617 ,529 ,482 ,315 ,13734 ,14.65 ,18 ,3878 ,ขท.ตรัง,ตรัง
420,100,วงแหวนรอบเมืองสุราษฎร์ธานี,3+282,6033 ,4737 ,156 ,160 ,176 ,8952 ,1168 ,1078 ,1060 ,741 ,24261 ,17.79 ,19 ,3663 ,ขท.สุราษฎร์ธานีที่ 1 ,สุราษฎร์ธานี
420,100,วงแหวนรอบเมืองสุราษฎร์ธานี,5+482,7039 ,4484 ,105 ,77 ,67 ,11072 ,1203 ,1238 ,1078 ,956 ,27319 ,16.28 ,18 ,3324 ,ขท.สุราษฎร์ธานีที่ 1 ,สุราษฎร์ธานี
420,100,วงแหวนรอบเมืองสุราษฎร์ธานี,30+959,1881 ,1811 ,74 ,83 ,96 ,1845 ,997 ,1021 ,886 ,841 ,9535 ,39.71 ,12 ,1319 ,ขท.สุราษฎร์ธานีที่ 1 ,สุราษฎร์ธานี
1001,100,เชียงใหม่ - บ้านโป่ง,1+000,36094 ,13796 ,964 ,560 ,337 ,2333 ,676 ,437 ,331 ,180 ,55708 ,4.58 ,69 ,22601 ,ขท.เชียงใหม่ที่ 2,เชียงใหม่
1001,100,เชียงใหม่ - บ้านโป่ง,30+300,3439 ,2119 ,393 ,119 ,40 ,2485 ,257 ,58 ,46 ,40 ,8996 ,6.94 ,40 ,1668 ,ขท.เชียงใหม่ที่ 2,เชียงใหม่
1001,200,บ้านโป่ง - พร้าว,53+000,648 ,194 ,60 ,14 ,11 ,1998 ,111 ,37 ,8 ,10 ,3091 ,6.08 ,99 ,479 ,ขท.เชียงใหม่ที่ 3,เชียงใหม่
1001,200,บ้านโป่ง - พร้าว,88+200,1338 ,294 ,70 ,19 ,17 ,3249 ,170 ,48 ,13 ,13 ,5231 ,5.26 ,114 ,1376 ,ขท.เชียงใหม่ที่ 3,เชียงใหม่
1004,100,ห้วยแก้ว - พระตำหนักภูพิงคราชนิเวศน์,4+000,4015 ,2589 ,2400 ,361 ,170 ,2476 ,97 ,0 ,0 ,0 ,12108 ,5.55 ,625 ,2878 ,ขท.เชียงใหม่ที่ 2,เชียงใหม่
1006,100,เชียงใหม่ - ออนหลวย,10+000,24541 ,6768 ,525 ,0 ,19 ,9472 ,638 ,22 ,12 ,0 ,41997 ,1.49 ,53 ,11542 ,ขท.เชียงใหม่ที่ 2,เชียงใหม่
1006,100,เชียงใหม่ - ออนหลวย,18+400,1511 ,680 ,166 ,0 ,0 ,2439 ,442 ,18 ,0 ,0 ,5256 ,6.81 ,63 ,2867 ,ขท.เชียงใหม่ที่ 2,เชียงใหม่
1007,100,ทางเข้าดอยสะเก็ด,0+100,4625 ,1859 ,165 ,0 ,0 ,3649 ,261 ,8 ,1 ,0 ,10568 ,2.21 ,99 ,3729 ,ขท.เชียงใหม่ที่ 2,เชียงใหม่
1009,100,จอมทอง - ดอยอินทนนท์,1+000,2435 ,1466 ,66 ,12 ,0 ,2479 ,98 ,12 ,5 ,1 ,6574 ,2.70 ,0 ,2055 ,ขท.เชียงใหม่ที่ 1,เชียงใหม่
1010,100,ปากทางท่าลี่ - ร้องธาร,0+500,1402 ,270 ,1 ,0 ,0 ,1926 ,129 ,47 ,27 ,35 ,3837 ,5.95 ,3 ,1040 ,ขท.เชียงใหม่ที่ 1,เชียงใหม่
1010,200,ร้องธาร - ม่วงโตน,17+190,904 ,117 ,6 ,0 ,0 ,124 ,46 ,10 ,3 ,2 ,1212 ,5.29 ,8 ,528 ,ขท.ลำพูน,ลำพูน
1012,100,ฮอด - วังลุง,5+725,964 ,62 ,24 ,7 ,0 ,1613 ,82 ,26 ,150 ,149 ,3077 ,13.06 ,15 ,1666 ,ขท.เชียงใหม่ที่ 1,เชียงใหม่
1013,100,สันป่าตอง - บ้านกาด,4+000,1751 ,326 ,157 ,0 ,0 ,2990 ,598 ,81 ,39 ,13 ,5955 ,10.98 ,81 ,3051 ,ขท.เชียงใหม่ที่ 1,เชียงใหม่
1014,101,ดอยสะเก็ด - ป่าบง,1+000,4099 ,2467 ,168 ,168 ,6 ,235 ,113 ,12 ,2 ,3 ,7273 ,2.98 ,201 ,2834 ,ขท.เชียงใหม่ที่ 2,เชียงใหม่
1014,102,ป่าบง - สันป่าคา,14+600,6187 ,1215 ,621 ,443 ,18 ,7110 ,839 ,146 ,13 ,5 ,16597 ,5.40 ,101 ,4955 ,ขท.เชียงใหม่ที่ 2,เชียงใหม่
1015,100,ลำพูน - สะพานศรีวิชัย,2+000,15772 ,685 ,65 ,56 ,27 ,227 ,184 ,82 ,71 ,48 ,17217 ,2.79 ,100 ,14479 ,ขท.ลำพูน,ลำพูน
1015,200,สะพานศรีวิชัย - สันป่าตอง,5+000,2439 ,400 ,53 ,5 ,5 ,2925 ,189 ,14 ,0 ,0 ,6030 ,3.57 ,20 ,2183 ,ขท.เชียงใหม่ที่ 1,เชียงใหม่
1016,100,แม่จัน - กิ่วพร้าว,2+000,5264 ,1625 ,56 ,40 ,26 ,5759 ,265 ,223 ,123 ,63 ,13444 ,5.48 ,65 ,1954 ,ขท.เชียงรายที่ 1,เชียงราย
1016,200,กิ่วพร้าว - เชียงแสน,12+370,3358 ,1503 ,481 ,375 ,404 ,4954 ,470 ,513 ,665 ,404 ,13127 ,21.75 ,418 ,2180 ,ขท.เชียงรายที่ 2,เชียงราย
1020,100,เชียงราย - โป่งเกลือ,6+000,7382 ,1855 ,72 ,69 ,0 ,7348 ,619 ,494 ,1814 ,1562 ,21215 ,21.02 ,377 ,5593 ,ขท.เชียงรายที่ 1,เชียงราย
1020,201,โป่งเกลือ - บ้านปล้อง,36+000,3472 ,1172 ,216 ,142 ,105 ,4574 ,677 ,396 ,302 ,218 ,11274 ,16.64 ,296 ,2136 ,ขท.เชียงรายที่ 2,เชียงราย
1020,202,บ้านปล้อง - ชมภู,53+500,3387 ,1832 ,358 ,288 ,211 ,2046 ,521 ,311 ,220 ,143 ,9317 ,19.13 ,498 ,2605 ,ขท.เชียงรายที่ 2,เชียงราย
1020,202,บ้านปล้อง - ชมภู,60+000,2319 ,1067 ,37 ,26 ,34 ,4686 ,216 ,173 ,151 ,133 ,8842 ,8.72 ,151 ,1843 ,ขท.เชียงรายที่ 2,เชียงราย
1020,202,บ้านปล้อง - ชมภู,74+000,1430 ,519 ,36 ,27 ,34 ,3377 ,235 ,188 ,162 ,357 ,6365 ,13.84 ,114 ,1113 ,ขท.เชียงรายที่ 2,เชียงราย
1020,203,ชมภู - เชียงของ,106+000,1829 ,912 ,352 ,243 ,247 ,5674 ,1147 ,966 ,952 ,1078 ,13400 ,35.61 ,351 ,1552 ,ขท.เชียงรายที่ 2,เชียงราย
1021,101,แม่ต๋ำ - บ้านใหม่,7+800,3851 ,695 ,47 ,40 ,75 ,3357 ,428 ,376 ,451 ,291 ,9611 ,12.56 ,27 ,2124 ,ขท.พะเยา,พะเยา
1021,102,บ้านใหม่ - น้ำแวน,46+592,1489 ,835 ,13 ,11 ,14 ,1566 ,241 ,90 ,112 ,119 ,4490 ,14.47 ,16 ,797 ,ขท.พะเยา,พะเยา
1021,103,น้ำแวน - สะแล่ง,70+000,2734 ,561 ,12 ,12 ,21 ,4379 ,208 ,71 ,84 ,160 ,8242 ,6.76 ,9 ,1936 ,ขท.พะเยา,พะเยา
1021,103,น้ำแวน - สะแล่ง,87+108,911 ,408 ,7 ,16 ,19 ,2014 ,121 ,36 ,79 ,127 ,3738 ,12.05 ,4 ,459 ,ขท.พะเยา,พะเยา
1022,102,แยกนาจักร - น้ำกาย,5+000,1676 ,868 ,54 ,36 ,0 ,1939 ,294 ,78 ,46 ,43 ,5034 ,9.60 ,29 ,1523 ,ขท.แพร่,แพร่
1023,101,แพร่ - แยกแม่แขม,5+525,2162 ,1273 ,64 ,43 ,37 ,1569 ,338 ,110 ,99 ,62 ,5757 ,11.68 ,18 ,1430 ,ขท.แพร่,แพร่
1023,101,แพร่ - แยกแม่แขม,38+120,1758 ,1153 ,63 ,44 ,32 ,1817 ,216 ,96 ,83 ,52 ,5314 ,10.67 ,19 ,1505 ,ขท.แพร่,แพร่
1023,101,แพร่ - แยกแม่แขม,42+620,1666 ,1136 ,60 ,49 ,32 ,2098 ,296 ,126 ,88 ,56 ,5607 ,11.70 ,24 ,1465 ,ขท.แพร่,แพร่
1023,101,แพร่ - แยกแม่แขม,55+620,1218 ,795 ,52 ,47 ,27 ,1988 ,298 ,84 ,76 ,58 ,4643 ,13.36 ,0 ,1065 ,ขท.แพร่,แพร่
1024,100,สวนเขื่อน - ปากห้วยอ้อย,2+000,251 ,68 ,0 ,0 ,0 ,347 ,96 ,27 ,24 ,25 ,838 ,19.29 ,0 ,395 ,ขท.แพร่,แพร่
1024,100,สวนเขื่อน - ปากห้วยอ้อย,11+875,200 ,57 ,0 ,0 ,0 ,332 ,30 ,0 ,0 ,0 ,619 ,4.97 ,0 ,602 ,ขท.แพร่,แพร่
1026,102,ดอนไชย - ผาเวียง,9+000,824 ,655 ,116 ,22 ,3 ,944 ,628 ,446 ,94 ,46 ,3778 ,30.67 ,224 ,847 ,ขท.น่านที่ 1,น่าน
1026,103,ผาเวียง - ปากนาย,40+230,1128 ,172 ,17 ,9 ,1 ,123 ,103 ,26 ,9 ,3 ,1591 ,8.67 ,16 ,890 ,ขท.น่านที่ 1,น่าน
1026,103,ผาเวียง - ปากนาย,56+457,382 ,113 ,8 ,1 ,0 ,126 ,95 ,35 ,9 ,4 ,773 ,16.52 ,10 ,466 ,ขท.น่านที่ 1,น่าน
1030,100,ป่าเห็ว - ริมปิง,1+300,10814 ,227 ,23 ,16 ,0 ,101 ,85 ,42 ,21 ,15 ,11344 ,1.50 ,64 ,8629 ,ขท.ลำพูน,ลำพูน
1033,100,แม่ทา - ท่าจักร,28+930,15167 ,338 ,34 ,25 ,0 ,329 ,286 ,121 ,77 ,61 ,16438 ,3.86 ,85 ,13235 ,ขท.ลำพูน,ลำพูน
1034,100,เกาะคา - ห้างฉัตร,1+300,4451 ,583 ,61 ,25 ,43 ,3714 ,614 ,199 ,77 ,66 ,9833 ,11.64 ,71 ,3324 ,ขท.ลำปางที่ 1,ลำปาง
1034,100,เกาะคา - ห้างฉัตร,3+592,2535 ,885 ,9 ,39 ,23 ,2905 ,703 ,99 ,49 ,34 ,7281 ,17.01 ,32 ,1506 ,ขท.ลำปางที่ 1,ลำปาง
1034,100,เกาะคา - ห้างฉัตร,13+074,3153 ,721 ,71 ,135 ,36 ,1290 ,650 ,180 ,103 ,49 ,6388 ,20.45 ,24 ,1331 ,ขท.ลำปางที่ 1,ลำปาง
1035,101,วังหม้อพัฒนา - สำเภาทอง,14+500,8143 ,8040 ,645 ,474 ,450 ,8221 ,1006 ,1155 ,1028 ,724 ,29886 ,16.53 ,224 ,7342 ,ขท.ลำปางที่ 2,ลำปาง
1035,102,สำเภาทอง - สันติสุข,52+500,3092 ,976 ,815 ,673 ,547 ,1926 ,820 ,791 ,757 ,683 ,11080 ,39.00 ,402 ,2215 ,ขท.ลำปางที่ 2,ลำปาง
1035,103,สันติสุข - วังเหนือ,60+900,2327 ,1552 ,552 ,466 ,325 ,2485 ,587 ,387 ,403 ,291 ,9375 ,25.14 ,217 ,2152 ,ขท.ลำปางที่ 2,ลำปาง
1036,100,บ้านฟ่อน - ศูนย์สร้างทางลำปาง,5+600,1806 ,104 ,17 ,0 ,0 ,2604 ,125 ,109 ,106 ,26 ,4897 ,6.56 ,9 ,1121 ,ขท.ลำปางที่ 1,ลำปาง
1036,100,บ้านฟ่อน - ศูนย์สร้างทางลำปาง,27+135,1205 ,77 ,19 ,8 ,0 ,1592 ,280 ,70 ,124 ,25 ,3400 ,13.28 ,0 ,1003 ,ขท.ลำปางที่ 1,ลำปาง
1037,100,ศรีชุม - แม่ทะ,8+500,4573 ,4083 ,928 ,858 ,948 ,3876 ,955 ,910 ,816 ,826 ,18773 ,27.66 ,536 ,3120 ,ขท.ลำปางที่ 1,ลำปาง
1037,100,ศรีชุม - แม่ทะ,17+256,2531 ,2232 ,538 ,607 ,601 ,2445 ,902 ,696 ,626 ,598 ,11776 ,35.32 ,491 ,1821 ,ขท.ลำปางที่ 1,ลำปาง
1039,100,ดงสันเงิน - ขามแดง,5+800,10724 ,10512 ,937 ,703 ,588 ,11315 ,647 ,610 ,542 ,563 ,37141 ,9.36 ,467 ,8785 ,ขท.ลำปางที่ 2,ลำปาง
1040,100,ท่าทอง - หาดกรวด,0+500,1908 ,627 ,26 ,70 ,32 ,834 ,190 ,78 ,67 ,32 ,3864 ,16.62 ,10 ,1412 ,ขท.อุตรดิตถ์ที่ 1,อุตรดิตถ์
1041,100,พระแท่น - อุตรดิตถ์,1+010,1324 ,408 ,20 ,0 ,0 ,2015 ,81 ,33 ,46 ,3 ,3930 ,3.57 ,19 ,1266 ,ขท.อุตรดิตถ์ที่ 1,อุตรดิตถ์
1041,100,พระแท่น - อุตรดิตถ์,10+300,3929 ,739 ,97 ,31 ,0 ,3953 ,206 ,96 ,67 ,17 ,9135 ,4.54 ,21 ,3450 ,ขท.อุตรดิตถ์ที่ 1,อุตรดิตถ์
1045,100,อุตรดิตถ์ - วังสีสูบ,2+688,4815 ,867 ,268 ,5 ,9 ,5107 ,148 ,120 ,82 ,11 ,11432 ,4.32 ,8 ,4324 ,ขท.อุตรดิตถ์ที่ 1,อุตรดิตถ์
1045,201,วังสีสูบ - เขื่อนสิริกิติ์,10+798,5552 ,5065 ,45 ,32 ,36 ,10764 ,49 ,46 ,40 ,39 ,21668 ,1.23 ,0 ,10583 ,ขท.อุตรดิตถ์ที่ 2,อุตรดิตถ์
1045,201,วังสีสูบ - เขื่อนสิริกิติ์,32+373,4561 ,5284 ,47 ,35 ,37 ,5420 ,30 ,29 ,31 ,27 ,15501 ,1.10 ,33 ,4440 ,ขท.อุตรดิตถ์ที่ 2,อุตรดิตถ์
1045,202,เขื่อนสิริกิติ์ - ห้วยหูด,55+986,992 ,629 ,38 ,27 ,49 ,1590 ,650 ,524 ,32 ,3 ,4534 ,29.54 ,0 ,1294 ,ขท.อุตรดิตถ์ที่ 2,อุตรดิตถ์
1046,100,ทุ่งยั้ง - ดงสระแก้ว,0+500,1511 ,1015 ,29 ,14 ,9 ,1492 ,155 ,156 ,28 ,11 ,4420 ,6.88 ,27 ,2094 ,ขท.อุตรดิตถ์ที่ 1,อุตรดิตถ์
1053,100,ทางเข้าบ้านหลุม,2+500,2629 ,2503 ,169 ,161 ,163 ,198 ,201 ,206 ,202 ,193 ,6625 ,15.74 ,145 ,2068 ,ขท.สุโขทัย,สุโขทัย
1054,101,บ้านสวน - ตาลเตี้ย,1+100,3596 ,2759 ,146 ,155 ,156 ,203 ,191 ,193 ,196 ,184 ,7779 ,16.38 ,137 ,2935 ,ขท.สุโขทัย,สุโขทัย
1055,100,กงไกรลาศ - หนองตูม,4+125,1182 ,204 ,3 ,6 ,1 ,1523 ,265 ,420 ,259 ,281 ,4144 ,30.62 ,19 ,621 ,ขท.พิษณุโลกที่ 1,สุโขทัย
1056,101,ศรีสำโรง - ดอนโก,2+750,1275 ,1451 ,42 ,23 ,14 ,293 ,131 ,83 ,77 ,58 ,3447 ,9.41 ,46 ,1464 ,ขท.สุโขทัย,สุโขทัย
1057,100,กกแรต - คลองตะเข้,3+500,2018 ,1855 ,0 ,0 ,0 ,814 ,717 ,585 ,464 ,313 ,6766 ,14.37 ,27 ,1493 ,ขท.พิษณุโลกที่ 1,สุโขทัย
1058,100,แยกต้นหว้า - พิษณุโลก,0+250,9795 ,7080 ,605 ,582 ,504 ,6319 ,1330 ,273 ,233 ,143 ,26864 ,11.96 ,84 ,7645 ,ขท.พิษณุโลกที่ 1,พิษณุโลก
1061,100,แยกเรือนแพ - พิษณุโลก,1+700,22240 ,1013 ,507 ,56 ,78 ,2014 ,464 ,42 ,28 ,13 ,26455 ,3.11 ,171 ,14946 ,ขท.พิษณุโลกที่ 1,พิษณุโลก
1063,100,พิษณุโลก - บางกระทุ่ม,3+500,12287 ,3375 ,149 ,1 ,3 ,5932 ,1628 ,235 ,37 ,28 ,23675 ,7.86 ,41 ,7898 ,ขท.พิษณุโลกที่ 1,พิษณุโลก
1063,100,พิษณุโลก - บางกระทุ่ม,12+350,6400 ,1615 ,51 ,2 ,0 ,1835 ,840 ,257 ,217 ,28 ,11245 ,12.17 ,29 ,3837 ,ขท.พิษณุโลกที่ 1,พิษณุโลก
1064,100,พิษณุโลก - บึงพระ,3+000,13182 ,1300 ,43 ,0 ,0 ,2491 ,699 ,239 ,113 ,28 ,18095 ,5.55 ,135 ,8794 ,ขท.พิษณุโลกที่ 1,พิษณุโลก
1065,101,พรานกระต่าย - หนองกุลา,25+500,2580 ,1607 ,10 ,7 ,11 ,3763 ,449 ,879 ,848 ,1017 ,11171 ,31.01 ,30 ,2522 ,ขท.พิษณุโลกที่ 1,กำแพงเพชร
1065,102,หนองกุลา - พิษณุโลก,59+300,4630 ,1192 ,70 ,32 ,59 ,3846 ,767 ,647 ,801 ,307 ,12351 ,23.74 ,146 ,3471 ,ขท.พิษณุโลกที่ 1,พิษณุโลก
1065,102,หนองกุลา - พิษณุโลก,67+336,4432 ,1356 ,93 ,41 ,78 ,4145 ,774 ,651 ,642 ,494 ,12706 ,24.98 ,154 ,3692 ,ขท.พิษณุโลกที่ 1,พิษณุโลก
1067,102,หอไกร - สี่แยกโพธิ์ไทรงาม,5+300,2185 ,1414 ,14 ,13 ,6 ,1540 ,449 ,314 ,338 ,308 ,6581 ,24.20 ,31 ,1126 ,ขท.พิจิตร,พิจิตร
1068,101,คลองคะเชนทร์ - โพธิ์ประทับช้าง,0+400,1307 ,408 ,0 ,0 ,0 ,1813 ,76 ,42 ,22 ,14 ,3682 ,5.03 ,37 ,2449 ,ขท.พิจิตร,พิจิตร
1068,101,คลองคะเชนทร์ - โพธิ์ประทับช้าง,14+500,895 ,542 ,0 ,0 ,0 ,877 ,83 ,57 ,17 ,13 ,2484 ,6.99 ,7 ,746 ,ขท.พิจิตร,พิจิตร
1069,100,บางมูลนาก - ตลิ่งชัน,5+420,1856 ,2052 ,0 ,0 ,0 ,1581 ,163 ,136 ,155 ,95 ,6038 ,8.94 ,64 ,1364 ,ขท.พิจิตร,พิจิตร
1069,100,บางมูลนาก - ตลิ่งชัน,24+420,1117 ,971 ,0 ,0 ,0 ,1655 ,152 ,124 ,91 ,103 ,4213 ,11.41 ,29 ,1207 ,ขท.พิจิตร,พิจิตร
1070,101,ตะพานหิน - ไผ่ท่าโพ,20+000,2527 ,1686 ,26 ,24 ,3 ,1988 ,102 ,279 ,286 ,256 ,7177 ,13.18 ,25 ,3799 ,ขท.พิจิตร,พิจิตร
1072,101,หนองเบน - ลาดยาว,1+000,2282 ,1822 ,6 ,6 ,9 ,318 ,95 ,59 ,56 ,35 ,4688 ,9.21 ,7 ,1163 ,ขท.นครสวรรค์ที่ 1,นครสวรรค์
1072,102,ลาดยาว - เขาชนกัน,34+509,3430 ,3382 ,17 ,12 ,11 ,2177 ,834 ,544 ,690 ,527 ,11624 ,26.11 ,18 ,3521 ,ขท.นครสวรรค์ที่ 1,นครสวรรค์
1072,102,ลาดยาว - เขาชนกัน,44+500,2066 ,2042 ,19 ,12 ,12 ,1815 ,846 ,771 ,589 ,531 ,8703 ,37.20 ,20 ,2188 ,ขท.นครสวรรค์ที่ 1,นครสวรรค์
1072,201,เขาชนกัน - มอตะแบก,89+190,1031 ,645 ,7 ,2 ,6 ,1590 ,85 ,42 ,56 ,13 ,3477 ,6.90 ,21 ,1144 ,ขท.กำแพงเพชร,กำแพงเพชร
1073,100,หนองสังข์ - คลองชะแวด,4+130,715 ,533 ,0 ,0 ,4 ,813 ,148 ,175 ,112 ,12 ,2512 ,20.33 ,15 ,1098 ,ขท.นครสวรรค์ที่ 1,นครสวรรค์
1073,100,หนองสังข์ - คลองชะแวด,12+780,1624 ,1282 ,0 ,0 ,0 ,2299 ,189 ,150 ,89 ,69 ,5702 ,11.05 ,6 ,2353 ,ขท.นครสวรรค์ที่ 1,นครสวรรค์
1073,100,หนองสังข์ - คลองชะแวด,37+795,480 ,458 ,0 ,0 ,0 ,1020 ,394 ,416 ,326 ,334 ,3428 ,41.12 ,19 ,660 ,ขท.นครสวรรค์ที่ 1,นครสวรรค์
1073,200,คลองชะแวด - สี่แยกโพธิ์ไทรงาม,43+295,894 ,863 ,0 ,0 ,0 ,730 ,176 ,157 ,104 ,165 ,3089 ,18.26 ,0 ,542 ,ขท.พิจิตร,พิจิตร
1074,101,สลกบาตร - ทุ่งสนุ่น,9+000,4056 ,3422 ,0 ,9 ,1 ,5789 ,119 ,85 ,119 ,62 ,13662 ,2.61 ,5 ,2807 ,ขท.กำแพงเพชร,กำแพงเพชร
1074,200,บึงบ้าน - สี่แยกหนองหัวปลวก,59+595,1262 ,910 ,0 ,0 ,0 ,1252 ,609 ,614 ,696 ,564 ,5907 ,40.50 ,242 ,611 ,ขท.พิจิตร,พิจิตร
1081,101,ปัว - ดอนมูล,6+000,2274 ,657 ,57 ,32 ,22 ,1144 ,640 ,396 ,38 ,24 ,5284 ,22.64 ,201 ,1596 ,ขท.น่านที่ 2,น่าน
1081,101,ปัว - ดอนมูล,12+625,1891 ,849 ,36 ,29 ,26 ,958 ,443 ,33 ,27 ,28 ,4320 ,14.91 ,343 ,1548 ,ขท.น่านที่ 2,น่าน
1081,102,หลักลาย - บ่อเกลือ,49+150,359 ,265 ,3 ,0 ,0 ,196 ,156 ,79 ,30 ,5 ,1093 ,24.28 ,0 ,210 ,ขท.น่านที่ 2,น่าน
1081,102,หลักลาย - บ่อเกลือ,70+892,292 ,156 ,6 ,0 ,0 ,119 ,101 ,58 ,37 ,0 ,769 ,19.40 ,16 ,247 ,ขท.น่านที่ 2,น่าน
1081,103,บ่อเกลือ - เฉลิมพระเกียรติ,101+392,365 ,39 ,12 ,3 ,0 ,276 ,234 ,169 ,81 ,11 ,1190 ,43.44 ,0 ,404 ,ขท.น่านที่ 2,น่าน
1081,103,บ่อเกลือ - เฉลิมพระเกียรติ,148+942,401 ,22 ,3 ,0 ,0 ,317 ,260 ,197 ,114 ,24 ,1338 ,46.17 ,0 ,475 ,ขท.น่านที่ 2,น่าน
1081,200,ดอนมูล - หลักลาย,29+150,2047 ,533 ,36 ,0 ,0 ,449 ,349 ,225 ,112 ,0 ,3751 ,17.31 ,25 ,1694 ,ขท.น่านที่ 1,น่าน
1083,100,ห้วยน้อยกา - เด่นชาติ,0+900,644 ,23 ,0 ,0 ,0 ,22 ,28 ,28 ,24 ,0 ,769 ,9.90 ,29 ,686 ,ขท.อุตรดิตถ์ที่ 2,อุตรดิตถ์
1083,100,ห้วยน้อยกา - เด่นชาติ,11+824,477 ,13 ,0 ,0 ,0 ,10 ,29 ,21 ,17 ,0 ,567 ,12.31 ,0 ,489 ,ขท.อุตรดิตถ์ที่ 2,อุตรดิตถ์
1083,200,เด่นชาติ - นาน้อย,74+524,598 ,79 ,4 ,0 ,0 ,56 ,40 ,8 ,0 ,0 ,785 ,5.67 ,14 ,648 ,ขท.น่านที่ 1,น่าน
1084,100,ป่าแดง - หาดชะอม,3+315,1363 ,981 ,28 ,1 ,2 ,2324 ,273 ,272 ,179 ,172 ,5595 ,22.16 ,1 ,1550 ,ขท.นครสวรรค์ที่ 1,นครสวรรค์
1084,100,ป่าแดง - หาดชะอม,41+373,307 ,228 ,0 ,2 ,0 ,1131 ,106 ,124 ,115 ,93 ,2106 ,17.39 ,29 ,839 ,ขท.นครสวรรค์ที่ 1,นครสวรรค์
1084,200,หาดชะอม - กำแพงเพชร,51+500,1419 ,1326 ,3 ,0 ,1 ,1304 ,89 ,64 ,68 ,63 ,4337 ,6.82 ,8 ,1019 ,ขท.กำแพงเพชร,กำแพงเพชร
1084,200,หาดชะอม - กำแพงเพชร,90+500,2617 ,1499 ,15 ,15 ,5 ,2904 ,256 ,271 ,401 ,259 ,8242 ,13.99 ,48 ,2004 ,ขท.กำแพงเพชร,กำแพงเพชร
1084,200,หาดชะอม - กำแพงเพชร,114+200,7550 ,4781 ,92 ,42 ,36 ,4793 ,152 ,115 ,107 ,77 ,17745 ,2.45 ,26 ,4820 ,ขท.กำแพงเพชร,กำแพงเพชร
1086,100,พิษณุโลก - มะขามสูง,2+000,14837 ,715 ,134 ,23 ,30 ,643 ,173 ,49 ,42 ,26 ,16672 ,1.41 ,117 ,10962 ,ขท.พิษณุโลกที่ 1,พิษณุโลก
1087,100,ลี้ - ก้อทุ่ง,15+400,798 ,321 ,10 ,2 ,0 ,68 ,43 ,18 ,6 ,0 ,1266 ,6.66 ,14 ,702 ,ขท.ลำพูน,ลำพูน
1088,101,ออบหลวง - สะพานห้วยแม่เม็ง,9+000,293 ,246 ,2 ,0 ,0 ,447 ,200 ,115 ,69 ,1 ,1373 ,27.37 ,0 ,370 ,ขท.เชียงใหม่ที่ 1,เชียงใหม่
1088,102,สะพานห้วยแม่เม็ง - แม่ซา,50+142,603 ,162 ,15 ,0 ,11 ,625 ,38 ,0 ,0 ,0 ,1454 ,3.84 ,21 ,478 ,ขท.เชียงใหม่ที่ 1,เชียงใหม่
1089,100,ผาเดื่อ - ห้วยหินฝน,2+000,40 ,28 ,0 ,0 ,0 ,68 ,29 ,0 ,0 ,0 ,165 ,16.05 ,24 ,96 ,ขท.เชียงรายที่ 1,เชียงราย
1090,101,แม่สอด - ห้วยน้ำริน,17+000,6288 ,231 ,193 ,11 ,6 ,2587 ,350 ,163 ,175 ,126 ,10130 ,7.77 ,34 ,1762 ,ขท.ตากที่ 2 (แม่สอด),ตาก
1090,101,แม่สอด - ห้วยน้ำริน,22+137,456 ,76 ,10 ,2 ,0 ,701 ,280 ,106 ,149 ,101 ,1881 ,30.84 ,5 ,342 ,ขท.ตากที่ 2 (แม่สอด),ตาก
1090,101,แม่สอด - ห้วยน้ำริน,37+839,2019 ,2007 ,88 ,8 ,5 ,2695 ,124 ,98 ,57 ,38 ,7139 ,4.28 ,7 ,971 ,ขท.ตากที่ 2 (แม่สอด),ตาก
1090,102,ห้วยน้ำริน - อุ้มผาง,89+089,458 ,480 ,45 ,2 ,0 ,676 ,85 ,118 ,6 ,0 ,1870 ,11.37 ,9 ,453 ,ขท.ตากที่ 2 (แม่สอด),ตาก
1090,103,อุ้มผาง - กะแง่คี,167+799,523 ,688 ,95 ,1 ,0 ,752 ,40 ,9 ,1 ,1 ,2110 ,2.84 ,42 ,2014 ,ขท.ตากที่ 2 (แม่สอด),ตาก
1091,101,จุน - ห้วยคอกหมู,5+000,1366 ,471 ,3 ,7 ,5 ,2242 ,188 ,64 ,120 ,11 ,4477 ,8.44 ,12 ,1306 ,ขท.พะเยา,พะเยา
1091,102,ห้วยคอกหมู - ป่าแดง,27+350,1936 ,82 ,7 ,4 ,13 ,2012 ,153 ,54 ,90 ,20 ,4371 ,7.83 ,5 ,1030 ,ขท.พะเยา,พะเยา
1091,102,ห้วยคอกหมู - ป่าแดง,34+000,606 ,385 ,12 ,27 ,13 ,1385 ,177 ,61 ,66 ,24 ,2756 ,10.84 ,13 ,716 ,ขท.พะเยา,พะเยา
1091,103,ป่าแดง - ปงสนุก,58+600,815 ,396 ,12 ,3 ,5 ,910 ,160 ,70 ,15 ,25 ,2411 ,11.45 ,2 ,513 ,ขท.พะเยา,พะเยา
1091,200,ปงสนุก - น่าน,86+327,216 ,111 ,0 ,0 ,0 ,523 ,115 ,13 ,9 ,9 ,996 ,17.83 ,0 ,410 ,ขท.น่านที่ 1,น่าน
1091,200,ปงสนุก - น่าน,134+527,11726 ,852 ,16 ,12 ,7 ,9985 ,469 ,163 ,151 ,67 ,23448 ,2.98 ,191 ,8928 ,ขท.น่านที่ 1,น่าน
1092,100,ปง - ปัวดอย,5+000,1002 ,292 ,2 ,7 ,4 ,1088 ,99 ,26 ,16 ,4 ,2540 ,6.45 ,4 ,685 ,ขท.พะเยา,พะเยา
1092,200,ปัวดอย - สิบสองพัฒนา,16+000,1062 ,1100 ,0 ,0 ,0 ,1975 ,1106 ,616 ,538 ,450 ,6847 ,39.78 ,594 ,2176 ,ขท.น่านที่ 2,พะเยา
1093,100,สบบง - ขุนห้วยไคร้,5+000,693 ,320 ,7 ,0 ,0 ,1234 ,73 ,4 ,5 ,0 ,2336 ,3.40 ,39 ,832 ,ขท.พะเยา,พะเยา
1093,200,ขุนห้วยไคร้ - ผาตั้ง,53+926,892 ,547 ,0 ,0 ,0 ,1155 ,119 ,0 ,0 ,0 ,2713 ,3.18 ,110 ,1068 ,ขท.เชียงรายที่ 2,เชียงราย
1093,200,ขุนห้วยไคร้ - ผาตั้ง,65+426,1015 ,646 ,0 ,0 ,0 ,1062 ,130 ,0 ,0 ,0 ,2853 ,3.48 ,84 ,1281 ,ขท.เชียงรายที่ 2,เชียงราย
1095,101,หนองโค้ง - กิ่วคอหมา,0+700,1740 ,344 ,12 ,1 ,6 ,3156 ,317 ,50 ,135 ,21 ,5782 ,9.25 ,7 ,1489 ,ขท.เชียงใหม่ที่ 3,เชียงใหม่
1095,101,หนองโค้ง - กิ่วคอหมา,14+584,792 ,290 ,75 ,2 ,0 ,1367 ,162 ,23 ,12 ,7 ,2730 ,8.46 ,25 ,767 ,ขท.เชียงใหม่ที่ 3,เชียงใหม่
1095,101,หนองโค้ง - กิ่วคอหมา,36+284,592 ,210 ,1 ,1 ,0 ,1062 ,96 ,18 ,13 ,2 ,1995 ,6.42 ,8 ,518 ,ขท.เชียงใหม่ที่ 3,เชียงใหม่
1095,201,กิ่วคอหมา - กิ่วลม,88+417,236 ,179 ,54 ,19 ,1 ,205 ,116 ,26 ,10 ,0 ,846 ,20.38 ,0 ,357 ,ขท.แม่ฮ่องสอน,แม่ฮ่องสอน
1095,202,กิ่วลม - ห้วยซลอบ,130+284,245 ,232 ,27 ,31 ,0 ,481 ,75 ,21 ,9 ,2 ,1123 ,13.28 ,0 ,412 ,ขท.แม่ฮ่องสอน,แม่ฮ่องสอน
1095,203,ห้วยซลอบ - แม่ฮ่องสอน,201+034,2257 ,226 ,107 ,39 ,19 ,330 ,154 ,45 ,39 ,0 ,3216 ,13.52 ,11 ,1992 ,ขท.แม่ฮ่องสอน,แม่ฮ่องสอน
1096,100,แม่ริม - ปางดะ,3+400,5197 ,375 ,176 ,0 ,0 ,552 ,253 ,50 ,34 ,0 ,6637 ,5.41 ,22 ,2392 ,ขท.เชียงใหม่ที่ 2,เชียงใหม่
1097,100,เชียงกลาง - หางทุ่ง,1+500,2553 ,874 ,2 ,0 ,0 ,1150 ,742 ,645 ,0 ,0 ,5966 ,18.13 ,143 ,1829 ,ขท.น่านที่ 2,น่าน
1098,101,กิ่วพร้าว - ท่าข้าวเปลือก,4+450,913 ,515 ,406 ,413 ,365 ,1916 ,519 ,480 ,437 ,396 ,6360 ,39.27 ,342 ,914 ,ขท.เชียงรายที่ 2,เชียงราย
1098,102,ท่าข้าวเปลือก - แก่นใต้,30+060,831 ,769 ,137 ,150 ,122 ,3187 ,272 ,205 ,121 ,149 ,5943 ,16.90 ,220 ,2056 ,ขท.เชียงรายที่ 2,เชียงราย
1098,102,ท่าข้าวเปลือก - แก่นใต้,50+000,2160 ,1074 ,133 ,109 ,113 ,3547 ,343 ,328 ,282 ,240 ,8329 ,17.48 ,322 ,2082 ,ขท.เชียงรายที่ 2,เชียงราย
1099,100,บ่อหลวง - แม่ตื่น,1+600,1471 ,283 ,17 ,18 ,1 ,827 ,556 ,288 ,224 ,104 ,3789 ,34.59 ,16 ,813 ,ขท.เชียงใหม่ที่ 1,เชียงใหม่
1101,100,ทุ่งโฮ้ง - ป่าแดง,1+036,1555 ,1127 ,53 ,29 ,0 ,1918 ,225 ,94 ,47 ,31 ,5079 ,8.76 ,20 ,1988 ,ขท.แพร่,แพร่
1102,100,พระบาท - บ้านเหล่า,2+500,1099 ,11 ,51 ,6 ,0 ,115 ,74 ,51 ,12 ,0 ,1419 ,9.65 ,22 ,932 ,ขท.ลำปางที่ 1,ลำปาง
1103,100,ลี้ - พระบาทตะเมาะ,3+000,969 ,290 ,1 ,0 ,0 ,191 ,157 ,64 ,32 ,37 ,1741 ,14.34 ,18 ,395 ,ขท.ลำพูน,ลำพูน
1103,200,พระบาทตะเมาะ - ฮอด,66+600,2715 ,309 ,5 ,2 ,3 ,3033 ,274 ,117 ,228 ,195 ,6881 ,11.68 ,6 ,2323 ,ขท.เชียงใหม่ที่ 1,เชียงใหม่
1105,100,ไฮ้ฮ้า - งิ้วงาม,1+485,63 ,1127 ,18 ,0 ,0 ,4310 ,29 ,0 ,0 ,0 ,5547 ,0.41 ,0 ,3380 ,ขท.อุตรดิตถ์ที่ 2,อุตรดิตถ์
1106,100,วังสีสูบ - ผาเลือด,3+000,2907 ,2947 ,38 ,0 ,0 ,4599 ,49 ,30 ,0 ,0 ,10570 ,0.68 ,35 ,3768 ,ขท.อุตรดิตถ์ที่ 2,อุตรดิตถ์
1107,101,เชิงสะพานกิตติขจร - หนองบัวเหนือ,1+400,1089 ,288 ,14 ,15 ,1 ,747 ,74 ,2 ,1 ,2 ,2233 ,4.94 ,63 ,1090 ,ขท.ตากที่ 1,ตาก
1107,102,หนองบัวเหนือ - ท่าปุย,31+215,675 ,514 ,61 ,33 ,14 ,350 ,51 ,38 ,6 ,10 ,1752 ,5.10 ,36 ,948 ,ขท.ตากที่ 1,ตาก
1108,100,ค่ายพระเจ้าตาก - นาโบสถ์,1+000,554 ,128 ,7 ,0 ,1 ,184 ,68 ,2 ,2 ,5 ,951 ,7.66 ,6 ,580 ,ขท.ตากที่ 1,ตาก
1109,100,วังเจ้า - โละโคะ,2+000,410 ,89 ,25 ,12 ,7 ,646 ,46 ,41 ,20 ,3 ,1299 ,9.04 ,117 ,683 ,ขท.กำแพงเพชร,กำแพงเพชร
1110,100,ประดาง - วังเจ้า,25+000,1056 ,261 ,26 ,11 ,2 ,977 ,32 ,32 ,17 ,14 ,2428 ,3.93 ,11 ,1826 ,ขท.ตากที่ 1,ตาก
1112,101,สลกบาตร - บ่อถ้ำ,2+000,1900 ,1344 ,70 ,34 ,12 ,2010 ,152 ,117 ,101 ,57 ,5797 ,8.38 ,27 ,1931 ,ขท.กำแพงเพชร,กำแพงเพชร
1114,100,สันติบันเทิง - บางกระทุ่ม,3+000,2022 ,802 ,0 ,0 ,4 ,896 ,29 ,93 ,16 ,13 ,3875 ,3.95 ,146 ,1237 ,ขท.พิษณุโลกที่ 1,พิษณุโลก
1115,100,สากเหล็ก - น้อยซุ้มขี้เหล็ก,3+500,1298 ,339 ,13 ,0 ,0 ,1898 ,105 ,58 ,80 ,74 ,3865 ,8.39 ,5 ,1369 ,ขท.พิจิตร,พิจิตร
1115,200,น้อยซุ้มขี้เหล็ก - บ้านมุง,18+900,958 ,285 ,11 ,2 ,4 ,2311 ,94 ,74 ,85 ,23 ,3847 ,6.93 ,15 ,1746 ,ขท.พิษณุโลกที่ 2 (วังทอง),พิษณุโลก
1116,101,นครชุม - มอเจริญ,1+500,6676 ,810 ,26 ,12 ,0 ,943 ,230 ,131 ,113 ,21 ,8962 ,5.37 ,20 ,3733 ,ขท.กำแพงเพชร,กำแพงเพชร
1117,100,คลองแม่ลาย - ช่องเย็น,1+500,1797 ,759 ,14 ,7 ,2 ,2298 ,182 ,74 ,77 ,26 ,5236 ,6.13 ,29 ,1944 ,ขท.กำแพงเพชร,กำแพงเพชร
1117,100,คลองแม่ลาย - ช่องเย็น,46+000,1144 ,331 ,1 ,1 ,0 ,1239 ,123 ,48 ,12 ,7 ,2906 ,5.61 ,73 ,2091 ,ขท.กำแพงเพชร,กำแพงเพชร
1118,100,ท่าพุทรา - เนินมะกอก,9+700,822 ,236 ,8 ,3 ,9 ,1614 ,68 ,86 ,61 ,28 ,2935 ,8.99 ,4 ,649 ,ขท.นครสวรรค์ที่ 2 (ตากฟ้า),นครสวรรค์
1118,200,เนินมะกอก - บางมูลนาก,14+677,1758 ,918 ,0 ,0 ,0 ,507 ,97 ,86 ,96 ,70 ,3532 ,11.06 ,89 ,1352 ,ขท.พิจิตร,พิจิตร
1119,101,น้ำสาดเหนือ - หนองผักหวาน,0+500,514 ,29 ,0 ,0 ,0 ,865 ,13 ,5 ,2 ,1 ,1429 ,1.58 ,1 ,496 ,ขท.นครสวรรค์ที่ 2 (ตากฟ้า),นครสวรรค์
1120,100,สอง - แม่เต้น,2+000,1779 ,1251 ,81 ,54 ,57 ,2910 ,342 ,257 ,87 ,68 ,6886 ,12.85 ,19 ,1791 ,ขท.แพร่,แพร่
1120,200,แม่เต้น - เชียงม่วน,44+000,175 ,65 ,2 ,0 ,0 ,721 ,119 ,44 ,170 ,0 ,1296 ,24.85 ,0 ,579 ,ขท.พะเยา,พะเยา
1121,100,วัดโบสถ์ - แม่น้ำแควน้อย,0+264,1103 ,969 ,14 ,22 ,22 ,1324 ,48 ,44 ,48 ,32 ,3626 ,6.01 ,27 ,833 ,ขท.พิษณุโลกที่ 2 (วังทอง),พิษณุโลก
1124,100,ท่าผา - ปางกุ่ม,8+434,731 ,42 ,4 ,0 ,1 ,18 ,17 ,23 ,12 ,15 ,863 ,8.10 ,5 ,481 ,ขท.ลำปางที่ 1,ลำปาง
1124,200,ปางกุ่ม - วังชิ้น,38+907,1426 ,1060 ,58 ,45 ,29 ,1143 ,200 ,61 ,49 ,46 ,4117 ,10.29 ,18 ,1566 ,ขท.แพร่,แพร่
1125,100,นาปลากั้ง - วังชิ้น,5+800,964 ,878 ,39 ,0 ,0 ,897 ,144 ,84 ,64 ,47 ,3117 ,11.17 ,0 ,1053 ,ขท.แพร่,แพร่
1126,100,พาน - บ้านวัง,4+000,2491 ,2055 ,77 ,77 ,78 ,4446 ,726 ,603 ,509 ,455 ,11517 ,24.00 ,537 ,3041 ,ขท.เชียงรายที่ 2,เชียงราย
1126,100,พาน - บ้านวัง,35+050,2297 ,2092 ,69 ,83 ,77 ,4521 ,593 ,553 ,547 ,510 ,11342 ,23.23 ,606 ,2802 ,ขท.เชียงรายที่ 2,เชียงราย
1126,200,บ้านวัง - ห้วยงิ้ว,56+500,722 ,409 ,4 ,0 ,0 ,835 ,133 ,63 ,56 ,22 ,2244 ,8.77 ,14 ,457 ,ขท.พะเยา,พะเยา
1128,100,เชียงเคี่ยน - ป่าแงะ,4+000,1418 ,1413 ,58 ,62 ,59 ,2304 ,324 ,277 ,258 ,262 ,6435 ,19.62 ,377 ,1089 ,ขท.เชียงรายที่ 2,เชียงราย
1130,100,ป่าซาง - กิ่วสะไต,1+000,804 ,611 ,53 ,0 ,0 ,1487 ,135 ,121 ,64 ,24 ,3299 ,9.46 ,66 ,831 ,ขท.เชียงรายที่ 1,เชียงราย
1130,100,ป่าซาง - กิ่วสะไต,19+553,382 ,88 ,38 ,0 ,0 ,920 ,114 ,32 ,15 ,9 ,1598 ,9.85 ,27 ,435 ,ขท.เชียงรายที่ 1,เชียงราย
1130,100,ป่าซาง - กิ่วสะไต,37+053,533 ,106 ,52 ,0 ,0 ,379 ,24 ,16 ,11 ,8 ,1129 ,4.87 ,35 ,529 ,ขท.เชียงรายที่ 1,เชียงราย
1132,101,วังประจบ - ลานทอง,2+083,258 ,170 ,22 ,4 ,2 ,670 ,60 ,62 ,109 ,51 ,1408 ,17.31 ,4 ,637 ,ขท.ตากที่ 1,ตาก
1132,102,ลานทอง - พรานกระต่าย,41+083,697 ,171 ,5 ,2 ,0 ,1137 ,132 ,188 ,534 ,306 ,3172 ,36.07 ,7 ,809 ,ขท.ตากที่ 1,กำแพงเพชร
1134,101,โจโก้ - บ้านเวียง,0+500,1162 ,851 ,59 ,0 ,0 ,1193 ,116 ,67 ,60 ,0 ,3508 ,6.59 ,22 ,1362 ,ขท.แพร่,แพร่
1136,100,เหมืองง่า - ลำพูน,1+800,16211 ,642 ,25 ,25 ,0 ,243 ,247 ,137 ,125 ,71 ,17726 ,3.47 ,59 ,11725 ,ขท.ลำพูน,ลำพูน
1141,100,ดอนจั่น - เชียงใหม่,7+000,96450 ,5765 ,4053 ,297 ,3791 ,6017 ,4364 ,270 ,204 ,192 ,121403 ,10.33 ,481 ,26366 ,ขท.เชียงใหม่ที่ 2,เชียงใหม่
1143,101,นครไทย - น้ำคลาด,3+000,2700 ,1919 ,1 ,0 ,1 ,1439 ,168 ,96 ,61 ,30 ,6415 ,6.02 ,79 ,1936 ,ขท.พิษณุโลกที่ 2 (วังทอง),พิษณุโลก
1143,102,น้ำคลาด - ปางหมิ่น,47+000,714 ,223 ,8 ,11 ,2 ,1647 ,130 ,61 ,72 ,34 ,2902 ,11.18 ,10 ,925 ,ขท.พิษณุโลกที่ 2 (วังทอง),พิษณุโลก
1143,200,ปางหมิ่น - บ้านแพะ,77+000,324 ,117 ,0 ,0 ,2 ,669 ,69 ,22 ,65 ,33 ,1301 ,15.95 ,8 ,289 ,ขท.อุตรดิตถ์ที่ 1,อุตรดิตถ์
1145,100,ตากฟ้า - หัวถนน,20+666,527 ,143 ,6 ,0 ,0 ,1166 ,75 ,90 ,67 ,128 ,2202 ,13.48 ,6 ,380 ,ขท.นครสวรรค์ที่ 2 (ตากฟ้า),นครสวรรค์
1147,100,สันป่าฝ้าย - ห้วยไซ,1+000,5844 ,1506 ,81 ,61 ,80 ,7711 ,346 ,170 ,84 ,31 ,15914 ,4.41 ,0 ,7798 ,ขท.ลำพูน,ลำพูน
1147,200,ห้วยไซ - สันกำแพง,31+000,8029 ,1915 ,337 ,0 ,5 ,5474 ,504 ,15 ,11 ,0 ,16290 ,5.45 ,26 ,4621 ,ขท.เชียงใหม่ที่ 2,เชียงใหม่
1148,101,ท่าวังผา - ผาหลัก,2+000,2703 ,1419 ,1 ,2 ,0 ,1541 ,744 ,593 ,9 ,0 ,7012 ,18.41 ,148 ,2121 ,ขท.น่านที่ 2,น่าน
1148,101,ท่าวังผา - ผาหลัก,47+500,1900 ,1373 ,2 ,0 ,0 ,1405 ,1022 ,614 ,6 ,0 ,6322 ,29.89 ,150 ,1796 ,ขท.น่านที่ 2,น่าน
1148,103,สะเกิน - สบทุ,82+000,1200 ,1102 ,4 ,2 ,0 ,1954 ,1107 ,618 ,368 ,366 ,6721 ,39.21 ,462 ,2344 ,ขท.น่านที่ 2,พะเยา
1148,103,สะเกิน - สบทุ,95+200,1112 ,1148 ,6 ,2 ,0 ,2221 ,1300 ,669 ,571 ,529 ,7558 ,42.96 ,602 ,4852 ,ขท.น่านที่ 2,พะเยา
1148,200,สบทุ - บ้านหย่วน,111+404,1566 ,340 ,49 ,8 ,27 ,2515 ,95 ,10 ,24 ,9 ,4643 ,2.96 ,21 ,1315 ,ขท.พะเยา,พะเยา
1149,100,ห้วยไคร้ - ห้วยน้ำริน,3+150,278 ,155 ,23 ,42 ,0 ,672 ,3 ,0 ,0 ,0 ,1173 ,3.64 ,0 ,826 ,ขท.เชียงรายที่ 1,เชียงราย
1149,100,ห้วยไคร้ - ห้วยน้ำริน,13+000,39 ,36 ,5 ,8 ,0 ,133 ,0 ,0 ,0 ,0 ,221 ,2.97 ,0 ,202 ,ขท.เชียงรายที่ 1,เชียงราย
1149,100,ห้วยไคร้ - ห้วยน้ำริน,28+860,61 ,57 ,0 ,0 ,0 ,121 ,0 ,0 ,0 ,0 ,239 ,0.00 ,0 ,293 ,ขท.เชียงรายที่ 1,เชียงราย
1150,101,ปิงโค้ง - กิ่วไฮ,12+250,337 ,113 ,0 ,0 ,0 ,2462 ,17 ,11 ,9 ,8 ,2957 ,1.45 ,11 ,1006 ,ขท.เชียงใหม่ที่ 3,เชียงใหม่
1150,102,กิ่วไฮ - ขุนแจ๋,45+200,390 ,76 ,7 ,0 ,0 ,915 ,71 ,22 ,0 ,0 ,1481 ,6.85 ,88 ,576 ,ขท.เชียงใหม่ที่ 3,เชียงใหม่
1150,200,ขุนแจ๋ - เวียงป่าเป้า,82+000,1965 ,920 ,365 ,0 ,0 ,2038 ,591 ,317 ,0 ,0 ,6196 ,14.65 ,74 ,1799 ,ขท.เชียงรายที่ 1,เชียงราย
1152,100,หัวดอย - บ้านดอน,9+000,1978 ,1799 ,107 ,57 ,0 ,2252 ,594 ,492 ,509 ,422 ,8210 ,23.99 ,433 ,1703 ,ขท.เชียงรายที่ 1,เชียงราย
1152,201,บ้านดอน - พญาเม็งราย,32+000,2280 ,1791 ,116 ,124 ,108 ,4277 ,277 ,238 ,176 ,155 ,9542 ,11.48 ,320 ,3199 ,ขท.เชียงรายที่ 2,เชียงราย
1154,100,สอง - แก่งเสือเต้น,4+856,1972 ,1534 ,98 ,74 ,73 ,4663 ,374 ,285 ,105 ,67 ,9245 ,11.37 ,20 ,3628 ,ขท.แพร่,แพร่
1154,100,สอง - แก่งเสือเต้น,17+156,1797 ,1104 ,71 ,48 ,56 ,2847 ,338 ,202 ,95 ,73 ,6631 ,11.88 ,18 ,1464 ,ขท.แพร่,แพร่
1154,200,แก่งเสือเต้น - ดอนไชย,34+556,703 ,575 ,225 ,196 ,157 ,651 ,381 ,348 ,228 ,184 ,3648 ,39.17 ,93 ,601 ,ขท.ลำปางที่ 2,ลำปาง
1154,200,แก่งเสือเต้น - ดอนไชย,57+056,2765 ,2211 ,164 ,154 ,108 ,1957 ,689 ,217 ,215 ,205 ,8685 ,15.75 ,151 ,2417 ,ขท.ลำปางที่ 2,ลำปาง
1155,101,บ้านปี้ - ทรายกาด,10+000,611 ,456 ,5 ,2 ,2 ,1494 ,50 ,27 ,2 ,0 ,2649 ,3.36 ,105 ,1114 ,ขท.เชียงรายที่ 2,เชียงราย
1155,102,ทรายกาด - บ้านลุง,37+000,1099 ,627 ,8 ,0 ,0 ,1171 ,500 ,457 ,61 ,48 ,3971 ,27.19 ,225 ,1276 ,ขท.เชียงรายที่ 2,เชียงราย
1155,102,ทรายกาด - บ้านลุง,45+300,1105 ,716 ,7 ,0 ,0 ,1150 ,382 ,394 ,46 ,31 ,3831 ,22.50 ,203 ,1263 ,ขท.เชียงรายที่ 2,เชียงราย
1155,102,ทรายกาด - บ้านลุง,80+300,1430 ,873 ,8 ,0 ,6 ,1202 ,442 ,702 ,54 ,36 ,4753 ,24.63 ,229 ,1539 ,ขท.เชียงรายที่ 2,เชียงราย
1156,100,สบทา - ท่าลี่,0+300,1710 ,532 ,27 ,0 ,0 ,679 ,174 ,53 ,16 ,9 ,3200 ,4.71 ,67 ,1081 ,ขท.ลำพูน,ลำพูน
1157,100,ท่าล้อ - เมืองปาน,5+400,8358 ,7773 ,633 ,516 ,300 ,8329 ,657 ,614 ,278 ,244 ,27702 ,9.64 ,212 ,6959 ,ขท.ลำปางที่ 2,ลำปาง
1162,100,ไผ่งาม - น้ำมวบ,1+150,577 ,350 ,3 ,0 ,0 ,622 ,513 ,291 ,95 ,16 ,2467 ,38.60 ,190 ,638 ,ขท.น่านที่ 1,น่าน
1163,100,ร่วมจิต - น้ำพร้า,0+500,4458 ,4297 ,29 ,0 ,38 ,4667 ,40 ,38 ,27 ,0 ,13594 ,1.10 ,18 ,3725 ,ขท.อุตรดิตถ์ที่ 2,อุตรดิตถ์
1163,100,ร่วมจิต - น้ำพร้า,14+741,1757 ,48 ,34 ,14 ,0 ,4487 ,31 ,32 ,0 ,0 ,6403 ,0.94 ,29 ,3525 ,ขท.อุตรดิตถ์ที่ 2,อุตรดิตถ์
1166,100,วังโป่ง - ดารา,4+000,359 ,43 ,3 ,5 ,5 ,577 ,62 ,9 ,6 ,7 ,1076 ,9.19 ,13 ,937 ,ขท.อุตรดิตถ์ที่ 1,อุตรดิตถ์
1167,100,แม่กลองใหม่ - เขตแดนไทย/พม่า,1+000,363 ,186 ,67 ,12 ,0 ,399 ,37 ,31 ,21 ,10 ,1126 ,9.89 ,10 ,987 ,ขท.ตากที่ 2 (แม่สอด),ตาก
1168,101,น่าน - น้ำใส,6+000,414 ,179 ,11 ,0 ,0 ,402 ,34 ,22 ,4 ,4 ,1070 ,5.09 ,12 ,825 ,ขท.น่านที่ 1,น่าน
1168,102,น้ำใส - น้ำตวง,39+252,593 ,374 ,10 ,5 ,3 ,522 ,263 ,135 ,36 ,22 ,1963 ,21.99 ,135 ,1002 ,ขท.น่านที่ 1,น่าน
1169,101,ท่าล้อ - เมืองหลวง,7+000,530 ,24 ,14 ,15 ,4 ,630 ,31 ,17 ,6 ,0 ,1271 ,4.03 ,32 ,771 ,ขท.น่านที่ 1,น่าน
1170,100,ท่าวังผา - ดอนมูล,3+500,1751 ,1238 ,119 ,172 ,19 ,1359 ,625 ,49 ,30 ,24 ,5386 ,15.92 ,264 ,1295 ,ขท.น่านที่ 2,น่าน
1173,100,ศรีเวียง - แม่เลียบ,1+000,2084 ,467 ,130 ,110 ,114 ,4650 ,230 ,222 ,109 ,97 ,8213 ,10.55 ,258 ,3275 ,ขท.เชียงรายที่ 2,เชียงราย
1173,100,ศรีเวียง - แม่เลียบ,16+800,1806 ,622 ,142 ,124 ,126 ,4529 ,302 ,188 ,168 ,125 ,8132 ,12.20 ,428 ,2779 ,ขท.เชียงรายที่ 2,เชียงราย
1174,101,ป่ามื่น - แม่ต๋ำน้อย,1+000,2140 ,750 ,81 ,55 ,47 ,2424 ,313 ,265 ,259 ,265 ,6599 ,19.45 ,112 ,1652 ,ขท.เชียงรายที่ 2,เชียงราย
1174,101,ป่ามื่น - แม่ต๋ำน้อย,27+088,2085 ,747 ,65 ,32 ,32 ,2423 ,338 ,266 ,237 ,241 ,6466 ,17.19 ,103 ,1643 ,ขท.เชียงรายที่ 2,เชียงราย
1174,102,แม่ต๋ำน้อย - ทุ่งงิ้ว,80+182,1889 ,1803 ,386 ,308 ,183 ,5029 ,1098 ,988 ,770 ,490 ,12944 ,29.82 ,325 ,1097 ,ขท.เชียงรายที่ 2,เชียงราย
1175,100,แม่ระมาด - ห้วยส้มป่อย,3+106,1192 ,241 ,19 ,0 ,0 ,780 ,117 ,24 ,12 ,0 ,2385 ,5.68 ,0 ,968 ,ขท.ตากที่ 2 (แม่สอด),ตาก
1175,200,ห้วยส้มป่อย - เจดีย์ยุทธหัตถี,77+606,193 ,192 ,30 ,5 ,1 ,774 ,73 ,38 ,10 ,9 ,1325 ,11.53 ,22 ,672 ,ขท.ตากที่ 1,ตาก
1176,100,ท่าโพธิ์ - บ้านสวน,0+500,845 ,676 ,45 ,40 ,43 ,736 ,289 ,254 ,187 ,142 ,3257 ,29.76 ,201 ,634 ,ขท.อุตรดิตถ์ที่ 2,อุตรดิตถ์
1177,100,ดอนระเบียง - ป่าไร่หลวง,2+000,1123 ,895 ,124 ,19 ,25 ,426 ,111 ,103 ,63 ,42 ,2931 ,12.28 ,49 ,757 ,ขท.สุโขทัย,สุโขทัย
1177,100,ดอนระเบียง - ป่าไร่หลวง,32+082,1330 ,1175 ,113 ,69 ,56 ,459 ,385 ,259 ,190 ,55 ,4091 ,27.10 ,34 ,1029 ,ขท.สุโขทัย,สุโขทัย
1178,101,แม่ข้อน - นาหวาย,1+000,1686 ,196 ,32 ,18 ,12 ,8146 ,47 ,11 ,8 ,5 ,10161 ,1.05 ,11 ,1659 ,ขท.เชียงใหม่ที่ 3,เชียงใหม่
1178,101,แม่ข้อน - นาหวาย,24+000,113 ,74 ,22 ,13 ,1 ,3637 ,13 ,14 ,7 ,6 ,3900 ,1.51 ,16 ,1030 ,ขท.เชียงใหม่ที่ 3,เชียงใหม่
1178,102,นาหวาย - สินไชย,33+250,575 ,175 ,68 ,7 ,4 ,1072 ,267 ,46 ,15 ,32 ,2261 ,17.00 ,24 ,1070 ,ขท.เชียงใหม่ที่ 3,เชียงใหม่
1179,100,ฝายกวาง - ดอนเงิน,1+000,1005 ,526 ,9 ,1 ,5 ,1341 ,259 ,110 ,65 ,11 ,3332 ,7.74 ,0 ,715 ,ขท.พะเยา,พะเยา
1180,100,สวรรคโลก - ปลายราง,7+250,620 ,342 ,0 ,0 ,0 ,544 ,336 ,219 ,124 ,83 ,2268 ,27.70 ,5 ,444 ,ขท.สุโขทัย,สุโขทัย
1180,100,สวรรคโลก - ปลายราง,25+500,502 ,127 ,14 ,6 ,2 ,1176 ,150 ,36 ,17 ,4 ,2034 ,9.66 ,25 ,1167 ,ขท.สุโขทัย,สุโขทัย
1181,100,แม่แก้วเหนือ - ใหม่ใน,1+000,1449 ,1337 ,87 ,49 ,0 ,1874 ,1013 ,988 ,905 ,855 ,8557 ,43.02 ,676 ,1750 ,ขท.เชียงรายที่ 1,เชียงราย
1182,101,แยกนวมินทร์ - หาดเสลา,11+500,2322 ,798 ,14 ,0 ,0 ,2816 ,296 ,163 ,67 ,40 ,6516 ,9.01 ,9 ,2338 ,ขท.นครสวรรค์ที่ 1,นครสวรรค์
1184,100,แม่อาว - ดอนมูล,6+000,1117 ,1002 ,22 ,0 ,0 ,2378 ,345 ,223 ,0 ,0 ,5087 ,11.86 ,16 ,1868 ,ขท.ลำพูน,ลำพูน
1184,100,แม่อาว - ดอนมูล,72+000,1197 ,1084 ,13 ,0 ,0 ,2381 ,342 ,244 ,0 ,0 ,5261 ,12.45 ,17 ,1902 ,ขท.ลำพูน,ลำพูน
1186,100,น้ำแวน - ทุ่งหล่ม,1+000,758 ,337 ,1 ,1 ,0 ,1263 ,185 ,77 ,29 ,29 ,2680 ,8.43 ,25 ,841 ,ขท.พะเยา,พะเยา
1188,100,ปง - ห้วยกอก,0+860,589 ,245 ,14 ,8 ,4 ,1198 ,220 ,61 ,84 ,17 ,2440 ,20.05 ,32 ,987 ,ขท.พะเยา,พะเยา
1188,200,ห้วยกอก - ห้วยอ่วม,44+460,951 ,873 ,0 ,0 ,0 ,1899 ,987 ,407 ,279 ,227 ,5623 ,35.68 ,524 ,2232 ,ขท.น่านที่ 2,พะเยา
1189,100,ป่าแดด - ช่างเพี้ยน,1+050,1394 ,756 ,8 ,8 ,10 ,1724 ,1029 ,462 ,12 ,8 ,5411 ,31.50 ,75 ,1179 ,ขท.เชียงใหม่ที่ 2,เชียงใหม่
1189,200,ช่างเพี้ยน - บ้านธิ,8+141,1843 ,1136 ,39 ,0 ,0 ,3083 ,175 ,11 ,0 ,0 ,6287 ,2.90 ,7 ,2442 ,ขท.ลำพูน,ลำพูน
1190,100,จำบอน - เหมืองง่า,2+600,1460 ,990 ,47 ,0 ,0 ,1593 ,908 ,1028 ,733 ,729 ,7488 ,44.92 ,548 ,1592 ,ขท.เชียงรายที่ 1,เชียงราย
1191,100,หนองขนาก - ท้ายดง,0+060,183 ,70 ,3 ,0 ,0 ,444 ,26 ,15 ,27 ,19 ,787 ,11.89 ,1 ,332 ,ขท.พิจิตร,พิจิตร
1191,200,ท้ายดง - วังหิน,13+560,1056 ,151 ,29 ,12 ,6 ,943 ,62 ,68 ,24 ,5 ,2356 ,7.19 ,24 ,745 ,ขท.เพชรบูรณ์ที่ 2 (บึงสามพัน),เพชรบูรณ์
1192,100,อินทนนท์ - แม่แจ่ม,8+350,206 ,131 ,13 ,4 ,0 ,502 ,1 ,0 ,0 ,0 ,857 ,0.55 ,0 ,167 ,ขท.เชียงใหม่ที่ 1,เชียงใหม่
1193,100,แม่ต๋ำ - แม่ใจ,4+000,2286 ,1073 ,35 ,12 ,3 ,2245 ,77 ,62 ,6 ,0 ,5799 ,3.61 ,62 ,1960 ,ขท.พะเยา,พะเยา
1194,100,แม่สะเรียง - แม่สามแลบ,15+200,427 ,38 ,4 ,0 ,0 ,253 ,63 ,13 ,1 ,0 ,799 ,9.07 ,1 ,723 ,ขท.แม่ฮ่องสอน,แม่ฮ่องสอน
1195,102,เตว็ดใน - วังไม้ขอน,19+986,2752 ,1237 ,69 ,16 ,10 ,384 ,317 ,168 ,95 ,38 ,5086 ,12.34 ,42 ,1689 ,ขท.สุโขทัย,สุโขทัย
1196,100,วังโป่ง - ด่านแม่คำมัน,1+000,860 ,466 ,16 ,9 ,10 ,734 ,71 ,66 ,27 ,48 ,2307 ,6.88 ,7 ,902 ,ขท.อุตรดิตถ์ที่ 1,อุตรดิตถ์
1201,100,สวรรคโลก - ป่ากล้วย,2+200,1969 ,55 ,11 ,1 ,1 ,79 ,45 ,12 ,14 ,3 ,2190 ,3.09 ,0 ,1085 ,ขท.สุโขทัย,สุโขทัย
1202,100,พะเยา - สันต้นแหน,5+000,2562 ,1017 ,113 ,218 ,36 ,3985 ,333 ,274 ,208 ,156 ,8902 ,15.74 ,81 ,1791 ,ขท.พะเยา,พะเยา
1204,101,บึงหลัก - ฟากคลองตรอน,10+022,640 ,196 ,16 ,7 ,8 ,1000 ,89 ,60 ,45 ,25 ,2086 ,7.19 ,17 ,1300 ,ขท.อุตรดิตถ์ที่ 1,อุตรดิตถ์
1204,102,ฟากคลองตรอน - พิชัย,40+743,779 ,429 ,6 ,5 ,0 ,1092 ,37 ,13 ,12 ,9 ,2382 ,3.08 ,9 ,1912 ,ขท.อุตรดิตถ์ที่ 1,อุตรดิตถ์
1205,100,ชนแดน - วังโป่ง,1+000,2058 ,58 ,25 ,8 ,13 ,1014 ,70 ,48 ,37 ,19 ,3350 ,5.72 ,14 ,1280 ,ขท.เพชรบูรณ์ที่ 2 (บึงสามพัน),เพชรบูรณ์
1205,100,ชนแดน - วังโป่ง,21+188,1971 ,84 ,9 ,6 ,0 ,866 ,102 ,51 ,21 ,13 ,3123 ,6.26 ,16 ,1586 ,ขท.เพชรบูรณ์ที่ 2 (บึงสามพัน),เพชรบูรณ์
1206,100,ซอโอ - วะเล่ย์,1+700,1146 ,68 ,61 ,0 ,0 ,4002 ,107 ,92 ,73 ,38 ,5587 ,6.05 ,2 ,662 ,ขท.ตากที่ 2 (แม่สอด),ตาก
1208,100,ร่องขุ่น - สวนดอก,0+100,2497 ,2232 ,45 ,24 ,0 ,621 ,493 ,446 ,439 ,504 ,7301 ,24.79 ,234 ,2077 ,ขท.เชียงรายที่ 1,เชียงราย
1209,100,บ้านเด่น - ท่าข้าวเปลือก,1+000,2386 ,1102 ,41 ,3 ,0 ,4382 ,30 ,30 ,3 ,3 ,7980 ,0.92 ,20 ,3014 ,ขท.เชียงรายที่ 1,เชียงราย
1210,100,สบสา - ก๊อหลวง,1+000,410 ,119 ,1 ,3 ,0 ,950 ,60 ,0 ,0 ,0 ,1543 ,3.40 ,7 ,1114 ,ขท.พะเยา,พะเยา
1211,101,หนองเหียง - สวนดอก,1+000,2397 ,1922 ,36 ,14 ,8 ,5609 ,35 ,46 ,23 ,3 ,10093 ,1.29 ,38 ,2282 ,ขท.เชียงรายที่ 1,เชียงราย
1211,102,สวนดอก - ดงมะดะ,22+850,2275 ,636 ,53 ,53 ,43 ,4305 ,88 ,43 ,21 ,0 ,7517 ,3.20 ,34 ,1798 ,ขท.เชียงรายที่ 1,เชียงราย
1211,102,สวนดอก - ดงมะดะ,25+825,1783 ,176 ,53 ,11 ,7 ,295 ,122 ,27 ,10 ,9 ,2493 ,6.18 ,22 ,929 ,ขท.เชียงรายที่ 1,เชียงราย
1214,101,บ้านแก่ง - น้ำอ่าง,11+500,482 ,220 ,52 ,7 ,6 ,608 ,54 ,14 ,14 ,15 ,1472 ,7.44 ,54 ,802 ,ขท.อุตรดิตถ์ที่ 1,อุตรดิตถ์
1214,102,น้ำอ่าง - วังผาชัน,13+500,786 ,239 ,23 ,5 ,1 ,1396 ,87 ,38 ,107 ,41 ,2723 ,10.05 ,8 ,360 ,ขท.อุตรดิตถ์ที่ 1,อุตรดิตถ์
1214,102,น้ำอ่าง - วังผาชัน,27+550,934 ,53 ,12 ,0 ,1 ,698 ,65 ,28 ,107 ,35 ,1933 ,10.53 ,33 ,1019 ,ขท.อุตรดิตถ์ที่ 1,อุตรดิตถ์
1215,100,ห้วยบง - วังผา,0+700,257 ,59 ,4 ,0 ,0 ,321 ,183 ,130 ,52 ,6 ,1012 ,33.26 ,1 ,548 ,ขท.ตากที่ 2 (แม่สอด),ตาก
1216,100,ห้วยแก๊ต - ขุนสถาน,2+000,578 ,208 ,126 ,0 ,0 ,1007 ,72 ,33 ,0 ,0 ,2024 ,5.13 ,20 ,1354 ,ขท.แพร่,แพร่
1217,100,ปากห้วยอ้อย - วังปึ้ง,0+500,882 ,596 ,156 ,0 ,0 ,1083 ,42 ,32 ,0 ,0 ,2791 ,2.37 ,30 ,1452 ,ขท.แพร่,แพร่
1219,100,แม่เทย - ทุ่งหัวช้าง,0+500,830 ,718 ,0 ,0 ,0 ,2222 ,167 ,104 ,0 ,0 ,4041 ,7.08 ,12 ,1822 ,ขท.ลำพูน,ลำพูน
1221,100,พิจิตร - ท่านา,0+500,2254 ,190 ,3 ,0 ,5 ,56 ,52 ,69 ,23 ,11 ,2663 ,5.82 ,70 ,1901 ,ขท.พิจิตร,พิจิตร
1221,200,ท่านา - ท่ามะขาม,9+000,1356 ,27 ,0 ,0 ,6 ,1169 ,823 ,166 ,78 ,21 ,3646 ,31.36 ,10 ,1332 ,ขท.พิษณุโลกที่ 1,พิษณุโลก
1222,100,บ้านหงาว - บ้านเหล่า,1+000,852 ,636 ,25 ,14 ,15 ,2266 ,166 ,68 ,39 ,32 ,4113 ,8.78 ,85 ,1667 ,ขท.เชียงรายที่ 2,เชียงราย
1225,101,ภูแยง - ปางช้าง,3+200,1835 ,421 ,18 ,0 ,0 ,337 ,281 ,166 ,49 ,0 ,3107 ,15.78 ,224 ,1562 ,ขท.น่านที่ 1,น่าน
1226,100,จ่าโบ่ - ปางคาม,0+500,96 ,27 ,0 ,0 ,0 ,330 ,12 ,2 ,0 ,0 ,467 ,3.37 ,0 ,383 ,ขท.แม่ฮ่องสอน,แม่ฮ่องสอน
1226,100,จ่าโบ่ - ปางคาม,9+515,62 ,24 ,2 ,0 ,0 ,170 ,6 ,2 ,0 ,0 ,266 ,2.86 ,1 ,273 ,ขท.แม่ฮ่องสอน,แม่ฮ่องสอน
1229,100,บ้านใหม่ - เปาสามขา,9+500,570 ,387 ,0 ,0 ,0 ,847 ,11 ,13 ,0 ,0 ,1828 ,1.35 ,35 ,914 ,ขท.เชียงใหม่ที่ 2,เชียงใหม่
1230,100,บ้านใหม่ - ห้วยแก้ว,0+500,389 ,0 ,0 ,0 ,0 ,626 ,7 ,7 ,0 ,0 ,1029 ,1.61 ,0 ,640 ,ขท.เชียงใหม่ที่ 2,เชียงใหม่
1232,100,อนุสาวรีย์พ่อขุนเม็งราย - เวียงชัย,3+000,2303 ,2844 ,81 ,84 ,85 ,2879 ,69 ,42 ,32 ,28 ,8447 ,3.54 ,72 ,2491 ,ขท.เชียงรายที่ 1,เชียงราย
1233,100,ศรีทรายมูล - บ้านด้าย,2+000,7352 ,5246 ,32 ,24 ,29 ,7140 ,94 ,80 ,100 ,66 ,20163 ,1.76 ,32 ,5523 ,ขท.เชียงรายที่ 1,เชียงราย
1234,100,ทางเข้าพระบรมธาตุเจดีย์ศรีนครินทร์ฯ,1+500,70 ,32 ,0 ,0 ,0 ,103 ,21 ,5 ,0 ,0 ,231 ,11.82 ,43 ,258 ,ขท.เชียงรายที่ 1,เชียงราย
1237,100,ชาติตระการ - ชำนาญจุ้ย,12+200,181 ,124 ,2 ,0 ,0 ,948 ,33 ,10 ,9 ,8 ,1315 ,4.90 ,11 ,602 ,ขท.พิษณุโลกที่ 2 (วังทอง),พิษณุโลก
1237,100,ชาติตระการ - ชำนาญจุ้ย,24+687,463 ,82 ,8 ,0 ,2 ,753 ,64 ,76 ,27 ,22 ,1497 ,10.56 ,19 ,527 ,ขท.พิษณุโลกที่ 2 (วังทอง),พิษณุโลก
1242,100,โค้งวิไล - เขาน้ำอุ่น,1+000,1480 ,638 ,1 ,0 ,4 ,1824 ,55 ,77 ,429 ,96 ,4604 ,17.93 ,2 ,919 ,ขท.กำแพงเพชร,กำแพงเพชร
1243,100,ปางไฮ - ห้วยไผ่,15+033,454 ,21 ,0 ,0 ,0 ,19 ,27 ,25 ,26 ,0 ,572 ,13.68 ,0 ,627 ,ขท.อุตรดิตถ์ที่ 2,อุตรดิตถ์
1243,201,ห้วยไผ่ - หาดไร่,79+433,579 ,273 ,0 ,0 ,0 ,331 ,194 ,54 ,9 ,7 ,1447 ,16.29 ,58 ,772 ,ขท.น่านที่ 1,น่าน
1243,202,หาดไร่ - นาเซีย,107+733,533 ,369 ,9 ,1 ,0 ,469 ,244 ,61 ,29 ,13 ,1728 ,19.02 ,127 ,863 ,ขท.น่านที่ 1,น่าน
1244,100,น้ำอ่าง - น้ำพี้,0+500,196 ,61 ,4 ,0 ,0 ,288 ,23 ,8 ,23 ,19 ,622 ,12.14 ,3 ,135 ,ขท.อุตรดิตถ์ที่ 1,อุตรดิตถ์
1246,100,หนองกวาง - แสนขัน,10+000,606 ,41 ,4 ,0 ,0 ,242 ,38 ,29 ,35 ,20 ,1015 ,11.09 ,4 ,417 ,ขท.อุตรดิตถ์ที่ 1,อุตรดิตถ์
1246,100,หนองกวาง - แสนขัน,17+000,711 ,505 ,2 ,0 ,0 ,515 ,83 ,74 ,120 ,58 ,2068 ,18.88 ,10 ,661 ,ขท.อุตรดิตถ์ที่ 1,อุตรดิตถ์
1249,100,แม่งอน - หนองเต่า,5+000,185 ,152 ,27 ,0 ,18 ,179 ,24 ,1 ,0 ,0 ,586 ,10.47 ,17 ,654 ,ขท.เชียงใหม่ที่ 3,เชียงใหม่
1250,100,ไม้แงะ - ท่าโป่งแดง,0+500,1307 ,711 ,102 ,35 ,26 ,821 ,144 ,104 ,69 ,28 ,3347 ,15.05 ,21 ,2059 ,ขท.แม่ฮ่องสอน,แม่ฮ่องสอน
1251,101,ดอกคำใต้ - บ้านถ้ำ,5+000,1458 ,924 ,28 ,4 ,1 ,871 ,306 ,176 ,81 ,27 ,3876 ,8.74 ,81 ,1117 ,ขท.พะเยา,พะเยา
1251,102,บ้านถ้ำ - เชียงม่วน,58+000,905 ,97 ,8 ,0 ,0 ,198 ,53 ,5 ,1 ,0 ,1267 ,4.66 ,9 ,942 ,ขท.พะเยา,พะเยา
1252,100,ปางแฟน - แม่ตอนหลวง,19+300,326 ,456 ,0 ,0 ,0 ,577 ,13 ,0 ,0 ,0 ,1372 ,0.94 ,0 ,341 ,ขท.เชียงใหม่ที่ 2,เชียงใหม่
1252,200,แม่ตอนหลวง - ข่วงกอม,50+589,1101 ,945 ,358 ,160 ,119 ,1571 ,206 ,203 ,179 ,159 ,5001 ,20.17 ,97 ,1307 ,ขท.ลำปางที่ 2,ลำปาง
1254,100,ทางเข้าดารา,0+500,141 ,69 ,0 ,8 ,7 ,167 ,21 ,0 ,2 ,8 ,423 ,12.74 ,7 ,272 ,ขท.อุตรดิตถ์ที่ 1,อุตรดิตถ์
1255,100,ฟ้าเรือง - คลองกล้วย,0+500,298 ,121 ,0 ,0 ,0 ,595 ,35 ,10 ,24 ,19 ,1102 ,9.34 ,2 ,385 ,ขท.อุตรดิตถ์ที่ 1,อุตรดิตถ์
1256,101,ปัว - อุทยานแห่งชาติดอยภูคา,3+500,1492 ,1365 ,62 ,0 ,0 ,1200 ,473 ,390 ,181 ,8 ,5171 ,19.30 ,547 ,1385 ,ขท.น่านที่ 2,น่าน
1257,100,ศรีบุญเรือง - หลักลาย,1+000,1509 ,179 ,4 ,0 ,6 ,266 ,245 ,149 ,59 ,4 ,2421 ,19.89 ,137 ,1320 ,ขท.น่านที่ 1,น่าน
1260,100,ศรีบุญเรือง - โรงพยาบาลสันทราย,2+500,7903 ,1395 ,100 ,49 ,13 ,414 ,210 ,137 ,61 ,50 ,10332 ,4.94 ,66 ,5532 ,ขท.เชียงใหม่ที่ 2,เชียงใหม่
1263,100,ขุนยวม - ปางอุ๋ง,0+600,100 ,24 ,8 ,0 ,0 ,2014 ,23 ,11 ,0 ,0 ,2180 ,1.36 ,0 ,1598 ,ขท.แม่ฮ่องสอน,แม่ฮ่องสอน
1263,200,ปางอุ๋ง - แม่นาจร,64+725,365 ,231 ,12 ,6 ,0 ,389 ,18 ,6 ,0 ,0 ,1027 ,1.88 ,13 ,346 ,ขท.เชียงใหม่ที่ 1,เชียงใหม่
1264,100,แม่พริก - ห้วยขี้นก,0+500,503 ,391 ,108 ,66 ,17 ,422 ,320 ,128 ,34 ,40 ,2029 ,29.96 ,79 ,759 ,ขท.ลำปางที่ 1,ลำปาง
1265,100,ปาย - วัดจันทร์,0+500,68 ,28 ,2 ,0 ,1 ,31 ,6 ,0 ,0 ,0 ,136 ,3.18 ,0 ,94 ,ขท.แม่ฮ่องสอน,แม่ฮ่องสอน
1266,100,แม่ลาน้อย - ละอุบ,0+500,293 ,99 ,0 ,0 ,1 ,1139 ,110 ,26 ,3 ,0 ,1671 ,10.28 ,6 ,1126 ,ขท.แม่ฮ่องสอน,แม่ฮ่องสอน
1267,100,แม่สลิดหลวง - แม่ระเมิง,0+500,429 ,169 ,51 ,2 ,0 ,195 ,74 ,11 ,0 ,0 ,931 ,9.44 ,25 ,723 ,ขท.ตากที่ 2 (แม่สอด),ตาก
1268,100,เหมืองแพร่ - นาเจริญ,5+000,1377 ,922 ,31 ,15 ,0 ,737 ,231 ,117 ,19 ,4 ,3453 ,11.88 ,37 ,874 ,ขท.เลยที่ 2 (ด่านซ้าย),เลย
1268,100,เหมืองแพร่ - นาเจริญ,10+500,1633 ,1048 ,34 ,1 ,0 ,1037 ,490 ,234 ,11 ,6 ,4494 ,18.57 ,23 ,1148 ,ขท.เลยที่ 2 (ด่านซ้าย),เลย
1268,200,นาเจริญ - ปางไฮ,41+150,944 ,583 ,11 ,0 ,9 ,758 ,446 ,339 ,171 ,97 ,3358 ,34.74 ,41 ,669 ,ขท.อุตรดิตถ์ที่ 2,พิษณุโลก
1268,200,นาเจริญ - ปางไฮ,76+993,795 ,351 ,19 ,2 ,0 ,564 ,360 ,294 ,247 ,132 ,2764 ,39.53 ,79 ,667 ,ขท.อุตรดิตถ์ที่ 2,อุตรดิตถ์
1268,200,นาเจริญ - ปางไฮ,119+628,895 ,498 ,17 ,9 ,4 ,664 ,379 ,402 ,320 ,170 ,3358 ,36.48 ,112 ,740 ,ขท.อุตรดิตถ์ที่ 2,อุตรดิตถ์
1269,102,แม่ขนิน - ต้นเกว๋น,30+000,1513 ,1025 ,99 ,151 ,21 ,752 ,429 ,18 ,15 ,12 ,4035 ,16.02 ,106 ,1232 ,ขท.เชียงใหม่ที่ 2,เชียงใหม่
1270,100,กองลอย - แม่แฮใต้,0+500,190 ,122 ,0 ,0 ,0 ,906 ,143 ,63 ,5 ,0 ,1429 ,15.25 ,0 ,557 ,ขท.เชียงใหม่ที่ 1,เชียงใหม่
1271,100,ปงน้อย - สันทราย,5+000,2728 ,841 ,451 ,461 ,399 ,3158 ,597 ,713 ,675 ,600 ,10623 ,32.34 ,602 ,930 ,ขท.เชียงรายที่ 2,เชียงราย
1272,100,คีรีมาศ - สามแยกแจกัน,20+196,4459 ,176 ,53 ,33 ,38 ,97 ,82 ,87 ,162 ,105 ,5292 ,10.52 ,38 ,2945 ,ขท.สุโขทัย,สุโขทัย
1274,100,ลี้ - แม่บอน,18+100,1272 ,723 ,31 ,9 ,0 ,390 ,266 ,62 ,59 ,57 ,2869 ,14.59 ,137 ,1028 ,ขท.ลำพูน,ลำพูน
1274,202,นาบอน - นาแก้ว,55+400,3535 ,1015 ,271 ,11 ,4 ,813 ,672 ,598 ,18 ,6 ,6943 ,19.49 ,37 ,991 ,ขท.ลำปางที่ 1,ลำปาง
1275,100,มะขามสูง - พญาแมน,15+000,1410 ,472 ,76 ,84 ,71 ,182 ,183 ,110 ,78 ,71 ,2737 ,29.25 ,274 ,1015 ,ขท.พิษณุโลกที่ 1,พิษณุโลก
1276,100,สี่แยกหนองหัวปลวก - วังจิก,4+820,798 ,391 ,0 ,0 ,0 ,968 ,80 ,58 ,52 ,57 ,2404 ,10.53 ,2 ,379 ,ขท.พิจิตร,พิจิตร
1278,100,วังพิกุล - ลานกระบือ,0+500,1715 ,513 ,0 ,4 ,0 ,1976 ,690 ,455 ,524 ,444 ,6321 ,32.99 ,35 ,1144 ,ขท.พิษณุโลกที่ 1,กำแพงเพชร
1280,100,ทุ่งมหาชัย - ระหาน,1+000,1601 ,1182 ,0 ,0 ,0 ,2364 ,140 ,275 ,164 ,99 ,5825 ,11.28 ,0 ,1346 ,ขท.กำแพงเพชร,กำแพงเพชร
1281,100,บางระกำ - บ่อทอง,0+900,4149 ,2847 ,16 ,15 ,9 ,2479 ,227 ,230 ,123 ,125 ,10220 ,5.11 ,64 ,4276 ,ขท.พิษณุโลกที่ 1,พิษณุโลก
1285,100,ทุ่งมะส้าน - ห้วยผึ้ง,0+500,342 ,96 ,27 ,0 ,2 ,152 ,13 ,0 ,0 ,0 ,632 ,4.32 ,34 ,512 ,ขท.แม่ฮ่องสอน,แม่ฮ่องสอน
1286,100,ตลิ่งชัน - เขาแม่แก่,0+500,913 ,888 ,0 ,0 ,0 ,1628 ,406 ,395 ,981 ,990 ,6201 ,44.49 ,39 ,1371 ,ขท.พิจิตร,พิจิตร
1287,100,สันมะเกลือ - เมืองปาน,5+700,1286 ,623 ,205 ,180 ,140 ,1013 ,398 ,226 ,162 ,153 ,4386 ,30.11 ,104 ,815 ,ขท.ลำปางที่ 2,ลำปาง
1288,100,หนองหลวง - เปิ่งเคลิ่ง,5+800,301 ,211 ,36 ,0 ,0 ,400 ,37 ,33 ,37 ,0 ,1055 ,9.98 ,4 ,703 ,ขท.ตากที่ 2 (แม่สอด),ตาก
1289,101,วังสำโรง - บางลาย,1+000,1521 ,296 ,16 ,18 ,12 ,557 ,117 ,107 ,124 ,135 ,2903 ,17.43 ,33 ,1233 ,ขท.พิจิตร,พิจิตร
1290,101,แม่สาย - กิ่วกาญจน์,1+500,2470 ,1313 ,537 ,469 ,457 ,3519 ,850 ,459 ,396 ,393 ,10863 ,29.52 ,593 ,2226 ,ขท.เชียงรายที่ 2,เชียงราย
1290,101,แม่สาย - กิ่วกาญจน์,36+255,2284 ,1443 ,458 ,464 ,511 ,3305 ,1044 ,954 ,493 ,457 ,11413 ,39.11 ,537 ,1605 ,ขท.เชียงรายที่ 2,เชียงราย
1290,101,แม่สาย - กิ่วกาญจน์,64+704,1331 ,1327 ,382 ,374 ,339 ,3733 ,592 ,633 ,558 ,496 ,9765 ,28.73 ,619 ,1815 ,ขท.เชียงรายที่ 2,เชียงราย
1290,102,กิ่วกาญจน์ - เชียงของ,78+160,851 ,1016 ,170 ,191 ,145 ,3985 ,463 ,477 ,531 ,334 ,8163 ,27.03 ,376 ,780 ,ขท.เชียงรายที่ 2,เชียงราย
1292,100,ห้วยข้าวก่ำ - น้ำจุน,4+000,784 ,237 ,0 ,1 ,1 ,1171 ,103 ,10 ,10 ,2 ,2319 ,4.73 ,2 ,785 ,ขท.พะเยา,พะเยา
1292,200,พวงพยอม - แม่ลอยไร่,36+279,3020 ,2858 ,57 ,48 ,54 ,2916 ,360 ,376 ,339 ,299 ,10327 ,14.53 ,392 ,2069 ,ขท.เชียงรายที่ 2,เชียงราย
1293,100,สุโขทัย - ท่าฉนวน,3+725,4348 ,2302 ,123 ,127 ,124 ,188 ,187 ,195 ,169 ,174 ,7937 ,12.41 ,105 ,3134 ,ขท.สุโขทัย,สุโขทัย
1293,200,ท่าฉนวน - บางระกำ,53+000,1116 ,447 ,9 ,8 ,1 ,967 ,127 ,290 ,303 ,254 ,3522 ,28.28 ,50 ,1055 ,ขท.พิษณุโลกที่ 1,พิษณุโลก
1294,100,เมืองเก่า - อุทยานแห่งชาติศรีสัชนาลัย,11+500,2002 ,33 ,21 ,6 ,0 ,197 ,88 ,33 ,28 ,10 ,2418 ,3.85 ,38 ,1753 ,ขท.สุโขทัย,สุโขทัย
1295,100,กกไม้แดง - เนินมะปราง,6+500,1603 ,227 ,17 ,13 ,0 ,558 ,100 ,43 ,54 ,37 ,2652 ,7.77 ,6 ,798 ,ขท.พิษณุโลกที่ 2 (วังทอง),พิษณุโลก
1296,100,ท่างาม - โป่งแค,0+500,903 ,120 ,6 ,1 ,2 ,1619 ,85 ,55 ,56 ,24 ,2871 ,7.93 ,13 ,1083 ,ขท.พิษณุโลกที่ 2 (วังทอง),พิษณุโลก
1298,100,บ้านใหม่ - หนองลาว,3+000,784 ,332 ,1 ,0 ,0 ,1324 ,94 ,79 ,40 ,13 ,2667 ,10.95 ,0 ,241 ,ขท.พะเยา,พะเยา
1299,100,เวียงชัย - บ้านปง,1+000,942 ,744 ,107 ,74 ,80 ,3112 ,206 ,170 ,134 ,94 ,5663 ,14.23 ,167 ,2402 ,ขท.เชียงรายที่ 2,เชียงราย
1300,100,ฆะมัง - โพธิ์ประทับช้าง,0+200,1204 ,678 ,7 ,20 ,0 ,1105 ,274 ,92 ,31 ,163 ,3574 ,16.42 ,27 ,922 ,ขท.พิจิตร,พิจิตร
1301,100,หนองขนาก - หนองระมาน,4+825,563 ,167 ,1 ,4 ,0 ,583 ,77 ,36 ,22 ,29 ,1482 ,10.94 ,1 ,460 ,ขท.พิจิตร,พิจิตร
1301,200,หนองระมาน - วังโป่ง,12+000,940 ,13 ,10 ,8 ,0 ,511 ,42 ,22 ,12 ,8 ,1566 ,5.51 ,15 ,893 ,ขท.เพชรบูรณ์ที่ 2 (บึงสามพัน),เพชรบูรณ์
1303,100,ปลายนา - หนองตูม,6+200,1670 ,153 ,0 ,1 ,0 ,1560 ,206 ,257 ,223 ,99 ,4169 ,19.73 ,38 ,1197 ,ขท.พิษณุโลกที่ 1,พิษณุโลก
1304,100,หัวดง - ยางสามต้น,7+700,706 ,123 ,6 ,1 ,0 ,1005 ,142 ,58 ,18 ,24 ,2083 ,11.34 ,11 ,978 ,ขท.พิจิตร,พิจิตร
1306,100,ห้วยสัก - บ้านดอน,1+000,1468 ,1094 ,43 ,15 ,0 ,1722 ,590 ,585 ,578 ,625 ,6720 ,34.64 ,490 ,1927 ,ขท.เชียงรายที่ 1,เชียงราย
1308,100,เตว็ดใน - วังทองแดง,1+500,929 ,351 ,25 ,15 ,15 ,332 ,99 ,100 ,71 ,33 ,1970 ,12.53 ,31 ,922 ,ขท.สุโขทัย,สุโขทัย
1309,100,ป่าแดง - หนองตม,1+200,947 ,722 ,16 ,18 ,17 ,1442 ,402 ,115 ,63 ,33 ,3775 ,20.59 ,24 ,877 ,ขท.พิษณุโลกที่ 2 (วังทอง),พิษณุโลก
1310,100,ทับยายเชียง - พรหมพิราม,2+400,752 ,897 ,19 ,26 ,25 ,1145 ,173 ,76 ,25 ,18 ,3156 ,8.24 ,24 ,841 ,ขท.พิษณุโลกที่ 2 (วังทอง),พิษณุโลก
1311,100,คีรีมาศ - หนองบัว,3+000,2465 ,2328 ,0 ,0 ,0 ,188 ,194 ,198 ,194 ,187 ,5754 ,13.13 ,115 ,1799 ,ขท.สุโขทัย,สุโขทัย
1312,100,สามง่าม - กำแพงดิน,2+050,795 ,742 ,0 ,0 ,0 ,1198 ,619 ,635 ,692 ,645 ,5326 ,47.13 ,274 ,502 ,ขท.พิจิตร,พิจิตร
1312,200,กำแพงดิน - สามแยกกำแพงดิน,11+400,1126 ,480 ,7 ,3 ,1 ,951 ,617 ,234 ,348 ,144 ,3911 ,33.63 ,30 ,1395 ,ขท.พิษณุโลกที่ 1,พิษณุโลก
1313,101,บางมูลนาก - บางไผ่,9+000,926 ,1036 ,0 ,0 ,0 ,908 ,106 ,75 ,72 ,68 ,3191 ,11.53 ,43 ,1260 ,ขท.พิจิตร,พิจิตร
1314,100,ท่าตอน - แม่แหลง,10+000,426 ,339 ,0 ,0 ,31 ,968 ,106 ,9 ,0 ,0 ,1879 ,8.80 ,0 ,901 ,ขท.เชียงใหม่ที่ 3,เชียงใหม่
1317,101,ดอนจั่น - สันกลางใต้,1+140,44376 ,5124 ,1989 ,291 ,831 ,1411 ,2494 ,2235 ,402 ,95 ,59248 ,10.40 ,305 ,17135 ,ขท.เชียงใหม่ที่ 2,เชียงใหม่
1317,102,สันกลางใต้ - ห้วยแก้ว,36+000,1431 ,839 ,13 ,0 ,0 ,953 ,140 ,31 ,5 ,3 ,3415 ,6.90 ,15 ,825 ,ขท.เชียงใหม่ที่ 2,เชียงใหม่
1318,102,ปากน้ำ - ศรีนคร,11+750,508 ,100 ,9 ,0 ,4 ,172 ,72 ,112 ,53 ,66 ,1096 ,26.98 ,6 ,312 ,ขท.สุโขทัย,สุโขทัย
1319,100,คีรีมาศ - อุทยานแห่งชาติรามคำแหง,1+500,1553 ,454 ,0 ,0 ,0 ,160 ,146 ,165 ,164 ,0 ,2642 ,16.07 ,33 ,3313 ,ขท.สุโขทัย,สุโขทัย
1322,100,แม่จา - รินหลวง,56+000,881 ,249 ,21 ,9 ,0 ,2286 ,166 ,20 ,0 ,0 ,3632 ,6.09 ,7 ,4119 ,ขท.เชียงใหม่ที่ 3,เชียงใหม่
1322,100,แม่จา - รินหลวง,89+800,243 ,68 ,15 ,0 ,0 ,724 ,121 ,22 ,1 ,0 ,1194 ,11.57 ,42 ,791 ,ขท.เชียงใหม่ที่ 3,เชียงใหม่
1322,100,แม่จา - รินหลวง,118+000,292 ,87 ,10 ,0 ,0 ,193 ,32 ,24 ,23 ,11 ,672 ,14.49 ,40 ,457 ,ขท.เชียงใหม่ที่ 3,เชียงใหม่
1322,100,แม่จา - รินหลวง,127+056,401 ,170 ,99 ,39 ,6 ,910 ,290 ,68 ,41 ,3 ,2027 ,23.39 ,75 ,784 ,ขท.เชียงใหม่ที่ 3,เชียงใหม่
1324,200,ทุ่งป่ากระถิน - พญาแมน,6+000,210 ,116 ,0 ,0 ,0 ,363 ,16 ,11 ,36 ,9 ,761 ,10.22 ,2 ,299 ,ขท.อุตรดิตถ์ที่ 1,อุตรดิตถ์
1326,100,ร่องบัวทอง - สบเปา,6+075,1692 ,1015 ,127 ,133 ,132 ,2972 ,220 ,161 ,168 ,173 ,6793 ,13.94 ,382 ,1654 ,ขท.เชียงรายที่ 2,เชียงราย
1327,100,บ้านด่านลานหอย - ทุ่งเสลี่ยม,20+000,428 ,855 ,29 ,11 ,8 ,202 ,207 ,115 ,537 ,152 ,2544 ,38.68 ,41 ,571 ,ขท.ตากที่ 1,สุโขทัย
1328,100,แสงภา - นาปอ,7+000,551 ,317 ,0 ,0 ,0 ,134 ,8 ,0 ,0 ,0 ,1010 ,1.51 ,4 ,523 ,ขท.เลยที่ 2 (ด่านซ้าย),เลย
1328,100,แสงภา - นาปอ,20+643,837 ,561 ,0 ,0 ,0 ,212 ,31 ,0 ,0 ,0 ,1641 ,1.16 ,18 ,722 ,ขท.เลยที่ 2 (ด่านซ้าย),เลย
1329,100,นาป้อใต้ - บ้านเอื้อม,0+500,1819 ,1259 ,320 ,244 ,178 ,2569 ,234 ,233 ,178 ,156 ,7190 ,16.87 ,164 ,2409 ,ขท.ลำปางที่ 2,ลำปาง
1330,102,แม่ทุเลา - ท่าแพ,22+000,565 ,136 ,0 ,0 ,0 ,70 ,0 ,0 ,0 ,0 ,771 ,0.00 ,13 ,782 ,ขท.สุโขทัย,สุโขทัย
1331,100,พรานกระต่าย - ลานไผ่,1+000,485 ,128 ,6 ,3 ,1 ,1076 ,33 ,43 ,25 ,16 ,1816 ,6.10 ,7 ,935 ,ขท.ตากที่ 1,กำแพงเพชร
1332,100,นาไผ่ล้อม - ถ้ำแม่ย่า,6+000,807 ,100 ,0 ,0 ,0 ,0 ,35 ,0 ,0 ,0 ,942 ,4.08 ,20 ,619 ,ขท.สุโขทัย,สุโขทัย
1333,100,แม่สะนาน - ผักเฮือก,0+500,78 ,32 ,0 ,0 ,0 ,23 ,13 ,0 ,0 ,0 ,146 ,9.09 ,1 ,85 ,ขท.น่านที่ 2,น่าน
1333,100,แม่สะนาน - ผักเฮือก,42+715,327 ,102 ,7 ,5 ,0 ,61 ,62 ,9 ,0 ,0 ,573 ,12.95 ,20 ,337 ,ขท.น่านที่ 2,น่าน
1334,100,ผาบือ - ดอยช้างมูบ,4+500,23 ,22 ,0 ,0 ,0 ,84 ,0 ,0 ,0 ,0 ,129 ,0.00 ,0 ,79 ,ขท.เชียงรายที่ 1,เชียงราย
1335,101,ห้วยเดื่อ - หัวทุ่ง,1+000,1094 ,1024 ,414 ,280 ,128 ,1488 ,326 ,268 ,203 ,188 ,5413 ,24.32 ,168 ,1288 ,ขท.ลำปางที่ 2,ลำปาง
1335,101,ห้วยเดื่อ - หัวทุ่ง,13+800,899 ,721 ,445 ,219 ,140 ,884 ,379 ,328 ,201 ,206 ,4422 ,33.86 ,130 ,1285 ,ขท.ลำปางที่ 2,ลำปาง
1337,100,หางปอน - แม่เงา,0+500,67 ,18 ,2 ,0 ,0 ,81 ,0 ,0 ,0 ,0 ,168 ,0.00 ,0 ,112 ,ขท.แม่ฮ่องสอน,แม่ฮ่องสอน
1338,100,ขาแหย่ง - ป่าเมี่ยง,1+000,61 ,64 ,0 ,0 ,0 ,103 ,0 ,0 ,0 ,0 ,228 ,0.00 ,0 ,251 ,ขท.เชียงรายที่ 1,เชียงราย
1339,101,ห้วยมุ่น - น้ำปาด,45+862,933 ,786 ,35 ,41 ,40 ,679 ,443 ,395 ,74 ,127 ,3553 ,26.10 ,203 ,620 ,ขท.อุตรดิตถ์ที่ 2,อุตรดิตถ์
1339,102,น้ำปาด - ปากนาย,49+293,616 ,297 ,46 ,36 ,34 ,873 ,268 ,168 ,226 ,284 ,2848 ,34.45 ,0 ,340 ,ขท.อุตรดิตถ์ที่ 2,อุตรดิตถ์
1342,100,ห้วยขึม - ปากห้วยอ้อย,0+500,909 ,652 ,185 ,0 ,0 ,1394 ,45 ,35 ,0 ,0 ,3220 ,2.79 ,29 ,1794 ,ขท.แพร่,แพร่
1343,100,บุญเริง - ต้นหนุน,0+500,101 ,49 ,43 ,0 ,0 ,261 ,44 ,0 ,0 ,0 ,498 ,8.50 ,17 ,798 ,ขท.แพร่,แพร่
1344,100,น้อยซุ้มขี้เหล็ก - คลองตาลัด,0+500,710 ,42 ,7 ,6 ,0 ,657 ,23 ,19 ,10 ,7 ,1481 ,3.00 ,6 ,362 ,ขท.พิษณุโลกที่ 2 (วังทอง),พิษณุโลก
1345,100,ทุ่งบานเย็น - ผาแดงบน,1+000,1961 ,421 ,82 ,1 ,0 ,2140 ,96 ,13 ,5 ,0 ,4719 ,2.11 ,38 ,2379 ,ขท.พะเยา,พะเยา
1346,101,พร้าว - แดนดิน,2+500,444 ,66 ,6 ,0 ,0 ,833 ,75 ,19 ,0 ,0 ,1443 ,6.96 ,94 ,526 ,ขท.เชียงใหม่ที่ 3,เชียงใหม่
1349,100,สะเมิง - กัลยาณิวัฒนา,0+100,201 ,10 ,36 ,0 ,0 ,1316 ,63 ,16 ,0 ,0 ,1642 ,4.16 ,0 ,926 ,ขท.เชียงใหม่ที่ 2,เชียงใหม่
1349,100,สะเมิง - กัลยาณิวัฒนา,50+000,2344 ,485 ,121 ,76 ,0 ,1728 ,191 ,40 ,15 ,5 ,5005 ,7.27 ,170 ,1866 ,ขท.เชียงใหม่ที่ 2,เชียงใหม่
1350,100,ทางเข้าโครงการพระราชดำริศูนย์ภูฟ้าพัฒนา,0+100,124 ,23 ,12 ,0 ,0 ,14 ,12 ,0 ,0 ,0 ,185 ,8.33 ,0 ,133 ,ขท.น่านที่ 2,น่าน
1351,100,หนองบัวใต้ - เชิงสะพานกิตติขจร,3+000,292 ,121 ,0 ,0 ,1 ,446 ,84 ,24 ,11 ,3 ,982 ,18.05 ,0 ,495 ,ขท.ตากที่ 1,ตาก
1352,100,ทางเข้าดอนไชย,0+304,1344 ,48 ,27 ,4 ,4 ,77 ,76 ,15 ,11 ,7 ,1613 ,7.09 ,6 ,759 ,ขท.ลำปางที่ 1,ลำปาง
1354,100,ทางเข้าพาน,0+500,1714 ,86 ,86 ,0 ,0 ,2304 ,68 ,0 ,1 ,0 ,4259 ,1.69 ,27 ,2836 ,ขท.เชียงรายที่ 1,เชียงราย
1357,100,ทางเข้าเขื่อนภูมิพล,10+000,1508 ,121 ,19 ,13 ,15 ,31 ,61 ,19 ,1 ,1 ,1789 ,5.93 ,1 ,707 ,ขท.ตากที่ 1,ตาก
1358,100,ทางเข้าดอยอ่างขาง,0+500,121 ,106 ,24 ,0 ,0 ,196 ,30 ,0 ,0 ,0 ,477 ,5.65 ,12 ,166 ,ขท.เชียงใหม่ที่ 3,เชียงใหม่
1359,100,ทางเข้าเชียงดาว,7+995,3691 ,424 ,18 ,20 ,32 ,9826 ,90 ,77 ,9 ,8 ,14195 ,2.03 ,26 ,2067 ,ขท.เชียงใหม่ที่ 3,เชียงใหม่
1361,100,สวนดอกคำ - ม่วงงาม,0+220,1692 ,1292 ,484 ,339 ,201 ,2232 ,452 ,235 ,212 ,174 ,7313 ,24.74 ,247 ,2308 ,ขท.ลำปางที่ 2,ลำปาง
1362,100,นิคมดอยเต่า - ท่าน้ำ,1+500,99 ,80 ,1 ,0 ,0 ,260 ,31 ,0 ,0 ,0 ,471 ,7.01 ,8 ,342 ,ขท.เชียงใหม่ที่ 1,เชียงใหม่
1364,100,โรงเรียนนวมินทราชูทิศ - กองพันพัฒนาที่3,0+410,3935 ,972 ,32 ,1 ,0 ,2677 ,59 ,7 ,4 ,0 ,7687 ,0.81 ,25 ,2819 ,ขท.เชียงใหม่ที่ 2,เชียงใหม่
1365,100,สนามกีฬาสมโภชเชียงใหม่700ปี - ศาลจังหวัดเชียงใหม่,0+700,7136 ,597 ,0 ,0 ,0 ,4554 ,17 ,0 ,0 ,0 ,12304 ,0.14 ,20 ,3371 ,ขท.เชียงใหม่ที่ 2,เชียงใหม่
1366,100,หนองฮ่อ - ศูนย์พัฒนาปิโตรเลียมภาคเหนือ,1+780,7587 ,1022 ,474 ,0 ,0 ,3772 ,38 ,0 ,0 ,0 ,12893 ,0.27 ,26 ,4720 ,ขท.เชียงใหม่ที่ 2,เชียงใหม่
1367,100,สันทรายน้อย - มหาวิทยาลัยแม่โจ้,5+000,3820 ,1236 ,24 ,21 ,20 ,907 ,724 ,15 ,13 ,11 ,6791 ,11.43 ,77 ,3150 ,ขท.เชียงใหม่ที่ 2,เชียงใหม่
1368,100,บ้านกล้วย - คลองยาง,2+547,473 ,133 ,0 ,0 ,0 ,116 ,136 ,91 ,0 ,0 ,949 ,27.53 ,0 ,3641 ,ขท.สุโขทัย,สุโขทัย
1370,100,ทางเข้าสวรรคโลก,6+630,1073 ,264 ,113 ,14 ,14 ,1785 ,110 ,48 ,48 ,20 ,3489 ,8.45 ,12 ,1453 ,ขท.สุโขทัย,สุโขทัย
1371,100,ตีนตก - บ้านมอน,2+000,1937 ,672 ,9 ,9 ,671 ,597 ,69 ,14 ,10 ,8 ,3996 ,24.62 ,569 ,1791 ,ขท.น่านที่ 2,น่าน
1372,100,หนองบัว - ไร่สีทอง,1+700,385 ,69 ,3 ,1 ,0 ,837 ,239 ,81 ,73 ,15 ,1703 ,24.23 ,45 ,723 ,ขท.พิษณุโลกที่ 1,สุโขทัย
1373,100,คลองยาง - บ้านเหมือง,1+137,647 ,54 ,10 ,2 ,3 ,585 ,50 ,56 ,15 ,6 ,1428 ,10.61 ,15 ,341 ,ขท.สุโขทัย,สุโขทัย
1374,101,ตะพานหิน - คลองคูณ,3+000,2813 ,723 ,29 ,0 ,21 ,841 ,258 ,157 ,138 ,118 ,5098 ,13.26 ,32 ,1398 ,ขท.พิจิตร,พิจิตร
1375,100,หนองกระทุ่ม - ดงเย็น,1+000,1157 ,1064 ,10 ,0 ,0 ,1409 ,76 ,52 ,106 ,54 ,3928 ,7.38 ,3 ,1084 ,ขท.กำแพงเพชร,กำแพงเพชร
1375,200,ดงเย็น - ดงทอง,13+000,439 ,266 ,0 ,0 ,0 ,1138 ,129 ,119 ,111 ,88 ,2290 ,21.18 ,14 ,854 ,ขท.นครสวรรค์ที่ 1,นครสวรรค์
1377,100,ทางเข้าสองคอน,0+100,590 ,438 ,44 ,41 ,42 ,299 ,178 ,43 ,61 ,51 ,1787 ,23.95 ,95 ,514 ,ขท.อุตรดิตถ์ที่ 2,อุตรดิตถ์
1378,100,สามัคคีใหม่ - ห้วยปู,3+000,16 ,18 ,0 ,0 ,0 ,84 ,0 ,0 ,0 ,0 ,118 ,0.00 ,0 ,108 ,ขท.เชียงรายที่ 1,เชียงราย
1384,100,บ้านใหม่ - น้ำตกขุนกรณ์,4+500,859 ,42 ,0 ,0 ,0 ,1560 ,26 ,12 ,0 ,0 ,2499 ,1.40 ,31 ,1008 ,ขท.เชียงรายที่ 1,เชียงราย
1385,100,แม่ต๋ำน้อย - ชมภู,6+322,1850 ,735 ,54 ,40 ,42 ,3068 ,237 ,127 ,101 ,78 ,6332 ,10.08 ,106 ,1431 ,ขท.เชียงรายที่ 2,เชียงราย
1386,100,ทางเข้าท่าอากาศยานพิษณุโลก,0+270,1921 ,1343 ,0 ,3 ,0 ,336 ,30 ,14 ,2 ,0 ,3649 ,1.55 ,257 ,1426 ,ขท.พิษณุโลกที่ 1,พิษณุโลก
1387,100,ห้วยไคร้ - ห้วยน้ำขุ่น,1+000,316 ,204 ,8 ,67 ,0 ,720 ,21 ,17 ,6 ,0 ,1359 ,7.17 ,17 ,1272 ,ขท.เชียงรายที่ 1,เชียงราย
1388,100,ห้วยน้ำขุ่น - พระตำหนักดอยตุง,1+000,93 ,89 ,28 ,48 ,0 ,358 ,6 ,0 ,0 ,0 ,622 ,9.46 ,12 ,638 ,ขท.เชียงรายที่ 1,เชียงราย
1389,100,สถานีเพาะเลี้ยงสัตว์ป่าดอยตุง - วัดพระธาตุดอยตุง,1+000,34 ,35 ,0 ,0 ,0 ,50 ,0 ,0 ,0 ,0 ,119 ,0.00 ,0 ,66 ,ขท.เชียงรายที่ 1,เชียงราย
1390,100,ทางเข้าพระธาตุดอยตุง,0+600,39 ,18 ,0 ,0 ,0 ,47 ,0 ,0 ,0 ,0 ,104 ,0.00 ,0 ,62 ,ขท.เชียงรายที่ 1,เชียงราย
1391,100,แม่ทะ - สถานีรถไฟแม่ทะ,0+712,279 ,34 ,10 ,1 ,0 ,688 ,20 ,5 ,0 ,0 ,1037 ,2.21 ,16 ,854 ,ขท.ลำปางที่ 1,ลำปาง
1400,100,แยกทางหลวง - ป่ามะม่วง,0+600,1497 ,432 ,108 ,17 ,27 ,1503 ,113 ,33 ,87 ,77 ,3894 ,8.27 ,7 ,904 ,ขท.ตากที่ 1,ตาก
1404,100,หนองช้าง - หนองอ้อ,6+000,584 ,29 ,0 ,0 ,23 ,70 ,65 ,0 ,13 ,0 ,784 ,13.40 ,48 ,480 ,ขท.สุโขทัย,สุโขทัย
1409,100,ทางเข้าสะพานมิตรภาพแม่สายแห่งที่2(ไทย/พม่า),1+000,933 ,443 ,396 ,385 ,360 ,2353 ,425 ,406 ,387 ,377 ,6465 ,35.41 ,399 ,793 ,ขท.เชียงรายที่ 2,เชียงราย
1411,100,หนองคอก - ธารทหาร,7+300,468 ,70 ,0 ,0 ,0 ,1618 ,22 ,27 ,1 ,2 ,2208 ,2.36 ,6 ,1173 ,ขท.นครสวรรค์ที่ 2 (ตากฟ้า),นครสวรรค์
1412,100,คอกควายใหญ่ - พนมรอก,15+568,172 ,0 ,0 ,0 ,0 ,1539 ,10 ,19 ,27 ,2 ,1769 ,2.50 ,0 ,982 ,ขท.นครสวรรค์ที่ 2 (ตากฟ้า),นครสวรรค์
1414,100,ดงป่าลัน - หนองมะจับ,1+000,5691 ,1110 ,114 ,0 ,0 ,4043 ,476 ,221 ,52 ,44 ,11751 ,7.35 ,76 ,2708 ,ขท.เชียงใหม่ที่ 2,เชียงใหม่
1418,100,ทางเข้าท่าอากาศยานแม่ฟ้าหลวงเชียงราย,1+000,2520 ,3411 ,0 ,0 ,0 ,3209 ,0 ,0 ,0 ,0 ,9140 ,0.00 ,51 ,2746 ,ขท.เชียงรายที่ 1,เชียงราย
1419,100,ทางเข้าเด่นชัย,4+608,1752 ,1103 ,75 ,63 ,0 ,1854 ,120 ,128 ,96 ,60 ,5251 ,9.82 ,25 ,1795 ,ขท.แพร่,แพร่
1421,100,หัวดอย - ป่าบง,1+000,2376 ,2402 ,44 ,24 ,0 ,603 ,462 ,419 ,333 ,467 ,7130 ,22.85 ,211 ,1957 ,ขท.เชียงรายที่ 1,เชียงราย
1421,201,ป่าบง - บ้านเหล่า,24+350,2741 ,2508 ,113 ,106 ,102 ,3685 ,284 ,272 ,171 ,117 ,10099 ,10.61 ,353 ,2684 ,ขท.เชียงรายที่ 2,เชียงราย
2005,100,หล่มเก่า - วังบาล,4+000,1755 ,195 ,24 ,7 ,0 ,465 ,193 ,47 ,11 ,2 ,2699 ,7.65 ,100 ,1681 ,ขท.เพชรบูรณ์ที่ 1,เพชรบูรณ์
2007,100,นายม - ถ้ำน้ำบัง,0+700,1554 ,1291 ,34 ,8 ,11 ,775 ,412 ,273 ,209 ,179 ,4746 ,23.70 ,24 ,1800 ,ขท.เพชรบูรณ์ที่ 1,เพชรบูรณ์
2008,100,หล่มสัก - น้ำก้อ,2+000,831 ,110 ,0 ,0 ,0 ,1801 ,77 ,86 ,0 ,0 ,2905 ,5.07 ,13 ,1082 ,ขท.เพชรบูรณ์ที่ 1,เพชรบูรณ์
2009,100,ห้วยเม็ก - ท่าคันโท,44+000,588 ,65 ,24 ,23 ,20 ,1509 ,22 ,22 ,24 ,25 ,2322 ,5.50 ,15 ,1938 ,ขท.กาฬสินธุ์,กาฬสินธุ์
2012,100,บ้านสามแยก - วิเชียรบุรี,6+000,4195 ,3784 ,482 ,290 ,52 ,6546 ,472 ,113 ,101 ,83 ,16118 ,7.03 ,40 ,3480 ,ขท.เพชรบูรณ์ที่ 2 (บึงสามพัน),เพชรบูรณ์
2013,101,บ้านแยง - น้ำเทิน,3+000,2814 ,557 ,12 ,4 ,22 ,1040 ,157 ,93 ,74 ,51 ,4824 ,8.26 ,9 ,421 ,ขท.พิษณุโลกที่ 2 (วังทอง),พิษณุโลก
2013,102,น้ำเทิน - บ่อโพธิ์,25+763,943 ,913 ,0 ,0 ,0 ,115 ,111 ,33 ,8 ,8 ,2131 ,6.50 ,11 ,536 ,ขท.พิษณุโลกที่ 2 (วังทอง),พิษณุโลก
2013,102,น้ำเทิน - บ่อโพธิ์,34+083,4519 ,1426 ,26 ,10 ,4 ,111 ,109 ,78 ,106 ,56 ,6445 ,5.30 ,9 ,2440 ,ขท.พิษณุโลกที่ 2 (วังทอง),พิษณุโลก
2013,200,บ่อโพธิ์ - โคกงาม,73+083,1413 ,1417 ,12 ,12 ,9 ,964 ,124 ,70 ,51 ,40 ,4112 ,8.18 ,8 ,1553 ,ขท.เลยที่ 2 (ด่านซ้าย),เลย
2013,200,บ่อโพธิ์ - โคกงาม,76+022,3035 ,2977 ,12 ,13 ,9 ,1968 ,67 ,42 ,23 ,24 ,8170 ,2.00 ,8 ,2977 ,ขท.เลยที่ 2 (ด่านซ้าย),เลย
2014,100,โป่งชี - ด่านซ้าย,4+500,1341 ,895 ,13 ,10 ,8 ,909 ,44 ,25 ,27 ,37 ,3309 ,3.91 ,3 ,988 ,ขท.เลยที่ 2 (ด่านซ้าย),เลย
2016,100,วังสะพุง - ตาวตาด,4+700,1876 ,553 ,32 ,0 ,0 ,2969 ,104 ,18 ,14 ,6 ,5572 ,2.42 ,4 ,1632 ,ขท.เลยที่ 1,เลย
2016,100,วังสะพุง - ตาวตาด,35+000,568 ,47 ,2 ,1 ,0 ,1220 ,55 ,77 ,2 ,0 ,1972 ,6.81 ,2 ,446 ,ขท.เลยที่ 1,เลย
2016,100,วังสะพุง - ตาวตาด,42+300,278 ,174 ,26 ,0 ,0 ,891 ,33 ,47 ,2 ,2 ,1453 ,4.78 ,5 ,516 ,ขท.เลยที่ 1,เลย
2016,200,ตาวตาด - ตาดกลอย,57+050,890 ,233 ,11 ,9 ,0 ,656 ,155 ,110 ,52 ,36 ,2152 ,17.00 ,17 ,625 ,ขท.เพชรบูรณ์ที่ 1,เพชรบูรณ์
2019,100,โป่งวัว - อุทยานแห่งชาติภูกระดึง,2+850,1740 ,163 ,14 ,10 ,10 ,288 ,58 ,12 ,0 ,0 ,2295 ,3.78 ,1 ,1108 ,ขท.เลยที่ 1,เลย
2020,100,ท่าบ่อ - บ้านว่าน,2+250,1254 ,723 ,501 ,451 ,446 ,3095 ,542 ,467 ,399 ,373 ,8251 ,31.26 ,378 ,2344 ,ขท.หนองคาย,หนองคาย
2020,200,บ้านว่าน - บ้านผือ,19+000,1732 ,255 ,19 ,18 ,46 ,357 ,210 ,188 ,248 ,147 ,3220 ,23.34 ,119 ,1103 ,ขท.อุดรธานีที่ 1,อุดรธานี
2021,101,ดงไร่ - หนองหัวคู,1+000,3655 ,3506 ,150 ,132 ,142 ,4887 ,1196 ,796 ,647 ,437 ,15548 ,19.94 ,107 ,3216 ,ขท.อุดรธานีที่ 1,อุดรธานี
2022,100,นิคม - บ้านดุง,3+370,1215 ,184 ,24 ,31 ,10 ,1937 ,119 ,87 ,56 ,48 ,3711 ,9.15 ,11 ,1323 ,ขท.อุดรธานีที่ 2 (หนองหาน),อุดรธานี
2022,100,นิคม - บ้านดุง,27+000,1019 ,373 ,18 ,18 ,25 ,1733 ,126 ,80 ,51 ,50 ,3493 ,8.21 ,8 ,861 ,ขท.อุดรธานีที่ 2 (หนองหาน),อุดรธานี
2022,100,นิคม - บ้านดุง,36+000,1198 ,647 ,9 ,6 ,14 ,2533 ,204 ,144 ,124 ,113 ,4992 ,11.50 ,12 ,733 ,ขท.อุดรธานีที่ 2 (หนองหาน),อุดรธานี
2023,101,น้ำฆ้อง - ศรีธาตุ,0+500,9496 ,1283 ,17 ,24 ,24 ,13908 ,1199 ,960 ,1034 ,942 ,28887 ,14.68 ,26 ,8192 ,ขท.อุดรธานีที่ 2 (หนองหาน),อุดรธานี
2023,101,น้ำฆ้อง - ศรีธาตุ,15+000,5407 ,3613 ,22 ,21 ,26 ,10558 ,1490 ,1457 ,998 ,864 ,24456 ,18.38 ,36 ,2438 ,ขท.อุดรธานีที่ 2 (หนองหาน),อุดรธานี
2023,102,ศรีธาตุ - วังสามหมอ,37+214,1721 ,1065 ,77 ,72 ,97 ,3030 ,392 ,286 ,196 ,143 ,7079 ,14.88 ,16 ,1662 ,ขท.อุดรธานีที่ 2 (หนองหาน),อุดรธานี
2025,100,ห้วยเกิ้ง - กุมภวาปี,2+500,4857 ,1794 ,18 ,10 ,15 ,8156 ,1241 ,862 ,757 ,585 ,18295 ,17.82 ,25 ,4915 ,ขท.อุดรธานีที่ 2 (หนองหาน),อุดรธานี
2026,100,หนองหิ้ง - เหล่าหลวง,0+700,1023 ,694 ,23 ,8 ,12 ,1056 ,59 ,138 ,113 ,66 ,3192 ,12.46 ,20 ,1043 ,ขท.บึงกาฬ,บึงกาฬ
2028,100,กุสุมาลย์ - โพนจาน,1+000,765 ,600 ,24 ,4 ,1 ,1081 ,103 ,82 ,105 ,78 ,2843 ,13.56 ,7 ,933 ,ขท.สกลนครที่ 1,สกลนคร
2031,100,ธาตุน้อย - นาเหนือ,2+000,1456 ,1223 ,70 ,54 ,62 ,2611 ,322 ,269 ,98 ,88 ,6253 ,16.75 ,235 ,2467 ,ขท.นครพนม,นครพนม
2032,101,ท่าดอกแก้ว - ปฏิรูป,0+500,804 ,466 ,421 ,395 ,360 ,1505 ,431 ,397 ,383 ,352 ,5514 ,42.68 ,303 ,921 ,ขท.นครพนม,นครพนม
2033,101,นาแก - นาเหนือ,0+500,2143 ,689 ,213 ,166 ,173 ,1966 ,237 ,233 ,178 ,192 ,6190 ,19.22 ,94 ,2002 ,ขท.นครพนม,นครพนม
2033,102,นาเหนือ - คำพอก,42+177,2102 ,856 ,414 ,167 ,88 ,3439 ,247 ,233 ,226 ,138 ,7910 ,10.89 ,246 ,3325 ,ขท.นครพนม,นครพนม
2034,101,มุกดาหาร – คำภูเงิน,0+700,6356 ,3631 ,150 ,31 ,42 ,5665 ,136 ,106 ,159 ,38 ,16314 ,2.47 ,89 ,4695 ,ขท.มุกดาหาร,มุกดาหาร
2034,102,คำภูเงิน - บุ่งเขียว,40+000,223 ,177 ,146 ,103 ,112 ,1030 ,100 ,57 ,52 ,53 ,2053 ,21.21 ,143 ,789 ,ขท.มุกดาหาร,มุกดาหาร
2034,200,บุ่งเขียว - หนองผือ,75+815,2791 ,2277 ,97 ,91 ,88 ,1426 ,217 ,193 ,115 ,69 ,7364 ,10.92 ,39 ,2322 ,ขท.อำนาจเจริญ,อุบลราชธานี
2037,100,ภูเขียว - เกษตรสมบูรณ์,9+000,2860 ,1517 ,10 ,8 ,10 ,1710 ,234 ,172 ,124 ,136 ,6781 ,9.96 ,26 ,1544 ,ขท.ขอนแก่นที่ 2 (ชุมแพ),ชัยภูมิ
2038,200,ห้วยน้ำเงิน - เมืองใหม่,14+500,4195 ,858 ,14 ,26 ,14 ,543 ,354 ,264 ,275 ,202 ,6745 ,16.60 ,14 ,1755 ,ขท.หนองบัวลำภู,ขอนแก่น
2039,100,น้ำพอง - น้ำอ้อม,6+000,2346 ,1441 ,159 ,115 ,168 ,807 ,639 ,346 ,327 ,130 ,6478 ,20.17 ,12 ,2060 ,ขท.ขอนแก่นที่ 1,ขอนแก่น
2039,100,น้ำพอง - น้ำอ้อม,39+134,5030 ,2529 ,172 ,162 ,169 ,734 ,651 ,683 ,567 ,569 ,11266 ,22.08 ,25 ,3873 ,ขท.ขอนแก่นที่ 1,ขอนแก่น
2039,100,น้ำพอง - น้ำอ้อม,40+634,3632 ,584 ,26 ,12 ,15 ,555 ,423 ,400 ,427 ,312 ,6386 ,25.31 ,74 ,2391 ,ขท.ขอนแก่นที่ 1,ขอนแก่น
2039,202,กุดโดน - ไทยเจริญ,65+279,2390 ,1506 ,48 ,48 ,18 ,2422 ,1325 ,1377 ,29 ,19 ,9182 ,30.19 ,20 ,1838 ,ขท.กาฬสินธุ์,กาฬสินธุ์
2040,101,มหาสารคาม - วาปีปทุม,3+000,21047 ,10004 ,53 ,56 ,60 ,2069 ,1491 ,544 ,160 ,117 ,35601 ,7.09 ,56 ,10123 ,ขท.มหาสารคาม,มหาสารคาม
2040,102,วาปีปทุม - พยัคฆภูมิพิสัย,40+312,3867 ,2375 ,84 ,70 ,49 ,7511 ,743 ,497 ,334 ,174 ,15704 ,14.15 ,44 ,3094 ,ขท.มหาสารคาม,มหาสารคาม
2041,100,สี่แยกสมเด็จ - แยกดงแหลม,4+300,3540 ,106 ,85 ,20 ,0 ,615 ,143 ,64 ,92 ,66 ,4731 ,8.50 ,25 ,1139 ,ขท.กาฬสินธุ์,กาฬสินธุ์
2041,100,สี่แยกสมเด็จ - แยกดงแหลม,10+100,3580 ,3551 ,71 ,69 ,72 ,2225 ,1779 ,1157 ,985 ,846 ,14335 ,32.85 ,31 ,2726 ,ขท.กาฬสินธุ์,กาฬสินธุ์
2043,100,ร้อยเอ็ด - ยางเฌอ,10+000,2289 ,961 ,28 ,29 ,31 ,3851 ,429 ,36 ,35 ,24 ,7713 ,7.17 ,0 ,1633 ,ขท.ร้อยเอ็ด,ร้อยเอ็ด
2043,200,ยางเฌอ - มหาชนะชัย,29+500,3866 ,1469 ,114 ,72 ,78 ,119 ,160 ,115 ,80 ,39 ,6112 ,8.79 ,83 ,1790 ,ขท.ยโสธร,ร้อยเอ็ด
2043,200,ยางเฌอ - มหาชนะชัย,44+200,2473 ,1264 ,51 ,52 ,24 ,812 ,238 ,88 ,85 ,48 ,5135 ,12.00 ,29 ,1244 ,ขท.ยโสธร,ร้อยเอ็ด
2043,200,ยางเฌอ - มหาชนะชัย,81+165,2053 ,113 ,41 ,26 ,27 ,142 ,62 ,41 ,65 ,54 ,2624 ,10.59 ,39 ,1124 ,ขท.ยโสธร,ยโสธร
2044,101,ร้อยเอ็ด - หนองดง,0+461,5141 ,4963 ,206 ,158 ,110 ,997 ,273 ,65 ,45 ,31 ,11989 ,6.16 ,94 ,4237 ,ขท.ร้อยเอ็ด,ร้อยเอ็ด
2044,102,หนองดง - โพนทอง,35+000,4125 ,487 ,65 ,66 ,67 ,6217 ,479 ,355 ,343 ,299 ,12503 ,11.19 ,7 ,1060 ,ขท.ร้อยเอ็ด,ร้อยเอ็ด
2045,100,ร้อยเอ็ด - หนองคูโคก,5+000,2736 ,2472 ,51 ,39 ,25 ,3255 ,53 ,48 ,32 ,33 ,8744 ,2.87 ,12 ,2102 ,ขท.ร้อยเอ็ด,ร้อยเอ็ด
2045,200,หนองคูโคก - วาปีปทุม,20+500,4299 ,1905 ,59 ,73 ,64 ,1217 ,414 ,141 ,120 ,73 ,8365 ,10.28 ,49 ,1218 ,ขท.มหาสารคาม,มหาสารคาม
2046,101,เสลภูมิ - บ้านงิ้ว,9+900,3015 ,3376 ,77 ,64 ,54 ,532 ,68 ,52 ,32 ,32 ,7302 ,4.17 ,30 ,1856 ,ขท.ร้อยเอ็ด,ร้อยเอ็ด
2046,102,บ้านงิ้ว - ลำน้ำยัง,43+000,2118 ,371 ,4 ,51 ,80 ,3095 ,404 ,354 ,322 ,300 ,7099 ,21.07 ,29 ,1695 ,ขท.ร้อยเอ็ด,ร้อยเอ็ด
2046,200,ลำน้ำยัง - กุฉินารายณ์,51+700,2615 ,1656 ,29 ,33 ,61 ,4044 ,841 ,519 ,392 ,352 ,10542 ,20.31 ,39 ,2234 ,ขท.สกลนครที่ 1,กาฬสินธุ์
2047,100,กุดโจด - กุดแห่,0+500,744 ,369 ,19 ,3 ,0 ,545 ,229 ,268 ,306 ,553 ,3036 ,44.42 ,2 ,491 ,ขท.มุกดาหาร,ยโสธร
2049,100,ม่วงสามสิบ - พนา,1+000,7583 ,717 ,45 ,37 ,27 ,1937 ,38 ,33 ,36 ,26 ,10479 ,1.87 ,14 ,257 ,ขท.อุบลราชธานีที่ 1,อุบลราชธานี
2049,100,ม่วงสามสิบ - พนา,24+000,6942 ,1481 ,25 ,29 ,17 ,4842 ,14 ,0 ,0 ,8 ,13358 ,0.50 ,11 ,343 ,ขท.อุบลราชธานีที่ 1,อำนาจเจริญ
2050,100,อุบลราชธานี - ตระการพืชผล,8+600,9577 ,4096 ,41 ,38 ,27 ,22118 ,1308 ,34 ,31 ,27 ,37297 ,3.48 ,12 ,3120 ,ขท.อุบลราชธานีที่ 1,อุบลราชธานี
2050,100,อุบลราชธานี - ตระการพืชผล,45+650,8892 ,4018 ,59 ,62 ,53 ,18636 ,1396 ,45 ,48 ,30 ,33239 ,4.54 ,17 ,3110 ,ขท.อุบลราชธานีที่ 1,อุบลราชธานี
2050,201,ตระการพืชผล - ห้วยยาง,46+248,6887 ,1030 ,138 ,95 ,81 ,1449 ,274 ,73 ,144 ,70 ,10241 ,5.38 ,33 ,6029 ,ขท.อำนาจเจริญ,อุบลราชธานี
2050,202,ห้วยยาง - เขมราฐ,98+323,2850 ,2377 ,95 ,80 ,44 ,2559 ,199 ,157 ,77 ,62 ,8500 ,8.50 ,35 ,2270 ,ขท.อำนาจเจริญ,อุบลราชธานี
2050,202,ห้วยยาง - เขมราฐ,100+744,2758 ,2788 ,74 ,80 ,95 ,2497 ,196 ,236 ,207 ,71 ,9002 ,9.89 ,42 ,2377 ,ขท.อำนาจเจริญ,อุบลราชธานี
2051,100,ชัยภูมิ - ตาดโตน,5+500,3444 ,3383 ,54 ,42 ,23 ,2263 ,808 ,472 ,548 ,343 ,11380 ,20.12 ,165 ,697 ,ขท.ชัยภูมิ,ชัยภูมิ
2054,100,ลาดใหญ่ - ช่องสามหมอ,2+000,755 ,384 ,95 ,88 ,74 ,1921 ,373 ,353 ,135 ,87 ,4265 ,23.86 ,55 ,1236 ,ขท.ชัยภูมิ,ชัยภูมิ
2055,100,หนองสองห้อง - โคกสะอาด,6+000,1701 ,1016 ,10 ,4 ,0 ,1896 ,191 ,126 ,115 ,117 ,5176 ,10.15 ,64 ,1110 ,ขท.ขอนแก่นที่ 2 (ชุมแพ),ชัยภูมิ
2061,100,ทางพาด - ห้วยตะกั่ว,1+000,2015 ,1798 ,59 ,52 ,47 ,2098 ,1200 ,1191 ,1138 ,1141 ,10739 ,45.53 ,167 ,896 ,ขท.ขอนแก่นที่ 3 (บ้านไผ่),บุรีรัมย์
2061,200,ห้วยตะกั่ว - พุทไธสง,6+700,2382 ,363 ,13 ,15 ,0 ,2824 ,378 ,320 ,132 ,101 ,6528 ,15.00 ,4 ,999 ,ขท.บุรีรัมย์,บุรีรัมย์
2062,200,บ้านทุ่ม - มัญจาคีรี,24+200,3202 ,1702 ,167 ,126 ,105 ,3279 ,777 ,917 ,689 ,629 ,11593 ,26.13 ,51 ,838 ,ขท.ขอนแก่นที่ 3 (บ้านไผ่),ขอนแก่น
2063,100,บรบือ - โคกสี,2+000,2783 ,1916 ,55 ,51 ,32 ,1119 ,201 ,67 ,55 ,33 ,6312 ,6.15 ,40 ,1966 ,ขท.มหาสารคาม,มหาสารคาม
2065,100,พล - ลำชี,4+500,2398 ,1345 ,105 ,72 ,82 ,2092 ,334 ,163 ,127 ,134 ,6852 ,13.06 ,59 ,2052 ,ขท.ขอนแก่นที่ 3 (บ้านไผ่),ขอนแก่น
2065,100,พล - ลำชี,32+500,1424 ,468 ,16 ,11 ,9 ,1234 ,143 ,107 ,91 ,92 ,3595 ,13.74 ,42 ,1080 ,ขท.ขอนแก่นที่ 3 (บ้านไผ่),ขอนแก่น
2065,200,ลำชี - คอนสวรรค์,42+283,249 ,49 ,0 ,3 ,0 ,634 ,68 ,74 ,57 ,26 ,1160 ,17.44 ,5 ,287 ,ขท.ชัยภูมิ,ชัยภูมิ
2067,101,ดอนหวาย - โนนสูง,5+500,2751 ,355 ,27 ,14 ,36 ,4677 ,174 ,42 ,68 ,26 ,8170 ,4.01 ,5 ,1727 ,ขท.นครราชสีมาที่ 1,นครราชสีมา
2067,102,โนนสูง - ขามสะแกแสง,16+442,491 ,328 ,13 ,13 ,7 ,922 ,199 ,71 ,77 ,29 ,2150 ,19.37 ,40 ,589 ,ขท.นครราชสีมาที่ 1,นครราชสีมา
2068,100,โคกกรวด - หนองสรวง,1+100,8429 ,1305 ,248 ,26 ,84 ,71 ,303 ,133 ,69 ,216 ,10884 ,8.92 ,21 ,3672 ,ขท.นครราชสีมาที่ 2,นครราชสีมา
2068,200,หนองสรวง - โนนไทย,24+166,1286 ,844 ,18 ,8 ,38 ,230 ,240 ,210 ,154 ,136 ,3164 ,23.48 ,90 ,987 ,ขท.นครราชสีมาที่ 1,นครราชสีมา
2069,100,บำเหน็จณรงค์ - ซับใหญ่,3+000,765 ,767 ,3 ,0 ,6 ,759 ,152 ,117 ,95 ,39 ,2703 ,14.49 ,4 ,711 ,ขท.ชัยภูมิ,ชัยภูมิ
2072,100,หนองปล้อง - พระบึง,1+000,5709 ,2529 ,59 ,32 ,12 ,1619 ,1517 ,51 ,28 ,15 ,11571 ,14.98 ,111 ,3519 ,ขท.นครราชสีมาที่ 3,นครราชสีมา
2073,101,นางรอง - บัวตารุ่ง,7+475,2805 ,402 ,30 ,13 ,20 ,821 ,187 ,123 ,133 ,107 ,4641 ,11.15 ,22 ,1502 ,ขท.บุรีรัมย์,บุรีรัมย์
2073,102,บัวตารุ่ง - ลำปลายมาศ,40+000,1463 ,803 ,69 ,73 ,64 ,2783 ,763 ,847 ,717 ,609 ,8191 ,37.64 ,1 ,1660 ,ขท.บุรีรัมย์,บุรีรัมย์
2073,103,ลำปลายมาศ - หนองโดนน้อย,46+527,1865 ,779 ,63 ,69 ,52 ,2593 ,533 ,669 ,599 ,535 ,7757 ,31.63 ,5 ,1797 ,ขท.บุรีรัมย์,บุรีรัมย์
2073,200,หนองโดนน้อย - ชุมพวง,63+920,561 ,395 ,3 ,2 ,1 ,763 ,146 ,132 ,143 ,127 ,2273 ,26.69 ,18 ,582 ,ขท.นครราชสีมาที่ 1,นครราชสีมา
2074,101,บุรีรัมย์ - คูเมือง,13+057,3546 ,2764 ,205 ,175 ,135 ,8712 ,239 ,197 ,138 ,102 ,16213 ,5.82 ,40 ,5121 ,ขท.บุรีรัมย์,บุรีรัมย์
2074,102,คูเมือง - ลำน้ำมูล,43+580,2092 ,250 ,9 ,13 ,7 ,2793 ,64 ,36 ,42 ,27 ,5333 ,4.19 ,4 ,1195 ,ขท.บุรีรัมย์,บุรีรัมย์
2074,103,ลำน้ำมูล - พุทไธสง,53+500,2686 ,567 ,6 ,6 ,39 ,4478 ,499 ,415 ,222 ,171 ,9089 ,14.57 ,4 ,906 ,ขท.บุรีรัมย์,บุรีรัมย์
2076,100,ท่าตูม - หนองฮู,11+506,2486 ,963 ,44 ,24 ,13 ,2093 ,162 ,102 ,42 ,48 ,5977 ,7.79 ,17 ,1460 ,ขท.สุรินทร์,สุรินทร์
2076,100,ท่าตูม - หนองฮู,19+297,1508 ,1039 ,16 ,18 ,14 ,1895 ,751 ,505 ,257 ,217 ,6220 ,26.88 ,7 ,1374 ,ขท.สุรินทร์,สุรินทร์
2076,100,ท่าตูม - หนองฮู,34+332,618 ,223 ,20 ,9 ,29 ,1092 ,150 ,42 ,33 ,40 ,2256 ,12.94 ,25 ,389 ,ขท.สุรินทร์,สุรินทร์
2076,200,หนองฮู - ส้มป่อยน้อย,57+485,980 ,260 ,36 ,8 ,3 ,1904 ,149 ,88 ,37 ,30 ,3495 ,8.82 ,2 ,656 ,ขท.ศรีสะเกษที่ 1,ศรีสะเกษ
2077,101,สุรินทร์ - ลำดวน,5+176,4499 ,1251 ,59 ,6 ,7 ,2210 ,340 ,152 ,162 ,70 ,8756 ,8.77 ,18 ,2545 ,ขท.สุรินทร์,สุรินทร์
2077,103,สังขะ - บัวเชด,55+566,2959 ,254 ,30 ,11 ,3 ,1151 ,241 ,50 ,46 ,29 ,4774 ,8.38 ,22 ,1720 ,ขท.สุรินทร์,สุรินทร์
2079,102,ห้วยจริง - ศีขรภูมิ,31+731,1053 ,209 ,51 ,14 ,4 ,1350 ,112 ,18 ,30 ,10 ,2851 ,5.11 ,11 ,954 ,ขท.สุรินทร์,สุรินทร์
2081,100,ตาฮะ - ลำพังชู,14+800,2596 ,2367 ,104 ,106 ,60 ,1697 ,1317 ,1069 ,1219 ,1205 ,11740 ,45.97 ,22 ,1209 ,ขท.สุรินทร์,สุรินทร์
2081,100,ตาฮะ - ลำพังชู,48+683,2284 ,1151 ,48 ,28 ,37 ,2303 ,582 ,630 ,551 ,398 ,8012 ,27.25 ,23 ,1046 ,ขท.สุรินทร์,สุรินทร์
2081,200,ลำพังชู - พุทไธสง,71+433,1779 ,456 ,0 ,0 ,0 ,2260 ,377 ,335 ,149 ,121 ,5477 ,16.87 ,3 ,884 ,ขท.บุรีรัมย์,บุรีรัมย์
2083,101,ส้มป่อยน้อย - หัวช้าง,0+805,1581 ,1337 ,30 ,7 ,3 ,3106 ,155 ,102 ,267 ,128 ,6716 ,11.82 ,2 ,768 ,ขท.ศรีสะเกษที่ 1,ศรีสะเกษ
2083,102,หัวช้าง - สะเดา,23+500,2492 ,2322 ,73 ,66 ,33 ,394 ,246 ,248 ,202 ,109 ,6185 ,14.84 ,13 ,1912 ,ขท.ศรีสะเกษที่ 1,ศรีสะเกษ
2083,200,สะเดา - คำเขื่อนแก้ว,48+505,3563 ,3175 ,85 ,59 ,65 ,1814 ,1441 ,89 ,80 ,58 ,10429 ,17.19 ,69 ,1691 ,ขท.ยโสธร,ยโสธร
2085,100,กันทรลักษ์ - กันทรารมย์,6+450,4221 ,255 ,31 ,12 ,26 ,68 ,130 ,131 ,71 ,49 ,4994 ,5.49 ,13 ,1746 ,ขท.ศรีสะเกษที่ 2,ศรีสะเกษ
2085,100,กันทรลักษ์ - กันทรารมย์,21+000,4809 ,646 ,38 ,23 ,37 ,444 ,466 ,433 ,455 ,193 ,7544 ,16.85 ,19 ,980 ,ขท.ศรีสะเกษที่ 2,ศรีสะเกษ
2085,100,กันทรลักษ์ - กันทรารมย์,38+000,2721 ,280 ,13 ,10 ,8 ,30 ,90 ,106 ,134 ,37 ,3429 ,7.24 ,12 ,1759 ,ขท.ศรีสะเกษที่ 2,ศรีสะเกษ
2086,100,กู่พระโกนา - บ้านด่าน,26+253,3110 ,2439 ,41 ,36 ,58 ,2624 ,1150 ,976 ,1086 ,950 ,12470 ,31.42 ,30 ,2958 ,ขท.ยโสธร,ร้อยเอ็ด
2086,201,บ้านด่าน - เมืองน้อย,27+862,1089 ,546 ,9 ,7 ,8 ,407 ,129 ,72 ,158 ,59 ,2484 ,18.44 ,9 ,643 ,ขท.ศรีสะเกษที่ 1,ศรีสะเกษ
2086,201,บ้านด่าน - เมืองน้อย,50+162,2367 ,1550 ,37 ,26 ,40 ,509 ,207 ,150 ,128 ,113 ,5127 ,8.06 ,26 ,1319 ,ขท.ศรีสะเกษที่ 1,ศรีสะเกษ
2086,201,บ้านด่าน - เมืองน้อย,78+362,2215 ,2296 ,26 ,11 ,7 ,448 ,344 ,234 ,123 ,80 ,5784 ,11.68 ,6 ,1699 ,ขท.ศรีสะเกษที่ 1,ศรีสะเกษ
2087,100,เหล่าผักใส - ท่าห้วยหลัว,0+500,655 ,369 ,21 ,7 ,5 ,603 ,35 ,24 ,19 ,17 ,1755 ,6.41 ,28 ,1027 ,ขท.บึงกาฬ,สกลนคร
2089,100,มวกเหล็ก - แสลงพัน,6+500,4298 ,3369 ,145 ,118 ,77 ,3292 ,346 ,359 ,134 ,134 ,12272 ,9.39 ,54 ,3403 ,ขท.สระบุรี,สระบุรี
2089,200,แสลงพัน - คลองท่าข้าม,25+000,4593 ,3456 ,164 ,110 ,123 ,1389 ,684 ,403 ,318 ,199 ,11439 ,17.06 ,38 ,3149 ,ขท.ลพบุรีที่ 1,สระบุรี
2089,301,คลองท่าข้าม - น้ำตกวังก้านเหลือง,34+000,548 ,615 ,10 ,6 ,22 ,331 ,178 ,152 ,46 ,33 ,1941 ,20.79 ,2 ,79 ,ขท.ลพบุรีที่ 2 (ลำนารายณ์),ลพบุรี
2089,301,คลองท่าข้าม - น้ำตกวังก้านเหลือง,47+000,457 ,559 ,13 ,3 ,3 ,359 ,133 ,143 ,79 ,35 ,1784 ,21.13 ,4 ,172 ,ขท.ลพบุรีที่ 2 (ลำนารายณ์),ลพบุรี
2089,302,น้ำตกวังก้านเหลือง - ลำนารายณ์,68+900,2895 ,106 ,36 ,21 ,27 ,1274 ,317 ,107 ,99 ,55 ,4937 ,12.26 ,49 ,1457 ,ขท.ลพบุรีที่ 2 (ลำนารายณ์),ลพบุรี
2090,100,ปางแก - อุทยานแห่งชาติเขาใหญ่,3+500,8054 ,4220 ,325 ,286 ,267 ,1092 ,776 ,771 ,477 ,303 ,16571 ,16.93 ,80 ,2785 ,ขท.นครราชสีมาที่ 2,นครราชสีมา
2091,101,สว่างแดนดิน - โคกสี,2+000,1501 ,173 ,44 ,3 ,1 ,3035 ,144 ,43 ,37 ,33 ,5014 ,4.93 ,13 ,1892 ,ขท.สกลนครที่ 2 (สว่างแดนดิน),สกลนคร
2091,102,โคกสี - หนองแวง,27+420,426 ,165 ,17 ,0 ,0 ,1032 ,71 ,12 ,10 ,4 ,1737 ,4.92 ,29 ,738 ,ขท.สกลนครที่ 2 (สว่างแดนดิน),สกลนคร
2091,102,โคกสี - หนองแวง,58+200,1039 ,250 ,3 ,1 ,6 ,1582 ,104 ,40 ,22 ,22 ,3069 ,6.53 ,7 ,532 ,ขท.สกลนครที่ 2 (สว่างแดนดิน),สกลนคร
2092,100,เหล่าอุดม - ท่าห้วยหลัว,5+500,1107 ,514 ,268 ,251 ,192 ,2248 ,237 ,289 ,253 ,237 ,5596 ,22.10 ,227 ,1488 ,ขท.อุดรธานีที่ 2 (หนองหาน),อุดรธานี
2092,200,ท่าห้วยหลัว - กุดเรือคำ,22+830,1061 ,734 ,21 ,11 ,8 ,964 ,182 ,169 ,107 ,105 ,3362 ,18.03 ,21 ,892 ,ขท.บึงกาฬ,สกลนคร
2094,101,พรรณานิคม - ผาอินทร์,5+000,576 ,100 ,0 ,1 ,3 ,1344 ,64 ,24 ,30 ,14 ,2156 ,5.97 ,19 ,738 ,ขท.สกลนครที่ 2 (สว่างแดนดิน),สกลนคร
2094,102,ผาอินทร์ - ท่าก้อน,33+000,5308 ,197 ,41 ,17 ,22 ,537 ,204 ,68 ,102 ,64 ,6560 ,6.67 ,11 ,2636 ,ขท.สกลนครที่ 2 (สว่างแดนดิน),สกลนคร
2094,102,ผาอินทร์ - ท่าก้อน,47+569,2419 ,1660 ,34 ,43 ,7 ,418 ,136 ,36 ,28 ,21 ,4802 ,5.34 ,57 ,1915 ,ขท.สกลนครที่ 2 (สว่างแดนดิน),สกลนคร
2094,200,ท่าก้อน - เซกา,77+469,876 ,820 ,11 ,8 ,4 ,991 ,34 ,41 ,26 ,24 ,2835 ,4.76 ,16 ,538 ,ขท.บึงกาฬ,บึงกาฬ
2095,100,พรเจริญ - โซ่พิสัย,2+000,1343 ,1080 ,21 ,18 ,19 ,1412 ,90 ,85 ,65 ,33 ,4166 ,7.99 ,42 ,1112 ,ขท.บึงกาฬ,บึงกาฬ
2095,200,โซ่พิสัย - ปากคาด,55+900,1109 ,558 ,52 ,17 ,15 ,190 ,106 ,73 ,73 ,33 ,2226 ,16.88 ,25 ,1064 ,ขท.หนองคาย,บึงกาฬ
2096,101,หนองเม็ก - บ้านดุง,3+500,1729 ,532 ,385 ,395 ,315 ,3445 ,460 ,356 ,441 ,414 ,8472 ,28.32 ,313 ,1454 ,ขท.อุดรธานีที่ 2 (หนองหาน),อุดรธานี
2096,101,หนองเม็ก - บ้านดุง,37+000,1544 ,1624 ,499 ,385 ,306 ,2520 ,882 ,501 ,454 ,380 ,9095 ,33.02 ,313 ,1979 ,ขท.อุดรธานีที่ 2 (หนองหาน),อุดรธานี
2096,102,บ้านดุง - หนองกา,53+100,1505 ,1006 ,212 ,252 ,285 ,4041 ,781 ,734 ,550 ,475 ,9841 ,29.60 ,178 ,1715 ,ขท.อุดรธานีที่ 2 (หนองหาน),อุดรธานี
2096,200,หนองกา - คำตากล้า,80+500,1135 ,748 ,18 ,9 ,4 ,1279 ,138 ,124 ,81 ,71 ,3607 ,11.59 ,49 ,901 ,ขท.บึงกาฬ,สกลนคร
2096,200,หนองกา - คำตากล้า,121+130,1336 ,834 ,25 ,15 ,19 ,2055 ,154 ,147 ,61 ,31 ,4677 ,9.45 ,33 ,2042 ,ขท.บึงกาฬ,สกลนคร
2097,100,นาคำไฮ - หนองแวง,2+000,3105 ,2855 ,120 ,85 ,67 ,941 ,729 ,564 ,581 ,429 ,9476 ,27.17 ,43 ,1587 ,ขท.หนองบัวลำภู,หนองบัวลำภู
2097,200,หนองแวง - ข้าวสาร,38+100,2065 ,411 ,30 ,5 ,32 ,404 ,266 ,144 ,329 ,191 ,3877 ,25.51 ,68 ,1366 ,ขท.อุดรธานีที่ 1,อุดรธานี
2098,100,บ้านผือ - ข้าวสาร,2+000,2440 ,294 ,28 ,6 ,34 ,439 ,239 ,202 ,313 ,149 ,4144 ,21.91 ,110 ,1290 ,ขท.อุดรธานีที่ 1,อุดรธานี
2099,100,อาฮี - ท่าลี่,2+000,63 ,6 ,0 ,0 ,0 ,516 ,13 ,18 ,10 ,0 ,626 ,7.19 ,3 ,443 ,ขท.เลยที่ 2 (ด่านซ้าย),เลย
2101,101,ห้วยผึ้ง - น้ำปุ้น,1+900,1726 ,890 ,0 ,0 ,0 ,2489 ,242 ,119 ,34 ,32 ,5532 ,7.00 ,114 ,2107 ,ขท.สกลนครที่ 1,กาฬสินธุ์
2101,102,น้ำปุ้น - นาคู,15+500,518 ,297 ,0 ,0 ,0 ,941 ,74 ,34 ,15 ,12 ,1891 ,7.45 ,39 ,748 ,ขท.สกลนครที่ 1,กาฬสินธุ์
2104,200,ดอนพัฒนา - โสกแมว,10+554,1134 ,885 ,151 ,139 ,159 ,1838 ,452 ,211 ,198 ,177 ,5344 ,23.40 ,280 ,1405 ,ขท.มุกดาหาร,มุกดาหาร
2108,101,ธาตุจอมศรี - ชมเจริญ,0+500,2000 ,541 ,14 ,36 ,12 ,2287 ,203 ,118 ,44 ,10 ,5265 ,8.43 ,30 ,1584 ,ขท.เลยที่ 1,เลย
2108,102,ชมเจริญ - ปากชม,32+000,1312 ,408 ,8 ,20 ,23 ,1188 ,67 ,35 ,21 ,10 ,3092 ,6.46 ,15 ,1039 ,ขท.เลยที่ 1,เลย
2108,102,ชมเจริญ - ปากชม,61+000,1201 ,388 ,5 ,16 ,19 ,1326 ,83 ,33 ,23 ,10 ,3104 ,6.47 ,13 ,1056 ,ขท.เลยที่ 1,เลย
2109,100,คำแก่นคูน - เขื่อนอุบลรัตน์,0+500,7636 ,3488 ,613 ,494 ,1131 ,935 ,722 ,1443 ,1541 ,1038 ,19041 ,32.80 ,102 ,4707 ,ขท.ขอนแก่นที่ 1,ขอนแก่น
2109,100,คำแก่นคูน - เขื่อนอุบลรัตน์,24+394,3895 ,3604 ,690 ,426 ,1439 ,1214 ,1186 ,1596 ,1600 ,1291 ,16941 ,44.31 ,184 ,1925 ,ขท.ขอนแก่นที่ 1,ขอนแก่น
2111,101,พยุห์ - โพนปลัด,6+700,1371 ,652 ,41 ,44 ,26 ,1446 ,72 ,55 ,37 ,43 ,3787 ,8.16 ,30 ,1239 ,ขท.ศรีสะเกษที่ 2,ศรีสะเกษ
2111,102,โพนปลัด - ขุนหาญ,22+360,3088 ,853 ,1 ,9 ,24 ,418 ,352 ,216 ,108 ,43 ,5112 ,11.35 ,23 ,2407 ,ขท.ศรีสะเกษที่ 2,ศรีสะเกษ
2111,102,โพนปลัด - ขุนหาญ,29+800,3182 ,608 ,0 ,0 ,17 ,452 ,89 ,197 ,137 ,29 ,4711 ,10.10 ,17 ,878 ,ขท.ศรีสะเกษที่ 2,ศรีสะเกษ
2112,101,เขมราฐ - ปากแซง,0+174,2741 ,2568 ,92 ,92 ,81 ,2596 ,161 ,298 ,269 ,159 ,9057 ,12.64 ,36 ,2318 ,ขท.อำนาจเจริญ,อุบลราชธานี
2112,200,หนามแท่ง - โขงเจียม,76+774,292 ,43 ,6 ,1 ,12 ,499 ,67 ,8 ,7 ,1 ,936 ,8.33 ,5 ,630 ,ขท.อุบลราชธานีที่ 2,อุบลราชธานี
2112,200,หนามแท่ง - โขงเจียม,101+840,1042 ,654 ,56 ,3 ,12 ,90 ,45 ,5 ,4 ,1 ,1912 ,3.61 ,7 ,541 ,ขท.อุบลราชธานีที่ 2,อุบลราชธานี
2113,100,ด่านซ้าย - เหมืองแพร่,1+600,1806 ,1654 ,52 ,19 ,34 ,1175 ,609 ,380 ,229 ,23 ,5981 ,19.26 ,39 ,1512 ,ขท.เลยที่ 2 (ด่านซ้าย),เลย
2114,100,ด่านซ้าย - ปากหมัน,2+000,1526 ,1708 ,35 ,9 ,9 ,1027 ,44 ,26 ,59 ,43 ,4486 ,4.84 ,8 ,1680 ,ขท.เลยที่ 2 (ด่านซ้าย),เลย
2115,101,ปากภู - โคกใหญ่,2+000,1317 ,322 ,46 ,11 ,13 ,116 ,107 ,30 ,35 ,46 ,2043 ,10.90 ,23 ,876 ,ขท.เลยที่ 2 (ด่านซ้าย),เลย
2115,101,ปากภู - โคกใหญ่,23+700,1504 ,47 ,4 ,12 ,8 ,50 ,58 ,55 ,119 ,55 ,1912 ,16.45 ,0 ,177 ,ขท.เลยที่ 2 (ด่านซ้าย),เลย
2115,102,โคกใหญ่ - ปากห้วย,38+550,1071 ,183 ,14 ,12 ,2 ,168 ,91 ,55 ,48 ,32 ,1676 ,15.06 ,16 ,682 ,ขท.เลยที่ 2 (ด่านซ้าย),เลย
2116,101,สี่แยกยางตลาด - สี่แยกหนองแปน,6+000,4305 ,4041 ,30 ,0 ,16 ,918 ,857 ,151 ,159 ,121 ,10598 ,13.30 ,20 ,2750 ,ขท.กาฬสินธุ์,กาฬสินธุ์
2116,102,สี่แยกหนองแปน - ร่องคำ,42+000,4542 ,4848 ,10 ,0 ,1 ,674 ,586 ,392 ,283 ,118 ,11454 ,11.46 ,0 ,2628 ,ขท.กาฬสินธุ์,กาฬสินธุ์
2116,200,ร่องคำ - โพนทอง,60+000,2416 ,955 ,53 ,49 ,28 ,3560 ,471 ,222 ,243 ,192 ,8189 ,14.32 ,30 ,1234 ,ขท.ร้อยเอ็ด,ร้อยเอ็ด
2116,300,โพนทอง - ห้วยคล้อ,86+351,3471 ,2845 ,134 ,151 ,135 ,2709 ,158 ,155 ,179 ,134 ,10071 ,9.23 ,42 ,2374 ,ขท.ยโสธร,ร้อยเอ็ด
2116,300,โพนทอง - ห้วยคล้อ,97+403,2981 ,2542 ,104 ,86 ,91 ,2819 ,94 ,89 ,81 ,68 ,8955 ,5.92 ,33 ,2153 ,ขท.ยโสธร,ร้อยเอ็ด
2116,300,โพนทอง - ห้วยคล้อ,105+228,3165 ,2689 ,131 ,115 ,106 ,2832 ,155 ,148 ,147 ,133 ,9621 ,7.80 ,30 ,2258 ,ขท.ยโสธร,ร้อยเอ็ด
2116,401,ห้วยคล้อ - โนนสวาท,121+528,1109 ,1424 ,40 ,116 ,61 ,585 ,239 ,187 ,148 ,88 ,3997 ,21.21 ,14 ,720 ,ขท.มุกดาหาร,ยโสธร
2116,401,ห้วยคล้อ - โนนสวาท,136+778,1633 ,794 ,95 ,129 ,51 ,1586 ,283 ,277 ,607 ,734 ,6189 ,31.86 ,29 ,1077 ,ขท.มุกดาหาร,ยโสธร
2116,401,ห้วยคล้อ - โนนสวาท,142+700,1517 ,427 ,112 ,38 ,29 ,723 ,159 ,89 ,64 ,26 ,3184 ,12.91 ,32 ,968 ,ขท.มุกดาหาร,ยโสธร
2116,402,โนนสวาท - ดอนตาล,175+100,292 ,211 ,170 ,119 ,131 ,895 ,135 ,75 ,89 ,85 ,2202 ,28.74 ,89 ,738 ,ขท.มุกดาหาร,มุกดาหาร
2117,100,ตะโก - เขาพนมรุ้ง,1+361,676 ,423 ,34 ,24 ,20 ,532 ,289 ,94 ,125 ,97 ,2314 ,26.81 ,49 ,801 ,ขท.บุรีรัมย์,บุรีรัมย์
2117,100,ตะโก - เขาพนมรุ้ง,6+444,656 ,443 ,84 ,58 ,44 ,512 ,169 ,79 ,57 ,38 ,2140 ,20.36 ,31 ,717 ,ขท.บุรีรัมย์,บุรีรัมย์
2120,100,ส้มป่อย - ละหานทราย,1+175,2891 ,272 ,13 ,10 ,21 ,1960 ,204 ,166 ,202 ,237 ,5976 ,14.39 ,3 ,1534 ,ขท.บุรีรัมย์,บุรีรัมย์
2122,100,บักจรัง - มะโน,4+200,540 ,248 ,17 ,3 ,0 ,237 ,114 ,86 ,98 ,63 ,1406 ,23.81 ,25 ,664 ,ขท.สุรินทร์,สุรินทร์
2125,100,บ้านไฮ - กันทรารมย์,0+500,3252 ,974 ,27 ,46 ,40 ,1288 ,93 ,105 ,64 ,46 ,5935 ,7.34 ,34 ,2632 ,ขท.ศรีสะเกษที่ 2,ศรีสะเกษ
2125,100,บ้านไฮ - กันทรารมย์,34+885,2943 ,880 ,46 ,54 ,43 ,5713 ,63 ,49 ,38 ,42 ,9871 ,2.82 ,26 ,2949 ,ขท.ศรีสะเกษที่ 2,ศรีสะเกษ
2126,100,ผือใหม่ - โดนเอาว์,1+850,744 ,249 ,0 ,0 ,0 ,1355 ,112 ,8 ,13 ,8 ,2489 ,5.15 ,21 ,828 ,ขท.ศรีสะเกษที่ 2,ศรีสะเกษ
2127,100,ศิวาลัย - สำโรงเกียรติ,2+000,1657 ,1711 ,0 ,0 ,0 ,856 ,134 ,60 ,39 ,45 ,4502 ,6.34 ,11 ,2349 ,ขท.ศรีสะเกษที่ 2,ศรีสะเกษ
2128,100,ขุนหาญ - กันทรอม,4+200,714 ,1955 ,0 ,0 ,0 ,95 ,129 ,28 ,10 ,1 ,2932 ,5.02 ,13 ,1712 ,ขท.ศรีสะเกษที่ 2,ศรีสะเกษ
2129,100,ทางเข้าลำนารายณ์,1+000,10131 ,736 ,99 ,41 ,127 ,2273 ,472 ,296 ,406 ,160 ,14741 ,10.02 ,35 ,5874 ,ขท.ลพบุรีที่ 2 (ลำนารายณ์),ลพบุรี
2131,100,ขอนแก่น - บ้านสะอาด,2+493,5427 ,5781 ,430 ,0 ,0 ,12386 ,544 ,415 ,392 ,328 ,25703 ,6.15 ,27 ,5521 ,ขท.ขอนแก่นที่ 1,ขอนแก่น
2132,100,ท่าแร่ - นาเพียง,10+661,540 ,293 ,0 ,6 ,0 ,1211 ,94 ,38 ,61 ,32 ,2275 ,8.33 ,8 ,659 ,ขท.สกลนครที่ 1,สกลนคร
2133,100,ศรีบุญเรือง - ภูเวียง,0+500,3417 ,921 ,20 ,21 ,11 ,551 ,387 ,263 ,332 ,243 ,6166 ,18.76 ,15 ,1887 ,ขท.หนองบัวลำภู,หนองบัวลำภู
2133,100,ศรีบุญเรือง - ภูเวียง,34+000,2503 ,806 ,27 ,27 ,14 ,414 ,275 ,293 ,287 ,228 ,4874 ,20.97 ,13 ,1678 ,ขท.หนองบัวลำภู,ขอนแก่น
2134,101,ลืออำนาจ - พนา,2+000,2803 ,2634 ,145 ,128 ,96 ,2392 ,238 ,144 ,156 ,158 ,8894 ,9.59 ,30 ,2245 ,ขท.อำนาจเจริญ,อำนาจเจริญ
2134,101,ลืออำนาจ - พนา,21+724,2403 ,2097 ,82 ,62 ,79 ,2307 ,276 ,281 ,202 ,213 ,8002 ,14.24 ,23 ,2019 ,ขท.อำนาจเจริญ,อำนาจเจริญ
2134,102,พนา - ตระการพืชผล,42+171,3580 ,1587 ,118 ,97 ,102 ,272 ,101 ,132 ,109 ,115 ,6213 ,9.39 ,29 ,2382 ,ขท.อำนาจเจริญ,อุบลราชธานี
2134,103,ตระการพืชผล - ดอนใหญ่,43+995,2946 ,1402 ,83 ,84 ,56 ,1550 ,490 ,234 ,94 ,76 ,7015 ,17.31 ,35 ,2644 ,ขท.อำนาจเจริญ,อุบลราชธานี
2134,200,ดอนใหญ่ - โขงเจียม,79+969,321 ,401 ,11 ,18 ,10 ,413 ,103 ,37 ,24 ,13 ,1351 ,12.69 ,11 ,577 ,ขท.อุบลราชธานีที่ 2,อุบลราชธานี
2135,100,ดอนใหญ่ - หนามแท่ง,4+500,2468 ,2071 ,57 ,63 ,45 ,1330 ,608 ,134 ,89 ,75 ,6940 ,13.45 ,42 ,2115 ,ขท.อำนาจเจริญ,อุบลราชธานี
2135,100,ดอนใหญ่ - หนามแท่ง,36+391,2495 ,1062 ,50 ,56 ,50 ,1388 ,317 ,123 ,85 ,61 ,5687 ,12.56 ,38 ,2070 ,ขท.อำนาจเจริญ,อุบลราชธานี
2138,100,บ้านใหม่ - นาด้วง,8+500,5303 ,1930 ,12 ,8 ,20 ,852 ,8 ,7 ,4 ,3 ,8147 ,0.77 ,48 ,4035 ,ขท.เลยที่ 1,เลย
2140,100,วังสะพุง - นาหลวง,1+000,1269 ,117 ,8 ,2 ,7 ,1602 ,93 ,22 ,46 ,19 ,3185 ,6.52 ,2 ,720 ,ขท.เลยที่ 1,เลย
2140,100,วังสะพุง - นาหลวง,14+551,1262 ,125 ,17 ,10 ,0 ,478 ,65 ,19 ,13 ,8 ,1997 ,4.10 ,34 ,594 ,ขท.เลยที่ 1,เลย
2141,100,ตาดข่า - ภูป่าไผ่,10+300,1047 ,537 ,4 ,2 ,2 ,391 ,115 ,57 ,36 ,31 ,2222 ,10.76 ,24 ,1302 ,ขท.เลยที่ 1,เลย
2142,100,บ้านโพธิ์ - โคกโขง,2+000,145 ,84 ,7 ,3 ,2 ,167 ,19 ,14 ,1 ,5 ,447 ,11.43 ,12 ,116 ,ขท.บึงกาฬ,บึงกาฬ
2145,100,หนองยาง - บ้านซาง,2+000,121 ,84 ,8 ,4 ,3 ,217 ,40 ,11 ,10 ,3 ,501 ,11.83 ,16 ,411 ,ขท.บึงกาฬ,บึงกาฬ
2146,100,หนองบัวลำภู - เขื่อนอุบลรัตน์,38+000,3062 ,2389 ,34 ,12 ,9 ,1449 ,760 ,516 ,405 ,228 ,8864 ,22.90 ,13 ,1886 ,ขท.หนองบัวลำภู,หนองบัวลำภู
2146,100,หนองบัวลำภู - เขื่อนอุบลรัตน์,42+064,1982 ,1599 ,24 ,0 ,12 ,1372 ,762 ,415 ,450 ,200 ,6816 ,28.00 ,0 ,1543 ,ขท.หนองบัวลำภู,หนองบัวลำภู
2146,100,หนองบัวลำภู - เขื่อนอุบลรัตน์,56+214,2796 ,2269 ,24 ,15 ,23 ,1782 ,870 ,678 ,591 ,307 ,9355 ,25.68 ,0 ,1519 ,ขท.หนองบัวลำภู,ขอนแก่น
2148,101,ด่านขุนทด - โคกสะอาด,2+000,1682 ,1626 ,384 ,335 ,305 ,772 ,483 ,344 ,311 ,222 ,6464 ,29.60 ,24 ,1251 ,ขท.นครราชสีมาที่ 2,นครราชสีมา
2150,101,บ้านวัด - คง,3+675,2052 ,25 ,7 ,15 ,3 ,63 ,83 ,35 ,24 ,15 ,2322 ,5.35 ,7 ,666 ,ขท.นครราชสีมาที่ 1,นครราชสีมา
2150,102,คง - โนนไทย,23+804,982 ,301 ,6 ,3 ,6 ,338 ,107 ,61 ,29 ,25 ,1858 ,12.95 ,42 ,670 ,ขท.นครราชสีมาที่ 1,นครราชสีมา
2150,102,คง - โนนไทย,59+558,2631 ,153 ,5 ,2 ,9 ,435 ,131 ,55 ,53 ,39 ,3513 ,8.14 ,6 ,672 ,ขท.นครราชสีมาที่ 1,นครราชสีมา
2156,100,ยางตลาด - บ้านเสียว,7+000,1874 ,143 ,41 ,38 ,34 ,1860 ,1584 ,47 ,52 ,43 ,5716 ,28.16 ,28 ,1537 ,ขท.กาฬสินธุ์,กาฬสินธุ์
2157,101,ขุขันธ์ - แยกโคกตาล,3+800,2164 ,239 ,52 ,19 ,24 ,3373 ,88 ,56 ,40 ,36 ,6091 ,5.79 ,14 ,2350 ,ขท.ศรีสะเกษที่ 1,ศรีสะเกษ
2159,100,ชัยภูมิ - ห้วยยางดำ,20+000,3710 ,2731 ,53 ,111 ,37 ,2794 ,807 ,573 ,489 ,417 ,11722 ,20.92 ,221 ,1687 ,ขท.ชัยภูมิ,ชัยภูมิ
2159,201,ห้วยยางดำ - เกษตรสมบูรณ์,67+850,1269 ,1063 ,10 ,8 ,6 ,1736 ,238 ,199 ,157 ,132 ,4818 ,13.96 ,23 ,1209 ,ขท.ขอนแก่นที่ 2 (ชุมแพ),ชัยภูมิ
2159,202,เกษตรสมบูรณ์ - หนองหล่ม,80+350,1561 ,1249 ,11 ,10 ,8 ,1547 ,451 ,376 ,339 ,325 ,5877 ,23.00 ,82 ,1257 ,ขท.ขอนแก่นที่ 2 (ชุมแพ),ชัยภูมิ
2160,100,คง - บ้านเหลื่อม,3+685,604 ,204 ,0 ,0 ,1 ,1097 ,85 ,58 ,44 ,44 ,2137 ,10.03 ,13 ,1121 ,ขท.นครราชสีมาที่ 1,นครราชสีมา
2162,100,ทางเข้าเมืองจักราช,2+127,1184 ,479 ,110 ,71 ,62 ,511 ,213 ,127 ,67 ,39 ,2863 ,20.38 ,10 ,975 ,ขท.นครราชสีมาที่ 3,นครราชสีมา
2164,100,ตะเคียน - ท่าขี้เหล็ก,0+522,438 ,373 ,108 ,88 ,77 ,102 ,112 ,90 ,79 ,75 ,1542 ,35.88 ,22 ,487 ,ขท.นครราชสีมาที่ 2,นครราชสีมา
2166,100,เสิงสาง - ดอนแขวน,15+714,2139 ,2387 ,391 ,260 ,227 ,2618 ,1630 ,1594 ,1505 ,1527 ,14278 ,47.31 ,386 ,3707 ,ขท.นครราชสีมาที่ 3,นครราชสีมา
2166,201,ดอนแขวน - หนองกี่,18+263,1342 ,1085 ,21 ,20 ,19 ,3376 ,816 ,729 ,620 ,39 ,8067 ,31.96 ,12 ,2051 ,ขท.บุรีรัมย์,บุรีรัมย์
2166,202,หนองกี่ - โนนศรีคูณ,37+678,2475 ,1596 ,226 ,22 ,13 ,1284 ,1063 ,570 ,481 ,222 ,7952 ,28.60 ,31 ,2431 ,ขท.บุรีรัมย์,บุรีรัมย์
2166,203,โนนศรีคูณ - หนองผะองค์,83+878,1450 ,574 ,77 ,65 ,43 ,2264 ,494 ,470 ,458 ,390 ,6285 ,31.52 ,5 ,1690 ,ขท.บุรีรัมย์,บุรีรัมย์
2167,100,ตรางสวาย - ท่าด่าน,0+500,585 ,249 ,8 ,0 ,0 ,1062 ,147 ,64 ,39 ,25 ,2179 ,10.69 ,53 ,879 ,ขท.ศรีสะเกษที่ 1,ศรีสะเกษ
2167,100,ตรางสวาย - ท่าด่าน,22+333,248 ,160 ,34 ,20 ,19 ,1117 ,55 ,47 ,27 ,15 ,1742 ,18.31 ,18 ,1176 ,ขท.ศรีสะเกษที่ 1,ศรีสะเกษ
2167,200,ท่าด่าน - สำโรงทาบ,38+426,364 ,52 ,6 ,3 ,1 ,432 ,33 ,13 ,24 ,9 ,937 ,9.11 ,7 ,427 ,ขท.สุรินทร์,สุรินทร์
2169,100,ยโสธร - กุดชุม,19+850,4724 ,1187 ,109 ,110 ,74 ,4675 ,123 ,108 ,96 ,108 ,11314 ,5.34 ,69 ,3375 ,ขท.ยโสธร,ยโสธร
2169,200,กุดชุม - เลิงนกทา,60+850,3875 ,349 ,45 ,19 ,13 ,542 ,192 ,169 ,146 ,613 ,5963 ,17.45 ,16 ,1548 ,ขท.มุกดาหาร,ยโสธร
2170,102,วัดปทุมชาติ - หนองจาน,4+040,883 ,265 ,23 ,0 ,3 ,1998 ,419 ,131 ,133 ,57 ,3912 ,19.22 ,10 ,1059 ,ขท.ชัยภูมิ,ชัยภูมิ
2171,100,ท่าโพธิ์ศรี - น้ำยืน,23+500,992 ,981 ,170 ,183 ,140 ,757 ,487 ,419 ,391 ,329 ,4849 ,40.08 ,24 ,2094 ,ขท.ศรีสะเกษที่ 2,อุบลราชธานี
2172,102,อ่างศิลา - โนนเรียง,31+000,1507 ,1429 ,26 ,30 ,32 ,1651 ,524 ,532 ,535 ,488 ,6754 ,32.66 ,95 ,1295 ,ขท.อุบลราชธานีที่ 2,อุบลราชธานี
2173,100,นิคมลำโดมน้อย - โขงเจียม,6+100,463 ,711 ,52 ,37 ,26 ,160 ,105 ,46 ,10 ,1 ,1611 ,13.39 ,8 ,481 ,ขท.อุบลราชธานีที่ 2,อุบลราชธานี
2173,100,นิคมลำโดมน้อย - โขงเจียม,12+800,646 ,499 ,24 ,21 ,8 ,130 ,63 ,4 ,11 ,1 ,1407 ,8.08 ,19 ,574 ,ขท.อุบลราชธานีที่ 2,อุบลราชธานี
2177,100,ศรีสงคราม - นาน้อย,5+514,2944 ,2836 ,36 ,44 ,42 ,2443 ,424 ,417 ,391 ,392 ,9969 ,17.32 ,362 ,2007 ,ขท.นครพนม,นครพนม
2177,200,นาน้อย - อากาศอำนวย,32+000,1480 ,473 ,73 ,1 ,1 ,682 ,160 ,45 ,95 ,63 ,3073 ,12.31 ,15 ,1395 ,ขท.สกลนครที่ 2 (สว่างแดนดิน),สกลนคร
2178,100,วารินชำราบ - หนองงูเหลือม,7+900,7252 ,250 ,33 ,11 ,17 ,66 ,668 ,414 ,157 ,55 ,8923 ,18.24 ,1 ,2841 ,ขท.อุบลราชธานีที่ 1,อุบลราชธานี
2178,100,วารินชำราบ - หนองงูเหลือม,16+500,7559 ,4185 ,39 ,30 ,27 ,184 ,599 ,139 ,60 ,43 ,12865 ,7.68 ,4 ,916 ,ขท.อุบลราชธานีที่ 1,อุบลราชธานี
2179,100,จัตุรัส - บำเหน็จณรงค์,2+048,2662 ,345 ,11 ,11 ,3 ,4315 ,111 ,61 ,141 ,120 ,7780 ,5.75 ,25 ,1030 ,ขท.ชัยภูมิ,ชัยภูมิ
2182,101,เดชอุดม - โนนเรียง,6+300,2258 ,2202 ,48 ,74 ,39 ,3308 ,512 ,554 ,578 ,516 ,10089 ,20.52 ,72 ,2629 ,ขท.อุบลราชธานีที่ 2,อุบลราชธานี
2182,102,โนนเรียง - หนองแสง,46+200,1799 ,697 ,24 ,24 ,24 ,2398 ,562 ,19 ,19 ,19 ,5585 ,11.95 ,20 ,2495 ,ขท.อุบลราชธานีที่ 2,อุบลราชธานี
2183,101,น้ำพอง - โคกท่า,3+500,1035 ,605 ,65 ,49 ,59 ,420 ,364 ,108 ,63 ,40 ,2808 ,22.90 ,14 ,667 ,ขท.ขอนแก่นที่ 1,ขอนแก่น
2183,102,โคกท่า - ท่าหิน,24+000,681 ,639 ,10 ,10 ,0 ,933 ,99 ,58 ,20 ,21 ,2471 ,9.05 ,32 ,717 ,ขท.ขอนแก่นที่ 1,ขอนแก่น
2185,200,โคกสะอาด - นาหว้า,11+425,3004 ,2981 ,45 ,46 ,40 ,2663 ,465 ,457 ,439 ,432 ,10572 ,17.74 ,377 ,2078 ,ขท.นครพนม,นครพนม
2187,101,หนองเรือ - นายม,5+000,2270 ,1462 ,74 ,56 ,53 ,2912 ,331 ,245 ,176 ,150 ,7729 ,14.61 ,29 ,1961 ,ขท.ขอนแก่นที่ 2 (ชุมแพ),ขอนแก่น
2187,102,นายม - หนองแวง,36+400,2052 ,124 ,8 ,2 ,23 ,3308 ,125 ,78 ,48 ,41 ,5809 ,7.26 ,9 ,1457 ,ขท.ขอนแก่นที่ 2 (ชุมแพ),ชัยภูมิ
2188,100,กันทรวิชัย - บ้านขี,12+000,2712 ,2778 ,117 ,96 ,115 ,875 ,554 ,492 ,363 ,218 ,8320 ,16.49 ,54 ,2034 ,ขท.มหาสารคาม,มหาสารคาม
2188,100,กันทรวิชัย - บ้านขี,22+000,3734 ,1651 ,129 ,95 ,124 ,3053 ,476 ,385 ,363 ,143 ,10153 ,15.84 ,63 ,1908 ,ขท.มหาสารคาม,มหาสารคาม
2191,100,ทางเข้าเดชอุดม,0+851,3202 ,2823 ,139 ,154 ,124 ,5782 ,591 ,650 ,638 ,552 ,14655 ,18.32 ,152 ,5333 ,ขท.อุบลราชธานีที่ 2,อุบลราชธานี
2195,101,เชียงคาน - ปากคาน,8+050,889 ,113 ,18 ,0 ,9 ,30 ,25 ,13 ,21 ,21 ,1139 ,8.23 ,27 ,632 ,ขท.เลยที่ 2 (ด่านซ้าย),เลย
2195,101,เชียงคาน - ปากคาน,28+200,553 ,84 ,2 ,0 ,0 ,50 ,32 ,17 ,16 ,18 ,772 ,11.23 ,6 ,350 ,ขท.เลยที่ 2 (ด่านซ้าย),เลย
2195,103,อาฮี - เหมืองแพร่,70+607,879 ,839 ,64 ,55 ,55 ,655 ,566 ,497 ,410 ,401 ,4421 ,45.61 ,37 ,816 ,ขท.เลยที่ 2 (ด่านซ้าย),เลย
2195,103,อาฮี - เหมืองแพร่,90+102,777 ,746 ,40 ,58 ,53 ,461 ,440 ,339 ,251 ,314 ,3479 ,43.06 ,32 ,634 ,ขท.เลยที่ 2 (ด่านซ้าย),เลย
2195,103,อาฮี - เหมืองแพร่,111+802,807 ,640 ,61 ,42 ,54 ,130 ,70 ,102 ,103 ,115 ,2124 ,20.96 ,37 ,305 ,ขท.เลยที่ 2 (ด่านซ้าย),เลย
2196,101,นางั่ว - ทุ่งสมอ,0+500,878 ,907 ,0 ,0 ,0 ,1422 ,47 ,34 ,0 ,0 ,3288 ,2.29 ,0 ,978 ,ขท.เพชรบูรณ์ที่ 1,เพชรบูรณ์
2196,101,นางั่ว - ทุ่งสมอ,31+640,985 ,883 ,0 ,0 ,0 ,1129 ,14 ,11 ,0 ,0 ,3022 ,0.89 ,0 ,927 ,ขท.เพชรบูรณ์ที่ 1,เพชรบูรณ์
2196,101,นางั่ว - ทุ่งสมอ,41+460,1727 ,1721 ,0 ,0 ,0 ,1957 ,38 ,31 ,0 ,0 ,5474 ,1.20 ,0 ,1470 ,ขท.เพชรบูรณ์ที่ 1,เพชรบูรณ์
2198,100,ขามทะเลสอ - สีมุม,1+500,3175 ,287 ,112 ,34 ,90 ,414 ,185 ,114 ,122 ,97 ,4630 ,13.30 ,47 ,1741 ,ขท.นครราชสีมาที่ 2,นครราชสีมา
2199,100,ชนบท - กุดรู,4+500,1307 ,720 ,9 ,2 ,20 ,2114 ,183 ,85 ,50 ,37 ,4527 ,6.29 ,31 ,1454 ,ขท.ขอนแก่นที่ 3 (บ้านไผ่),ขอนแก่น
2201,101,ขุขันธ์ - แยกนาเจริญ,1+850,2631 ,445 ,83 ,29 ,37 ,521 ,351 ,96 ,98 ,45 ,4336 ,17.06 ,24 ,1907 ,ขท.ศรีสะเกษที่ 1,ศรีสะเกษ
2201,102,แยกนาเจริญ - ช่องสะงำ,20+000,1496 ,174 ,5 ,13 ,5 ,265 ,84 ,14 ,37 ,31 ,2124 ,9.57 ,7 ,854 ,ขท.ศรีสะเกษที่ 1,ศรีสะเกษ
2201,102,แยกนาเจริญ - ช่องสะงำ,40+865,1144 ,81 ,9 ,1 ,0 ,586 ,62 ,10 ,25 ,4 ,1922 ,7.10 ,1 ,823 ,ขท.ศรีสะเกษที่ 1,ศรีสะเกษ
2208,101,ประโคนชัย - ห้วยละเวี้ย,2+700,639 ,170 ,33 ,14 ,11 ,966 ,125 ,163 ,56 ,47 ,2224 ,17.74 ,11 ,591 ,ขท.บุรีรัมย์,บุรีรัมย์
2208,102,ห้วยละเวี้ย - ระกา,8+861,955 ,432 ,47 ,25 ,29 ,3278 ,295 ,258 ,214 ,113 ,5646 ,16.11 ,29 ,1627 ,ขท.บุรีรัมย์,บุรีรัมย์
2208,102,ห้วยละเวี้ย - ระกา,27+184,900 ,861 ,44 ,34 ,31 ,1554 ,551 ,445 ,344 ,368 ,5132 ,33.64 ,28 ,1334 ,ขท.บุรีรัมย์,บุรีรัมย์
2208,103,ระกา - กระสัง,42+516,1792 ,790 ,45 ,28 ,24 ,3590 ,319 ,317 ,280 ,204 ,7389 ,15.67 ,35 ,2941 ,ขท.บุรีรัมย์,บุรีรัมย์
2210,100,ขมิ้น - น้ำปลีก,1+000,2442 ,1999 ,78 ,59 ,59 ,1797 ,834 ,188 ,144 ,112 ,7712 ,11.45 ,24 ,2194 ,ขท.อำนาจเจริญ,อุบลราชธานี
2210,100,ขมิ้น - น้ำปลีก,34+500,2455 ,1813 ,72 ,74 ,61 ,2678 ,170 ,106 ,109 ,59 ,7597 ,8.66 ,34 ,2140 ,ขท.อำนาจเจริญ,อำนาจเจริญ
2213,100,นาส่วง - นาเยีย,4+000,2007 ,1933 ,41 ,40 ,39 ,2078 ,568 ,579 ,546 ,557 ,8388 ,28.52 ,63 ,1659 ,ขท.อุบลราชธานีที่ 2,อุบลราชธานี
2214,100,นากระแซง - บ้านดวน,1+000,775 ,868 ,106 ,44 ,43 ,898 ,868 ,780 ,727 ,846 ,5955 ,55.05 ,22 ,679 ,ขท.ศรีสะเกษที่ 2,อุบลราชธานี
2214,100,นากระแซง - บ้านดวน,30+437,807 ,857 ,110 ,106 ,106 ,845 ,767 ,798 ,739 ,716 ,5851 ,54.63 ,23 ,544 ,ขท.ศรีสะเกษที่ 2,อุบลราชธานี
2215,101,บุ่งน้ำเต้า - บ้านกลาง,8+000,783 ,510 ,0 ,0 ,0 ,1611 ,37 ,35 ,0 ,0 ,2976 ,2.03 ,17 ,1026 ,ขท.เพชรบูรณ์ที่ 1,เพชรบูรณ์
2216,201,ห้วยสนามทราย - โคกมน,4+000,189 ,149 ,0 ,0 ,0 ,1424 ,69 ,31 ,10 ,5 ,1877 ,6.29 ,9 ,481 ,ขท.เพชรบูรณ์ที่ 1,เพชรบูรณ์
2216,202,โคกมน - กกกะทอน,10+050,1751 ,178 ,18 ,10 ,0 ,761 ,169 ,71 ,44 ,37 ,3039 ,11.12 ,19 ,701 ,ขท.เพชรบูรณ์ที่ 1,เพชรบูรณ์
2216,202,โคกมน - กกกะทอน,59+000,1107 ,210 ,5 ,0 ,0 ,399 ,102 ,58 ,28 ,24 ,1933 ,10.66 ,11 ,652 ,ขท.เพชรบูรณ์ที่ 1,เพชรบูรณ์
2216,202,โคกมน - กกกะทอน,95+000,2730 ,243 ,14 ,2 ,0 ,1011 ,200 ,107 ,36 ,25 ,4368 ,9.41 ,10 ,736 ,ขท.เพชรบูรณ์ที่ 1,เพชรบูรณ์
2217,100,ด่านขุนทด - หนองกราด,1+700,1608 ,1266 ,45 ,57 ,70 ,74 ,61 ,53 ,56 ,51 ,3341 ,11.62 ,25 ,1345 ,ขท.นครราชสีมาที่ 2,นครราชสีมา
2218,100,คำเพิ่ม - ห้วยบาง,1+000,1622 ,577 ,42 ,27 ,13 ,508 ,181 ,37 ,30 ,12 ,3049 ,8.90 ,13 ,1053 ,ขท.สกลนครที่ 2 (สว่างแดนดิน),สกลนคร
2218,100,คำเพิ่ม - ห้วยบาง,29+220,1230 ,238 ,37 ,14 ,9 ,1436 ,95 ,25 ,23 ,24 ,3131 ,5.98 ,14 ,1118 ,ขท.สกลนครที่ 2 (สว่างแดนดิน),สกลนคร
2219,100,บ้านหมี่ - โคกเจริญ,17+000,1540 ,2072 ,27 ,29 ,25 ,1287 ,175 ,142 ,120 ,61 ,5478 ,10.47 ,4 ,724 ,ขท.ลพบุรีที่ 1,ลพบุรี
2219,100,บ้านหมี่ - โคกเจริญ,24+012,2382 ,1512 ,33 ,26 ,21 ,1625 ,300 ,249 ,243 ,72 ,6463 ,15.51 ,2 ,974 ,ขท.ลพบุรีที่ 1,ลพบุรี
2219,100,บ้านหมี่ - โคกเจริญ,36+624,1516 ,1610 ,39 ,27 ,23 ,1252 ,198 ,179 ,171 ,146 ,5161 ,17.32 ,3 ,948 ,ขท.ลพบุรีที่ 1,ลพบุรี
2219,200,โคกเจริญ - หนองมะค่า,47+335,1606 ,1281 ,131 ,70 ,69 ,1757 ,941 ,845 ,98 ,98 ,6896 ,28.64 ,0 ,554 ,ขท.ลพบุรีที่ 2 (ลำนารายณ์),ลพบุรี
2219,300,หนองมะค่า - ศรีเทพน้อย,61+425,511 ,232 ,0 ,0 ,0 ,620 ,36 ,33 ,26 ,25 ,1483 ,8.67 ,24 ,583 ,ขท.เพชรบูรณ์ที่ 2 (บึงสามพัน),เพชรบูรณ์
2219,300,หนองมะค่า - ศรีเทพน้อย,77+478,429 ,185 ,0 ,0 ,0 ,593 ,64 ,37 ,31 ,40 ,1379 ,12.20 ,39 ,445 ,ขท.เพชรบูรณ์ที่ 2 (บึงสามพัน),เพชรบูรณ์
2220,100,กลางดง - วัดเทพพิทักษ์ปุณณาราม,1+000,1416 ,1150 ,292 ,271 ,149 ,1167 ,859 ,692 ,119 ,0 ,6115 ,32.88 ,207 ,1034 ,ขท.นครราชสีมาที่ 2,นครราชสีมา
2222,100,โขงเจียม - สะพือ,20+000,638 ,583 ,34 ,4 ,0 ,251 ,78 ,34 ,27 ,6 ,1655 ,12.22 ,13 ,439 ,ขท.อุบลราชธานีที่ 2,อุบลราชธานี
2224,100,มวกเหล็ก - กลุ่มพระบาท,2+100,3313 ,3144 ,111 ,101 ,103 ,3303 ,222 ,202 ,233 ,174 ,10906 ,9.28 ,30 ,2540 ,ขท.สระบุรี,สระบุรี
2224,100,มวกเหล็ก - กลุ่มพระบาท,10+987,3174 ,2542 ,109 ,97 ,76 ,2443 ,163 ,109 ,56 ,55 ,8824 ,6.50 ,63 ,2585 ,ขท.สระบุรี,สระบุรี
2224,200,กลุ่มพระบาท - ซับน้อยเหนือ,30+687,1444 ,1100 ,29 ,22 ,6 ,882 ,219 ,47 ,33 ,26 ,3808 ,9.27 ,2 ,994 ,ขท.ลพบุรีที่ 2 (ลำนารายณ์),สระบุรี
2226,100,วังหิน - หนองนางดำ,5+000,2347 ,577 ,6 ,17 ,36 ,2244 ,205 ,233 ,223 ,204 ,6092 ,15.45 ,23 ,1508 ,ขท.นครราชสีมาที่ 1,นครราชสีมา
2226,100,วังหิน - หนองนางดำ,35+855,1451 ,476 ,10 ,9 ,20 ,3195 ,169 ,185 ,244 ,241 ,6000 ,15.35 ,17 ,1890 ,ขท.นครราชสีมาที่ 1,นครราชสีมา
2226,201,หนองนางดำ - หนองขมาร,61+000,749 ,140 ,11 ,5 ,11 ,1916 ,171 ,87 ,156 ,136 ,3382 ,15.39 ,0 ,1110 ,ขท.บุรีรัมย์,บุรีรัมย์
2226,202,หนองขมาร - สตึก,77+755,454 ,123 ,13 ,4 ,9 ,2124 ,116 ,47 ,35 ,25 ,2950 ,10.10 ,67 ,1651 ,ขท.บุรีรัมย์,บุรีรัมย์
2229,100,กุดเรือคำ - บ้านม่วง,12+000,866 ,819 ,20 ,12 ,15 ,1361 ,105 ,86 ,61 ,41 ,3386 ,9.29 ,17 ,1017 ,ขท.บึงกาฬ,สกลนคร
2230,100,เหล่าอุดม - บ้านปัก,3+000,968 ,455 ,187 ,174 ,180 ,1678 ,210 ,234 ,183 ,144 ,4413 ,30.12 ,142 ,811 ,ขท.อุดรธานีที่ 2 (หนองหาน),อุดรธานี
2230,200,บ้านปัก - เฝ้าไร่,24+000,2296 ,1212 ,93 ,38 ,12 ,770 ,86 ,63 ,40 ,21 ,4631 ,6.40 ,30 ,1365 ,ขท.หนองคาย,หนองคาย
2231,200,ท่าไฮ - กุงเก่า,8+800,148 ,60 ,27 ,30 ,34 ,1829 ,36 ,35 ,32 ,34 ,2265 ,9.40 ,22 ,1456 ,ขท.กาฬสินธุ์,กาฬสินธุ์
2232,100,หนองผือ - นาไฮ,22+700,2034 ,338 ,145 ,76 ,60 ,1446 ,73 ,81 ,73 ,73 ,4399 ,9.87 ,32 ,1635 ,ขท.อำนาจเจริญ,อุบลราชธานี
2232,100,หนองผือ - นาไฮ,23+775,2202 ,333 ,50 ,61 ,44 ,1762 ,54 ,46 ,55 ,51 ,4658 ,6.19 ,24 ,1593 ,ขท.อำนาจเจริญ,อุบลราชธานี
2233,100,พล - ท่านางแนว,7+000,837 ,336 ,5 ,0 ,1 ,1401 ,65 ,18 ,28 ,1 ,2692 ,4.46 ,3 ,936 ,ขท.ขอนแก่นที่ 3 (บ้านไผ่),ขอนแก่น
2233,100,พล - ท่านางแนว,27+000,494 ,373 ,9 ,1 ,14 ,865 ,57 ,50 ,36 ,22 ,1921 ,9.78 ,12 ,664 ,ขท.ขอนแก่นที่ 3 (บ้านไผ่),ขอนแก่น
2235,100,หนองสาหร่าย - หนองสองห้อง,13+300,3144 ,1886 ,233 ,205 ,180 ,1333 ,634 ,370 ,134 ,105 ,8224 ,24.98 ,54 ,1295 ,ขท.นครราชสีมาที่ 2,นครราชสีมา
2236,100,สำโรงเกียรติ - ช่องพระพลัย,0+500,1017 ,201 ,0 ,0 ,0 ,145 ,60 ,21 ,13 ,1 ,1458 ,6.08 ,11 ,958 ,ขท.ศรีสะเกษที่ 2,ศรีสะเกษ
2239,100,บ้านต้อง - ศรีธาตุ,20+000,687 ,489 ,20 ,12 ,10 ,1680 ,117 ,67 ,76 ,58 ,3216 ,9.78 ,27 ,848 ,ขท.อุดรธานีที่ 2 (หนองหาน),อุดรธานี
2242,100,บุ่งเขียว - เขมราฐ,0+400,2089 ,1054 ,85 ,68 ,33 ,1652 ,117 ,107 ,137 ,114 ,5456 ,10.72 ,34 ,1789 ,ขท.อำนาจเจริญ,อุบลราชธานี
2243,101,บัวชุม - สี่แยกบัวชุม,4+000,327 ,91 ,42 ,5 ,6 ,377 ,90 ,72 ,22 ,8 ,1040 ,23.06 ,22 ,527 ,ขท.ลพบุรีที่ 2 (ลำนารายณ์),ลพบุรี
2243,102,สี่แยกบัวชุม - โป่งเกตุ,28+000,1428 ,304 ,51 ,7 ,6 ,131 ,434 ,222 ,97 ,43 ,2723 ,30.80 ,39 ,791 ,ขท.ลพบุรีที่ 2 (ลำนารายณ์),ลพบุรี
2243,200,อีเหลอ - ปากช่อง,68+138,2516 ,2135 ,259 ,239 ,243 ,787 ,273 ,73 ,67 ,59 ,6651 ,15.50 ,27 ,1172 ,ขท.นครราชสีมาที่ 2,นครราชสีมา
2244,100,มอดินแดง - ศรีเทพน้อย,1+500,109 ,81 ,11 ,14 ,19 ,459 ,28 ,31 ,29 ,17 ,798 ,17.69 ,39 ,345 ,ขท.เพชรบูรณ์ที่ 2 (บึงสามพัน),เพชรบูรณ์
2245,100,นาตะกรุด - หนองบัวเริง,2+000,147 ,79 ,1 ,1 ,1 ,390 ,22 ,26 ,21 ,15 ,703 ,11.28 ,26 ,304 ,ขท.เพชรบูรณ์ที่ 2 (บึงสามพัน),เพชรบูรณ์
2246,100,บ่อตะครอง - โคกสำราญ,2+000,1057 ,170 ,7 ,14 ,2 ,1395 ,92 ,58 ,66 ,32 ,2893 ,8.58 ,28 ,1191 ,ขท.ขอนแก่นที่ 3 (บ้านไผ่),ขอนแก่น
2246,201,โคกสำราญ - โคกสี,34+631,863 ,308 ,29 ,38 ,8 ,262 ,183 ,98 ,68 ,76 ,1933 ,23.00 ,23 ,764 ,ขท.นครราชสีมาที่ 1,นครราชสีมา
2247,101,จงโก - ลำสมพุง,0+147,680 ,116 ,14 ,0 ,0 ,192 ,120 ,90 ,59 ,18 ,1289 ,22.74 ,0 ,334 ,ขท.ลพบุรีที่ 2 (ลำนารายณ์),ลพบุรี
2247,101,จงโก - ลำสมพุง,24+247,308 ,82 ,4 ,0 ,0 ,151 ,59 ,31 ,20 ,11 ,666 ,24.08 ,2 ,284 ,ขท.ลพบุรีที่ 2 (ลำนารายณ์),ลพบุรี
2247,102,ลำสมพุง - ป่าไผ่,37+037,1874 ,1652 ,19 ,7 ,6 ,934 ,218 ,165 ,67 ,46 ,4988 ,8.96 ,1 ,817 ,ขท.ลพบุรีที่ 2 (ลำนารายณ์),สระบุรี
2247,200,ป่าไผ่ - ปากช่อง,64+037,4007 ,2274 ,335 ,305 ,277 ,1054 ,325 ,112 ,88 ,42 ,8819 ,11.97 ,35 ,2185 ,ขท.นครราชสีมาที่ 2,นครราชสีมา
2248,101,ภูมิซรอล - บ้านด่าน,2+000,1208 ,673 ,23 ,13 ,0 ,979 ,271 ,164 ,253 ,121 ,3705 ,24.13 ,24 ,967 ,ขท.ศรีสะเกษที่ 2,ศรีสะเกษ
2248,102,บ้านด่าน - ซำหวาย,20+147,1004 ,835 ,34 ,34 ,40 ,1092 ,1081 ,1065 ,994 ,998 ,7177 ,58.40 ,18 ,699 ,ขท.ศรีสะเกษที่ 2,อุบลราชธานี
2248,102,บ้านด่าน - ซำหวาย,34+262,1216 ,1272 ,27 ,29 ,26 ,1349 ,1222 ,1283 ,1295 ,1191 ,8910 ,55.50 ,31 ,852 ,ขท.ศรีสะเกษที่ 2,อุบลราชธานี
2248,102,บ้านด่าน - ซำหวาย,36+500,535 ,532 ,40 ,29 ,19 ,421 ,32 ,33 ,31 ,26 ,1698 ,9.07 ,16 ,397 ,ขท.ศรีสะเกษที่ 2,อุบลราชธานี
2248,200,ซำหวาย - บุณฑริก,72+015,991 ,730 ,25 ,21 ,19 ,3542 ,731 ,22 ,22 ,22 ,6125 ,13.82 ,29 ,2817 ,ขท.อุบลราชธานีที่ 2,อุบลราชธานี
2248,200,ซำหวาย - บุณฑริก,101+762,1096 ,996 ,26 ,26 ,21 ,2093 ,609 ,28 ,25 ,25 ,4945 ,15.07 ,31 ,1851 ,ขท.อุบลราชธานีที่ 2,อุบลราชธานี
2249,101,ไร่ทาม - วังแคน,11+200,5281 ,1761 ,60 ,8 ,12 ,1172 ,7 ,9 ,7 ,6 ,8323 ,0.49 ,38 ,3553 ,ขท.เลยที่ 1,เลย
2250,100,ห้วยทรายคำ - หนองคัน,0+500,1246 ,101 ,3 ,0 ,0 ,278 ,53 ,23 ,11 ,5 ,1720 ,5.89 ,4 ,854 ,ขท.เลยที่ 1,เลย
2252,100,ปทุมราชวงศา - กุดข้าวปุ้น,8+000,1889 ,937 ,84 ,70 ,76 ,863 ,65 ,58 ,73 ,56 ,4171 ,9.55 ,55 ,1686 ,ขท.อำนาจเจริญ,อำนาจเจริญ
2253,100,คำพิมูล - คำม่วง,3+000,3087 ,2400 ,66 ,81 ,73 ,2411 ,1278 ,996 ,845 ,272 ,11509 ,32.00 ,32 ,2787 ,ขท.กาฬสินธุ์,กาฬสินธุ์
2255,100,นาข่า - สุมเส้า,9+500,1026 ,346 ,34 ,10 ,29 ,1750 ,209 ,134 ,81 ,56 ,3675 ,12.38 ,23 ,758 ,ขท.อุดรธานีที่ 2 (หนองหาน),อุดรธานี
2256,101,ถนนโค้ง - หนองน้ำใส,4+502,3507 ,1655 ,16 ,16 ,43 ,789 ,395 ,310 ,211 ,161 ,7103 ,14.91 ,4 ,707 ,ขท.ลพบุรีที่ 2 (ลำนารายณ์),ลพบุรี
2256,102,หนองน้ำใส - ปางโก,25+400,3274 ,85 ,9 ,21 ,22 ,319 ,213 ,209 ,154 ,119 ,4425 ,14.30 ,4 ,374 ,ขท.ลพบุรีที่ 2 (ลำนารายณ์),ลพบุรี
2256,200,ปางโก - กุดม่วง,63+500,3534 ,301 ,34 ,0 ,11 ,51 ,124 ,182 ,241 ,215 ,4693 ,17.34 ,6 ,449 ,ขท.นครราชสีมาที่ 2,นครราชสีมา
2256,200,ปางโก - กุดม่วง,65+305,1513 ,1405 ,49 ,48 ,64 ,479 ,75 ,542 ,564 ,512 ,5251 ,35.51 ,20 ,1152 ,ขท.นครราชสีมาที่ 2,นครราชสีมา
2258,100,สะเดาะพง - เสลี่ยงแห้ง2,1+700,714 ,674 ,0 ,0 ,0 ,1107 ,72 ,36 ,0 ,0 ,2603 ,4.75 ,0 ,791 ,ขท.เพชรบูรณ์ที่ 1,เพชรบูรณ์
2259,100,เสลภูมิ - คำโพนสูง,13+500,2740 ,1929 ,94 ,77 ,90 ,2544 ,98 ,86 ,76 ,67 ,7801 ,6.43 ,38 ,2022 ,ขท.ยโสธร,ร้อยเอ็ด
2259,100,เสลภูมิ - คำโพนสูง,42+400,2843 ,1988 ,91 ,98 ,88 ,2657 ,106 ,87 ,74 ,66 ,8098 ,6.18 ,36 ,2091 ,ขท.ยโสธร,ร้อยเอ็ด
2260,100,ลำสนธิ - ซับลังกา,2+625,239 ,20 ,13 ,4 ,3 ,263 ,32 ,6 ,5 ,1 ,586 ,11.03 ,0 ,303 ,ขท.ลพบุรีที่ 2 (ลำนารายณ์),ลพบุรี
2260,100,ลำสนธิ - ซับลังกา,12+700,141 ,156 ,13 ,0 ,9 ,158 ,52 ,7 ,7 ,8 ,551 ,18.65 ,17 ,197 ,ขท.ลพบุรีที่ 2 (ลำนารายณ์),ลพบุรี
2260,100,ลำสนธิ - ซับลังกา,25+054,23 ,2 ,0 ,2 ,0 ,104 ,5 ,1 ,0 ,0 ,137 ,5.36 ,6 ,108 ,ขท.ลพบุรีที่ 2 (ลำนารายณ์),ลพบุรี
2262,100,สำโรงทาบ - ม่วงหมาก,4+500,1070 ,303 ,8 ,9 ,0 ,1603 ,80 ,15 ,18 ,9 ,3115 ,4.30 ,19 ,1789 ,ขท.สุรินทร์,สุรินทร์
2263,100,อุดรธานี - บ้านเพีย,3+900,5171 ,2422 ,69 ,22 ,14 ,1354 ,211 ,87 ,66 ,60 ,9476 ,5.86 ,21 ,3787 ,ขท.อุดรธานีที่ 1,อุดรธานี
2263,201,บ้านเพีย - ทุ่งตาลเลียน,22+050,2962 ,2651 ,115 ,87 ,108 ,1134 ,841 ,680 ,513 ,484 ,9575 ,30.40 ,79 ,1670 ,ขท.หนองบัวลำภู,อุดรธานี
2266,100,ศรีเชียงใหม่ - ห้วยทอน,14+000,731 ,317 ,358 ,10 ,4 ,674 ,30 ,19 ,4 ,2 ,2149 ,3.50 ,27 ,507 ,ขท.หนองคาย,หนองคาย
2266,200,ห้วยทอน - กลางใหญ่,28+778,1518 ,330 ,1 ,14 ,19 ,259 ,148 ,158 ,182 ,129 ,2758 ,23.23 ,46 ,1094 ,ขท.อุดรธานีที่ 1,อุดรธานี
2267,101,โพนพิสัย - โนนต้อง,24+700,3053 ,1386 ,75 ,43 ,9 ,1007 ,98 ,88 ,79 ,59 ,5897 ,6.41 ,27 ,1424 ,ขท.หนองคาย,หนองคาย
2268,100,เชียงยืน - คำใหญ่,16+200,1023 ,806 ,27 ,21 ,19 ,917 ,100 ,29 ,18 ,18 ,2978 ,7.05 ,21 ,758 ,ขท.ขอนแก่นที่ 1,มหาสารคาม
2268,200,คำใหญ่ - ท่าคันโท,39+280,56 ,36 ,31 ,31 ,31 ,2545 ,33 ,28 ,30 ,27 ,2848 ,6.44 ,25 ,2060 ,ขท.กาฬสินธุ์,กาฬสินธุ์
2268,200,คำใหญ่ - ท่าคันโท,48+639,215 ,29 ,31 ,30 ,27 ,3252 ,45 ,27 ,29 ,26 ,3711 ,5.53 ,21 ,3151 ,ขท.กาฬสินธุ์,กาฬสินธุ์
2268,200,คำใหญ่ - ท่าคันโท,76+938,166 ,30 ,26 ,26 ,28 ,2354 ,37 ,25 ,26 ,27 ,2745 ,6.60 ,19 ,2143 ,ขท.กาฬสินธุ์,กาฬสินธุ์
2269,100,โนนใหม่ - หนองคู,2+500,861 ,484 ,0 ,0 ,0 ,1057 ,22 ,0 ,0 ,0 ,2424 ,1.02 ,12 ,763 ,ขท.ร้อยเอ็ด,ร้อยเอ็ด
2269,200,หนองคู - ดงบัง,22+050,2943 ,2571 ,75 ,69 ,53 ,3031 ,219 ,156 ,136 ,121 ,9374 ,8.21 ,48 ,2013 ,ขท.มหาสารคาม,มหาสารคาม
2270,100,มีชัย - ลำน้ำสงคราม,4+000,1023 ,209 ,147 ,178 ,126 ,1195 ,200 ,205 ,156 ,147 ,3586 ,27.90 ,137 ,632 ,ขท.อุดรธานีที่ 2 (หนองหาน),อุดรธานี
2271,100,ปากน้ำ - เฉลียงลับ,1+000,1987 ,1575 ,36 ,15 ,16 ,969 ,543 ,368 ,243 ,202 ,5954 ,22.91 ,58 ,2914 ,ขท.เพชรบูรณ์ที่ 1,เพชรบูรณ์
2272,100,หนองยายโต๊ะ - แยกท่ามะนาว,3+000,656 ,404 ,215 ,96 ,53 ,544 ,362 ,260 ,259 ,231 ,3080 ,38.85 ,35 ,600 ,ขท.ลพบุรีที่ 2 (ลำนารายณ์),ลพบุรี
2273,100,บ้านหมาก - เขาแดง,1+000,3391 ,257 ,120 ,111 ,89 ,2970 ,177 ,159 ,118 ,64 ,7456 ,10.03 ,87 ,2378 ,ขท.สระบุรี,สระบุรี
2273,200,เขาแดง - สวนมะเดื่อ,4+200,1734 ,1815 ,75 ,13 ,6 ,900 ,158 ,111 ,101 ,78 ,4991 ,9.54 ,4 ,815 ,ขท.ลพบุรีที่ 2 (ลำนารายณ์),นครราชสีมา
2274,100,อีเหลอ - ปางหัวช้าง,2+500,752 ,626 ,289 ,264 ,243 ,849 ,466 ,68 ,22 ,23 ,3602 ,28.29 ,21 ,549 ,ขท.นครราชสีมาที่ 2,นครราชสีมา
2274,200,ปางหัวช้าง - คลองไทร,11+470,1160 ,641 ,1 ,0 ,0 ,221 ,21 ,11 ,6 ,4 ,2065 ,1.33 ,0 ,523 ,ขท.ลพบุรีที่ 2 (ลำนารายณ์),สระบุรี
2275,100,หนองบง - ซับลังกา,2+250,942 ,197 ,23 ,14 ,8 ,274 ,182 ,87 ,126 ,88 ,1941 ,29.20 ,15 ,648 ,ขท.ลพบุรีที่ 2 (ลำนารายณ์),ลพบุรี
2275,201,ซับลังกา - แยกศรีเทพ,16+673,331 ,46 ,0 ,3 ,1 ,375 ,28 ,32 ,31 ,26 ,873 ,14.03 ,48 ,291 ,ขท.เพชรบูรณ์ที่ 2 (บึงสามพัน),เพชรบูรณ์
2275,202,แยกศรีเทพ - ซับบอน,47+638,1824 ,840 ,54 ,49 ,19 ,3271 ,132 ,173 ,66 ,64 ,6492 ,6.87 ,48 ,1212 ,ขท.เพชรบูรณ์ที่ 2 (บึงสามพัน),เพชรบูรณ์
2275,202,แยกศรีเทพ - ซับบอน,52+057,485 ,209 ,65 ,39 ,13 ,1305 ,158 ,125 ,134 ,108 ,2641 ,23.21 ,65 ,883 ,ขท.เพชรบูรณ์ที่ 2 (บึงสามพัน),เพชรบูรณ์
2275,203,หนองแดง - ห้วยไร่,79+500,1073 ,771 ,25 ,0 ,0 ,2377 ,53 ,60 ,36 ,32 ,4427 ,4.77 ,63 ,1620 ,ขท.เพชรบูรณ์ที่ 2 (บึงสามพัน),เพชรบูรณ์
2275,301,ห้วยไร่ - ห้วยใหญ่,114+848,1869 ,1390 ,46 ,11 ,7 ,792 ,462 ,390 ,309 ,237 ,5513 ,25.04 ,47 ,1799 ,ขท.เพชรบูรณ์ที่ 1,เพชรบูรณ์
2275,301,ห้วยไร่ - ห้วยใหญ่,158+425,2160 ,1701 ,46 ,15 ,13 ,796 ,463 ,374 ,265 ,261 ,6094 ,22.90 ,22 ,1752 ,ขท.เพชรบูรณ์ที่ 1,เพชรบูรณ์
2275,302,ห้วยใหญ่ - น้ำเดื่อ,161+500,1758 ,1381 ,27 ,25 ,1 ,1797 ,126 ,107 ,95 ,89 ,5406 ,8.01 ,99 ,1360 ,ขท.เพชรบูรณ์ที่ 1,เพชรบูรณ์
2275,303,น้ำเดื่อ - น้ำดุก,191+750,273 ,178 ,0 ,0 ,0 ,1912 ,98 ,18 ,0 ,3 ,2482 ,5.39 ,24 ,1511 ,ขท.เพชรบูรณ์ที่ 1,เพชรบูรณ์
2276,100,กุรุคุ - เรณูนคร,8+295,1313 ,688 ,58 ,53 ,66 ,3109 ,261 ,241 ,170 ,91 ,6050 ,12.75 ,274 ,3081 ,ขท.นครพนม,นครพนม
2276,100,กุรุคุ - เรณูนคร,28+983,1295 ,802 ,100 ,74 ,64 ,3127 ,173 ,160 ,125 ,147 ,6067 ,13.11 ,241 ,2899 ,ขท.นครพนม,นครพนม
2278,100,หัวนา - กกโอ,1+000,428 ,102 ,4 ,0 ,2 ,114 ,23 ,7 ,2 ,0 ,682 ,5.99 ,23 ,552 ,ขท.เพชรบูรณ์ที่ 1,เพชรบูรณ์
2280,101,สนามชัย - เจริญศิลป์,4+800,1310 ,702 ,21 ,13 ,26 ,3170 ,202 ,142 ,236 ,150 ,5972 ,12.57 ,5 ,1347 ,ขท.สกลนครที่ 2 (สว่างแดนดิน),สกลนคร
2281,100,โคกคอน - ชัยยานนท์,0+500,936 ,176 ,41 ,45 ,10 ,1171 ,77 ,44 ,48 ,50 ,2598 ,12.06 ,38 ,790 ,ขท.สกลนครที่ 2 (สว่างแดนดิน),สกลนคร
2282,100,มะนาวหวาน - โป่งเกตุ,17+500,1652 ,1495 ,7 ,2 ,2 ,936 ,90 ,76 ,30 ,47 ,4337 ,4.57 ,4 ,865 ,ขท.ลพบุรีที่ 2 (ลำนารายณ์),ลพบุรี
2283,100,สังขะ - บ้านด่าน,4+000,1204 ,370 ,7 ,4 ,0 ,411 ,134 ,51 ,52 ,24 ,2257 ,17.22 ,11 ,877 ,ขท.สุรินทร์,สุรินทร์
2285,100,ประทาย - ชุมพวง,2+750,1645 ,81 ,14 ,14 ,6 ,2756 ,186 ,203 ,376 ,433 ,5714 ,22.82 ,17 ,1197 ,ขท.นครราชสีมาที่ 1,นครราชสีมา
2287,100,ดงหลวง - สานแว้,3+835,1486 ,1261 ,250 ,207 ,204 ,2305 ,583 ,413 ,250 ,170 ,7129 ,26.22 ,164 ,2194 ,ขท.มุกดาหาร,มุกดาหาร
2287,100,ดงหลวง - สานแว้,43+335,647 ,849 ,173 ,136 ,130 ,1197 ,402 ,167 ,163 ,155 ,4019 ,29.03 ,190 ,885 ,ขท.มุกดาหาร,มุกดาหาร
2287,200,สานแว้ - กุดปลาค้าว,78+335,1829 ,1724 ,2 ,1 ,1 ,1534 ,281 ,145 ,89 ,70 ,5676 ,8.58 ,39 ,1422 ,ขท.สกลนครที่ 1,กาฬสินธุ์
2288,100,หนองยาว - ลำดวน,5+250,1380 ,144 ,70 ,14 ,11 ,186 ,89 ,36 ,20 ,9 ,1959 ,9.06 ,24 ,523 ,ขท.สุรินทร์,สุรินทร์
2289,100,บ้านโพน - ลำพันชาด,1+000,3330 ,2989 ,52 ,63 ,51 ,2442 ,2244 ,1602 ,1459 ,321 ,14553 ,39.33 ,36 ,3071 ,ขท.กาฬสินธุ์,กาฬสินธุ์
2289,200,ลำพันชาด - วังสามหมอ,23+553,675 ,430 ,27 ,25 ,33 ,1102 ,110 ,98 ,78 ,80 ,2658 ,16.95 ,14 ,810 ,ขท.อุดรธานีที่ 2 (หนองหาน),อุดรธานี
2291,101,กุฉินารายณ์ - นาคู,0+200,3275 ,1743 ,0 ,0 ,0 ,5140 ,664 ,275 ,214 ,150 ,11461 ,13.32 ,93 ,2441 ,ขท.สกลนครที่ 1,กาฬสินธุ์
2291,101,กุฉินารายณ์ - นาคู,20+188,2000 ,1468 ,0 ,0 ,0 ,5342 ,296 ,119 ,72 ,32 ,9329 ,4.61 ,40 ,4499 ,ขท.สกลนครที่ 1,กาฬสินธุ์
2291,101,กุฉินารายณ์ - นาคู,25+000,1449 ,1032 ,7 ,3 ,2 ,2338 ,202 ,114 ,76 ,43 ,5266 ,9.23 ,49 ,1673 ,ขท.สกลนครที่ 1,กาฬสินธุ์
2291,102,นาคู - สร้างค้อ,34+000,234 ,74 ,0 ,8 ,1 ,863 ,54 ,12 ,9 ,25 ,1280 ,9.82 ,18 ,701 ,ขท.สกลนครที่ 1,กาฬสินธุ์
2292,100,ก้านเหลืองดง - โนนตูม,17+700,1296 ,465 ,55 ,11 ,18 ,3155 ,80 ,53 ,46 ,35 ,5214 ,4.88 ,33 ,2256 ,ขท.มุกดาหาร,มุกดาหาร
2294,100,แก่งไฮ - ห้วยติ้ว,6+600,300 ,194 ,89 ,77 ,62 ,147 ,78 ,67 ,46 ,61 ,1121 ,34.38 ,36 ,367 ,ขท.เลยที่ 2 (ด่านซ้าย),เลย
2296,100,ทางเข้าแก่งตะนะ,2+000,155 ,120 ,0 ,0 ,0 ,219 ,36 ,0 ,0 ,0 ,530 ,4.74 ,25 ,350 ,ขท.อุบลราชธานีที่ 2,อุบลราชธานี
2297,100,บ้านลาน - เปือยน้อย,1+175,610 ,620 ,2 ,1 ,0 ,1279 ,340 ,53 ,46 ,22 ,2973 ,18.15 ,4 ,832 ,ขท.ขอนแก่นที่ 3 (บ้านไผ่),ขอนแก่น
2298,100,แหลมทอง - สระมะค่า,0+500,1401 ,1395 ,450 ,322 ,270 ,799 ,522 ,339 ,250 ,217 ,5965 ,33.88 ,176 ,1501 ,ขท.นครราชสีมาที่ 3,นครราชสีมา
2300,100,หนองแหน - หนองเขื่อน,5+500,2414 ,2069 ,39 ,38 ,29 ,1452 ,1194 ,614 ,624 ,551 ,9024 ,33.69 ,25 ,1926 ,ขท.มหาสารคาม,มหาสารคาม
2301,100,หินตั้ง - หนองสองห้อง,5+000,1303 ,564 ,27 ,17 ,32 ,2911 ,281 ,293 ,222 ,112 ,5762 ,18.84 ,27 ,647 ,ขท.ขอนแก่นที่ 3 (บ้านไผ่),ขอนแก่น
2302,100,กอไผ่ - บุ่งน้ำเต้า,19+000,1010 ,941 ,0 ,0 ,0 ,869 ,0 ,0 ,0 ,0 ,2820 ,0.00 ,0 ,843 ,ขท.เพชรบูรณ์ที่ 1,เพชรบูรณ์
2306,100,ห้วยมะเขือ - โจ๊ะโหวะ,0+500,914 ,70 ,26 ,0 ,0 ,493 ,67 ,15 ,0 ,1 ,1586 ,4.25 ,38 ,1205 ,ขท.เพชรบูรณ์ที่ 1,เพชรบูรณ์
2307,100,วานรนิวาส - บ้านเซือม,10+000,788 ,320 ,0 ,0 ,4 ,1791 ,103 ,53 ,44 ,28 ,3131 ,7.61 ,11 ,788 ,ขท.สกลนครที่ 2 (สว่างแดนดิน),สกลนคร
2308,100,บ้านขาม - บ้านเซือม,2+070,1028 ,98 ,22 ,0 ,4 ,111 ,42 ,5 ,7 ,4 ,1321 ,6.18 ,18 ,591 ,ขท.สกลนครที่ 2 (สว่างแดนดิน),สกลนคร
2310,100,สวนสัตว์นครราชสีมา - ท่าอ่าง,1+000,5703 ,5369 ,478 ,438 ,443 ,5700 ,843 ,692 ,583 ,562 ,20811 ,17.86 ,184 ,4087 ,ขท.นครราชสีมาที่ 3,นครราชสีมา
2312,100,หนองหาน - สุมเส้า,1+500,473 ,225 ,8 ,9 ,0 ,1523 ,116 ,60 ,41 ,25 ,2480 ,10.18 ,19 ,963 ,ขท.อุดรธานีที่ 2 (หนองหาน),อุดรธานี
2312,100,หนองหาน - สุมเส้า,27+000,985 ,494 ,26 ,15 ,11 ,1953 ,139 ,76 ,70 ,25 ,3794 ,8.15 ,17 ,1164 ,ขท.อุดรธานีที่ 2 (หนองหาน),อุดรธานี
2314,100,หนองวัวซอ - กุดจับ,2+000,555 ,135 ,26 ,1 ,2 ,1161 ,204 ,52 ,21 ,16 ,2173 ,14.64 ,8 ,1134 ,ขท.หนองบัวลำภู,อุดรธานี
2315,100,หนองวัวซอ - อูบมุง,0+750,1152 ,634 ,83 ,37 ,21 ,1932 ,241 ,69 ,78 ,38 ,4285 ,13.09 ,59 ,1636 ,ขท.หนองบัวลำภู,อุดรธานี
2316,101,โคกผักหวาน - ท่ายม,2+600,545 ,104 ,5 ,4 ,0 ,1058 ,123 ,82 ,44 ,29 ,1994 ,16.62 ,28 ,952 ,ขท.อุดรธานีที่ 1,อุดรธานี
2316,102,ท่ายม - บ้านเหล่า,18+625,963 ,1274 ,5 ,3 ,3 ,607 ,60 ,32 ,42 ,13 ,3002 ,5.04 ,4 ,1513 ,ขท.อุดรธานีที่ 1,อุดรธานี
2316,102,ท่ายม - บ้านเหล่า,54+525,1938 ,692 ,210 ,104 ,110 ,231 ,238 ,228 ,111 ,199 ,4061 ,22.64 ,53 ,1322 ,ขท.อุดรธานีที่ 1,อุดรธานี
2318,100,ทุ่งใหญ่ - ทุ่งฝน,5+000,1145 ,656 ,417 ,338 ,237 ,1599 ,242 ,230 ,163 ,141 ,5168 ,23.98 ,214 ,1218 ,ขท.อุดรธานีที่ 2 (หนองหาน),อุดรธานี
2320,100,เนินสง่า - น้ำร้อน,0+750,635 ,336 ,37 ,27 ,23 ,2747 ,85 ,32 ,39 ,33 ,3994 ,6.03 ,21 ,3134 ,ขท.เพชรบูรณ์ที่ 2 (บึงสามพัน),เพชรบูรณ์
2321,100,ใหม่สามัคคี - นิยมชัย,3+400,1865 ,1163 ,20 ,25 ,21 ,1605 ,525 ,251 ,86 ,54 ,5615 ,16.50 ,0 ,1153 ,ขท.ลพบุรีที่ 2 (ลำนารายณ์),ลพบุรี
2321,200,นิยมชัย - สระโบสถ์,34+500,2008 ,2061 ,74 ,74 ,107 ,613 ,275 ,159 ,88 ,98 ,5557 ,14.01 ,50 ,1246 ,ขท.ลพบุรีที่ 1,ลพบุรี
2322,101,โสกขุ่น - โกสุมพิสัย,8+800,1521 ,1148 ,51 ,39 ,36 ,897 ,290 ,125 ,102 ,85 ,4294 ,12.29 ,24 ,1521 ,ขท.มหาสารคาม,มหาสารคาม
2322,102,โกสุมพิสัย - โคกสูง,26+396,4057 ,4369 ,72 ,102 ,39 ,1488 ,1206 ,424 ,186 ,103 ,12046 ,19.66 ,28 ,2975 ,ขท.มหาสารคาม,มหาสารคาม
2322,201,โคกสูง - หนองกุงใหญ่,45+396,4236 ,1567 ,37 ,32 ,29 ,4099 ,38 ,33 ,30 ,24 ,10125 ,1.70 ,25 ,1935 ,ขท.ขอนแก่นที่ 1,มหาสารคาม
2322,201,โคกสูง - หนองกุงใหญ่,48+292,1007 ,770 ,26 ,23 ,20 ,959 ,23 ,22 ,22 ,19 ,2891 ,4.35 ,18 ,610 ,ขท.ขอนแก่นที่ 1,มหาสารคาม
2322,201,โคกสูง - หนองกุงใหญ่,75+492,933 ,677 ,25 ,23 ,24 ,935 ,31 ,21 ,23 ,24 ,2716 ,5.09 ,21 ,606 ,ขท.ขอนแก่นที่ 1,ขอนแก่น
2322,202,หนองกุงใหญ่ - กุดจิก,97+792,2062 ,1839 ,196 ,150 ,78 ,464 ,380 ,214 ,176 ,154 ,5713 ,20.92 ,47 ,1594 ,ขท.ขอนแก่นที่ 1,ขอนแก่น
2322,300,กุดจิก - ท่าคันโท,117+158,150 ,50 ,31 ,32 ,31 ,2637 ,34 ,33 ,31 ,27 ,3056 ,6.16 ,24 ,2876 ,ขท.กาฬสินธุ์,กาฬสินธุ์
2323,100,ทางเข้าอนุสรณ์ผู้เสียสละเขาค้อ,1+000,232 ,212 ,0 ,0 ,0 ,201 ,0 ,0 ,0 ,0 ,645 ,0.00 ,0 ,170 ,ขท.เพชรบูรณ์ที่ 1,เพชรบูรณ์
2323,100,ทางเข้าอนุสรณ์ผู้เสียสละเขาค้อ,5+700,227 ,207 ,0 ,0 ,0 ,200 ,0 ,0 ,0 ,0 ,634 ,0.00 ,0 ,174 ,ขท.เพชรบูรณ์ที่ 1,เพชรบูรณ์
2325,100,เขาค้อ - หนองแม่นา,0+500,985 ,741 ,0 ,0 ,0 ,965 ,15 ,0 ,0 ,0 ,2706 ,0.70 ,0 ,890 ,ขท.เพชรบูรณ์ที่ 1,เพชรบูรณ์
2326,100,เพชรบูรณ์ - ห้วยใหญ่,7+000,1623 ,1179 ,46 ,36 ,0 ,1772 ,113 ,106 ,100 ,84 ,5059 ,8.14 ,122 ,1265 ,ขท.เพชรบูรณ์ที่ 1,เพชรบูรณ์
2327,100,บัวคำ - โพธิ์ชัย,3+500,1021 ,360 ,60 ,0 ,4 ,1803 ,174 ,64 ,61 ,13 ,3560 ,10.29 ,42 ,1421 ,ขท.ร้อยเอ็ด,ร้อยเอ็ด
2328,101,แยกเข้าช่องจอม - ปวงตึก,2+227,658 ,138 ,0 ,0 ,0 ,111 ,75 ,60 ,51 ,16 ,1109 ,12.56 ,5 ,565 ,ขท.สุรินทร์,สุรินทร์
2328,102,ปวงตึก - นาตำบล,32+197,812 ,175 ,2 ,1 ,4 ,702 ,152 ,25 ,19 ,17 ,1909 ,8.53 ,13 ,905 ,ขท.สุรินทร์,สุรินทร์
2329,100,เพ็ญ - สร้างคอม,3+000,704 ,405 ,15 ,31 ,5 ,1695 ,149 ,101 ,76 ,60 ,3241 ,12.47 ,11 ,1129 ,ขท.อุดรธานีที่ 2 (หนองหาน),อุดรธานี
2330,100,สร้างค้อ - ห้วยหวด,1+000,173 ,40 ,0 ,0 ,0 ,570 ,36 ,11 ,6 ,0 ,836 ,5.15 ,11 ,508 ,ขท.สกลนครที่ 1,สกลนคร
2331,100,โจ๊ะโหวะ - อุทยานแห่งชาติภูหินร่องกล้า,2+000,808 ,150 ,23 ,4 ,1 ,417 ,41 ,13 ,0 ,0 ,1457 ,4.79 ,21 ,367 ,ขท.เพชรบูรณ์ที่ 1,เพชรบูรณ์
2331,200,อุทยานแห่งชาติภูหินร่องกล้า - นครไทย,66+500,228 ,519 ,7 ,0 ,0 ,97 ,26 ,4 ,0 ,2 ,883 ,3.66 ,1 ,291 ,ขท.พิษณุโลกที่ 2 (วังทอง),พิษณุโลก
2333,100,หนองสนิท - ศรีสำโรง,4+500,476 ,325 ,28 ,24 ,15 ,743 ,315 ,119 ,60 ,22 ,2127 ,25.74 ,15 ,704 ,ขท.สุรินทร์,สุรินทร์
2334,100,จอมพระ - ศีขรภูมิ,13+808,402 ,120 ,6 ,0 ,0 ,603 ,56 ,9 ,12 ,4 ,1212 ,5.15 ,16 ,390 ,ขท.สุรินทร์,สุรินทร์
2335,100,ภูมิซรอล - สำโรงเกียรติ,0+700,179 ,56 ,0 ,0 ,0 ,599 ,206 ,44 ,6 ,0 ,1090 ,23.11 ,25 ,566 ,ขท.ศรีสะเกษที่ 2,ศรีสะเกษ
2336,100,หนองผ้าอ้อม - กุฉินารายณ์,0+500,3519 ,2886 ,54 ,67 ,55 ,2506 ,1513 ,1303 ,638 ,295 ,12836 ,30.62 ,19 ,3034 ,ขท.กาฬสินธุ์,กาฬสินธุ์
2336,100,หนองผ้าอ้อม - กุฉินารายณ์,39+700,3796 ,3218 ,60 ,70 ,52 ,2276 ,1937 ,1448 ,1106 ,836 ,14799 ,36.58 ,30 ,3130 ,ขท.กาฬสินธุ์,กาฬสินธุ์
2337,100,ห้วยยาง - สองคอน,1+000,1793 ,254 ,67 ,68 ,57 ,1793 ,117 ,130 ,96 ,58 ,4433 ,12.47 ,41 ,1411 ,ขท.อำนาจเจริญ,อุบลราชธานี
2337,100,ห้วยยาง - สองคอน,26+600,2415 ,444 ,75 ,74 ,69 ,1948 ,187 ,196 ,184 ,78 ,5670 ,14.39 ,47 ,1828 ,ขท.อำนาจเจริญ,อุบลราชธานี
2338,100,สวนมะเดื่อ - แยกท่ามะนาว,14+080,799 ,470 ,7 ,3 ,7 ,410 ,296 ,236 ,14 ,13 ,2255 ,24.27 ,20 ,858 ,ขท.ลพบุรีที่ 2 (ลำนารายณ์),ลพบุรี
2338,100,สวนมะเดื่อ - แยกท่ามะนาว,22+718,1822 ,180 ,80 ,92 ,21 ,475 ,291 ,196 ,193 ,83 ,3433 ,22.33 ,12 ,701 ,ขท.ลพบุรีที่ 2 (ลำนารายณ์),ลพบุรี
2339,100,ศรีวิชา - กวนบุ่น,22+000,392 ,105 ,23 ,1 ,8 ,1078 ,53 ,15 ,1 ,8 ,1684 ,6.01 ,50 ,1098 ,ขท.สกลนครที่ 1,สกลนคร
2339,100,ศรีวิชา - กวนบุ่น,25+080,449 ,214 ,1 ,2 ,0 ,1341 ,58 ,6 ,0 ,0 ,2071 ,2.63 ,67 ,1790 ,ขท.สกลนครที่ 1,สกลนคร
2340,100,ศิลาทิพย์ - โคกแสมสาร,1+000,1872 ,1705 ,16 ,15 ,12 ,1532 ,758 ,39 ,44 ,33 ,6026 ,16.38 ,0 ,528 ,ขท.ลพบุรีที่ 2 (ลำนารายณ์),ลพบุรี
2340,100,ศิลาทิพย์ - โคกแสมสาร,28+048,1169 ,1180 ,14 ,10 ,0 ,1346 ,809 ,576 ,20 ,10 ,5134 ,29.02 ,0 ,311 ,ขท.ลพบุรีที่ 2 (ลำนารายณ์),ลพบุรี
2340,200,โคกแสมสาร - สระโบสถ์,54+513,1325 ,1286 ,68 ,66 ,53 ,1245 ,306 ,92 ,46 ,53 ,4540 ,12.99 ,40 ,2041 ,ขท.ลพบุรีที่ 1,ลพบุรี
2341,100,ไพรพัฒนา - หนองบัวเรณ,18+000,457 ,25 ,2 ,4 ,2 ,129 ,21 ,18 ,0 ,1 ,659 ,6.59 ,3 ,533 ,ขท.ศรีสะเกษที่ 1,ศรีสะเกษ
2341,100,ไพรพัฒนา - หนองบัวเรณ,37+300,142 ,36 ,14 ,2 ,10 ,219 ,72 ,10 ,13 ,17 ,535 ,20.16 ,49 ,575 ,ขท.ศรีสะเกษที่ 1,ศรีสะเกษ
2341,100,ไพรพัฒนา - หนองบัวเรณ,70+960,479 ,147 ,2 ,1 ,0 ,65 ,58 ,12 ,6 ,2 ,772 ,7.81 ,3 ,386 ,ขท.ศรีสะเกษที่ 1,ศรีสะเกษ
2342,100,สว่างแดนดิน - ส่องดาว,1+200,1245 ,360 ,2 ,3 ,1 ,1661 ,154 ,19 ,14 ,4 ,3463 ,4.37 ,12 ,2813 ,ขท.สกลนครที่ 2 (สว่างแดนดิน),สกลนคร
2343,100,สักหลง - วังมล,1+000,927 ,145 ,22 ,0 ,0 ,1945 ,97 ,55 ,27 ,15 ,3233 ,5.68 ,28 ,1594 ,ขท.เพชรบูรณ์ที่ 1,เพชรบูรณ์
2346,100,ดอนเชียงบาน - นาหว้า,4+100,972 ,1079 ,58 ,11 ,4 ,1600 ,107 ,59 ,49 ,43 ,3982 ,6.77 ,10 ,761 ,ขท.สกลนครที่ 1,สกลนคร
2346,200,นาหว้า - ดงขวาง,32+996,2946 ,2952 ,38 ,39 ,39 ,2620 ,491 ,458 ,451 ,474 ,10508 ,18.46 ,377 ,2088 ,ขท.นครพนม,นครพนม
2347,100,ธาตุนาเวง - สกลนคร,1+900,13550 ,6536 ,1177 ,835 ,641 ,11026 ,1280 ,786 ,637 ,496 ,36964 ,19.29 ,685 ,9879 ,ขท.สกลนครที่ 1,สกลนคร
2348,101,บ้านผือ - น้ำซึม,10+050,3957 ,408 ,89 ,123 ,80 ,284 ,258 ,169 ,238 ,147 ,5753 ,16.14 ,128 ,1477 ,ขท.อุดรธานีที่ 1,อุดรธานี
2348,102,น้ำซึม - คีรีวงกต,41+500,1351 ,130 ,29 ,2 ,3 ,2223 ,121 ,63 ,71 ,23 ,4016 ,7.24 ,4 ,1802 ,ขท.อุดรธานีที่ 1,อุดรธานี
2348,102,น้ำซึม - คีรีวงกต,59+200,284 ,34 ,1 ,0 ,0 ,633 ,81 ,54 ,8 ,6 ,1101 ,12.48 ,1 ,472 ,ขท.อุดรธานีที่ 1,อุดรธานี
2349,100,หัวช้าง - บึงบูรพ์,0+500,431 ,294 ,4 ,5 ,7 ,721 ,34 ,12 ,18 ,9 ,1535 ,0.40 ,1 ,301 ,ขท.ศรีสะเกษที่ 1,ศรีสะเกษ
2350,100,หนองหาน - กุมภวาปี,29+550,4208 ,1894 ,16 ,20 ,22 ,9479 ,969 ,863 ,767 ,791 ,19029 ,20.42 ,25 ,3736 ,ขท.อุดรธานีที่ 2 (หนองหาน),อุดรธานี
2351,100,พลไว - แข้โพนเมือง,2+500,2850 ,2528 ,43 ,33 ,28 ,1673 ,1438 ,39 ,29 ,24 ,8685 ,19.05 ,42 ,1331 ,ขท.ยโสธร,ยโสธร
2351,200,แข้โพนเมือง - ยางชุมน้อย,37+000,1138 ,946 ,13 ,5 ,5 ,793 ,75 ,15 ,11 ,9 ,3010 ,4.36 ,3 ,664 ,ขท.ศรีสะเกษที่ 1,ศรีสะเกษ
2352,100,นาด่าน - สุวรรณคูหา,1+800,1711 ,1561 ,12 ,19 ,5 ,490 ,57 ,25 ,17 ,6 ,3903 ,3.46 ,6 ,1099 ,ขท.หนองบัวลำภู,หนองบัวลำภู
2354,101,เทพสถิต - ซับใหญ่,1+000,1385 ,670 ,2 ,16 ,6 ,1178 ,459 ,332 ,347 ,91 ,4486 ,28.08 ,4 ,1475 ,ขท.ชัยภูมิ,ชัยภูมิ
2354,101,เทพสถิต - ซับใหญ่,50+500,1080 ,1387 ,0 ,2 ,10 ,749 ,243 ,170 ,282 ,188 ,4111 ,20.09 ,10 ,880 ,ขท.ชัยภูมิ,ชัยภูมิ
2355,100,สูงเนิน - สี่แยก,2+000,2255 ,826 ,63 ,13 ,10 ,465 ,187 ,24 ,57 ,18 ,3918 ,6.75 ,10 ,1017 ,ขท.สกลนครที่ 2 (สว่างแดนดิน),สกลนคร
2356,100,เสิงสาง - ทางเข้าสระตะเคียน,0+200,2034 ,1683 ,145 ,60 ,57 ,2800 ,2156 ,1203 ,1039 ,885 ,12062 ,45.59 ,183 ,2535 ,ขท.นครราชสีมาที่ 3,นครราชสีมา
2357,100,หนองยายโต๊ะ - ลำพญาไม้,14+000,301 ,14 ,0 ,1 ,0 ,97 ,77 ,16 ,31 ,8 ,545 ,21.94 ,16 ,265 ,ขท.ลพบุรีที่ 2 (ลำนารายณ์),ลพบุรี
2358,100,โนนหอม - เต่างอย,0+500,570 ,86 ,12 ,8 ,3 ,1014 ,36 ,10 ,9 ,2 ,1750 ,5.77 ,16 ,775 ,ขท.สกลนครที่ 1,สกลนคร
2359,101,หนองบัวแดง - แหลมทอง,14+800,2661 ,2538 ,35 ,31 ,74 ,2432 ,933 ,749 ,847 ,635 ,10935 ,28.14 ,298 ,1454 ,ขท.ชัยภูมิ,ชัยภูมิ
2359,101,หนองบัวแดง - แหลมทอง,36+500,2451 ,2509 ,29 ,27 ,55 ,2014 ,1045 ,970 ,894 ,837 ,10831 ,36.90 ,346 ,1210 ,ขท.ชัยภูมิ,ชัยภูมิ
2361,100,หนองเขียด - ภูผาม่าน,0+500,640 ,349 ,9 ,1 ,0 ,1491 ,217 ,102 ,55 ,11 ,2875 ,13.75 ,20 ,584 ,ขท.ขอนแก่นที่ 2 (ชุมแพ),ขอนแก่น
2365,100,โคกแขวน - ดอนแขวน,1+060,2412 ,1937 ,213 ,148 ,124 ,2635 ,1648 ,1172 ,1101 ,960 ,12350 ,41.73 ,249 ,2287 ,ขท.นครราชสีมาที่ 3,นครราชสีมา
2367,100,มหาสารคาม - บ้านม่วง,8+500,5546 ,4455 ,113 ,94 ,116 ,4660 ,260 ,89 ,79 ,76 ,15488 ,5.07 ,64 ,4070 ,ขท.มหาสารคาม,มหาสารคาม
2367,202,สี่แยกหนองแปน - กมลาไสย,35+394,5100 ,4514 ,9 ,7 ,5 ,605 ,587 ,222 ,201 ,10 ,11260 ,10.05 ,3 ,3719 ,ขท.กาฬสินธุ์,กาฬสินธุ์
2368,100,ทางเข้าผาแต้ม,1+300,132 ,88 ,0 ,0 ,0 ,167 ,47 ,2 ,0 ,0 ,436 ,11.33 ,30 ,319 ,ขท.อุบลราชธานีที่ 2,อุบลราชธานี
2369,101,พระทองคำ - ดอนไผ่,2+200,2352 ,830 ,241 ,151 ,83 ,818 ,502 ,661 ,491 ,313 ,6442 ,36.85 ,75 ,1266 ,ขท.นครราชสีมาที่ 1,นครราชสีมา
2369,101,พระทองคำ - ดอนไผ่,26+123,535 ,228 ,2 ,1 ,10 ,1367 ,108 ,88 ,125 ,89 ,2553 ,18.09 ,53 ,1227 ,ขท.นครราชสีมาที่ 1,นครราชสีมา
2369,102,ดอนไผ่ - แก้งสนามนาง,61+063,1760 ,51 ,1 ,2 ,2 ,258 ,153 ,75 ,98 ,66 ,2466 ,21.88 ,14 ,1002 ,ขท.นครราชสีมาที่ 1,นครราชสีมา
2370,100,นิคมคำสร้อย - หนองสูง,28+700,1300 ,745 ,104 ,19 ,24 ,5515 ,78 ,59 ,62 ,45 ,7951 ,3.89 ,84 ,3588 ,ขท.มุกดาหาร,มุกดาหาร
2371,101,ศีขรภูมิ - ศรีณรงค์,5+200,1418 ,135 ,0 ,0 ,0 ,1855 ,97 ,12 ,34 ,14 ,3565 ,5.21 ,4 ,1329 ,ขท.สุรินทร์,สุรินทร์
2372,101,วังบาล - ห้วยแล้ง,2+000,753 ,75 ,7 ,0 ,0 ,543 ,86 ,11 ,13 ,9 ,1497 ,10.16 ,16 ,533 ,ขท.เพชรบูรณ์ที่ 1,เพชรบูรณ์
2372,102,ห้วยแล้ง - น้ำชุน,12+000,991 ,309 ,2 ,0 ,0 ,1412 ,146 ,34 ,9 ,1 ,2904 ,6.51 ,35 ,1085 ,ขท.เพชรบูรณ์ที่ 1,เพชรบูรณ์
2373,100,โนนสำนัก - ดอนไม้งาม,0+500,1356 ,446 ,24 ,9 ,4 ,1488 ,91 ,40 ,19 ,7 ,3484 ,4.86 ,3 ,1290 ,ขท.ศรีสะเกษที่ 1,ศรีสะเกษ
2375,100,บักดอก - พนมดิน,0+500,673 ,45 ,17 ,4 ,3 ,822 ,67 ,13 ,12 ,5 ,1661 ,6.39 ,5 ,881 ,ขท.สุรินทร์,สุรินทร์
2376,100,น้ำซึม - โสกกล้า,10+000,606 ,112 ,19 ,13 ,6 ,833 ,87 ,49 ,67 ,15 ,1807 ,11.33 ,4 ,608 ,ขท.อุดรธานีที่ 1,อุดรธานี
2376,200,โสกกล้า - สังคม,30+000,617 ,284 ,279 ,7 ,2 ,567 ,29 ,21 ,14 ,2 ,1822 ,4.55 ,30 ,478 ,ขท.หนองคาย,หนองคาย
2377,100,นาไร่ใหญ่ - เสนางคนิคม,0+500,2812 ,466 ,83 ,55 ,48 ,1438 ,147 ,116 ,125 ,74 ,5364 ,12.84 ,29 ,2040 ,ขท.อำนาจเจริญ,อำนาจเจริญ
2378,100,จอมพระ - สะพานบุรีรินทร์,12+205,735 ,413 ,15 ,11 ,8 ,1573 ,331 ,82 ,75 ,54 ,3297 ,16.06 ,24 ,830 ,ขท.สุรินทร์,สุรินทร์
2378,200,สะพานบุรีรินทร์ - ไทรงาม,33+500,1056 ,127 ,5 ,3 ,2 ,1660 ,239 ,122 ,94 ,23 ,3331 ,13.54 ,4 ,625 ,ขท.บุรีรัมย์,บุรีรัมย์
2379,100,เจริญศิลป์ - กุดนาขาม,4+000,697 ,394 ,55 ,18 ,4 ,1262 ,170 ,68 ,37 ,14 ,2719 ,11.84 ,85 ,1037 ,ขท.สกลนครที่ 2 (สว่างแดนดิน),สกลนคร
2380,100,หนองปลิง - บ้านสนาม,0+800,3486 ,2757 ,50 ,56 ,0 ,631 ,423 ,112 ,91 ,73 ,7679 ,9.19 ,51 ,1730 ,ขท.มหาสารคาม,มหาสารคาม
2381,100,นาเชือก - โพธิ์ทอง,0+500,1302 ,1168 ,129 ,109 ,100 ,1008 ,426 ,201 ,118 ,116 ,4677 ,22.86 ,35 ,983 ,ขท.มหาสารคาม,มหาสารคาม
2382,100,เขื่องใน - ธาตุน้อย,2+500,8344 ,4118 ,34 ,24 ,13 ,4354 ,610 ,39 ,30 ,15 ,17581 ,4.18 ,15 ,2546 ,ขท.อุบลราชธานีที่ 1,อุบลราชธานี
2382,200,ธาตุน้อย - ยางชุมน้อย,23+000,2109 ,2189 ,40 ,34 ,30 ,426 ,276 ,117 ,54 ,87 ,5362 ,11.25 ,21 ,1604 ,ขท.ศรีสะเกษที่ 1,ศรีสะเกษ
2383,100,ม่วงสามสิบ - ดู่น้อย,3+000,8157 ,7410 ,25 ,0 ,0 ,1037 ,15 ,13 ,7 ,11 ,16675 ,0.31 ,10 ,643 ,ขท.อุบลราชธานีที่ 1,อุบลราชธานี
2385,100,นายม - เพชรบูรณ์,16+000,4527 ,2310 ,45 ,19 ,17 ,1203 ,643 ,501 ,347 ,267 ,9879 ,16.26 ,22 ,3513 ,ขท.เพชรบูรณ์ที่ 1,เพชรบูรณ์
2387,100,พิมพิสารน้อย - หนองห่าง,9+500,1251 ,551 ,35 ,3 ,0 ,1345 ,47 ,19 ,9 ,2 ,3262 ,2.37 ,11 ,1044 ,ขท.ร้อยเอ็ด,ร้อยเอ็ด
2389,100,แก้งคร้อ - สระพัง,0+580,1773 ,1208 ,8 ,0 ,18 ,4111 ,51 ,58 ,20 ,14 ,7261 ,2.09 ,10 ,2652 ,ขท.ขอนแก่นที่ 2 (ชุมแพ),ชัยภูมิ
2389,100,แก้งคร้อ - สระพัง,35+780,1378 ,122 ,6 ,2 ,15 ,3223 ,95 ,64 ,49 ,24 ,4978 ,6.54 ,11 ,1067 ,ขท.ขอนแก่นที่ 2 (ชุมแพ),ชัยภูมิ
2390,100,โนนสมบูรณ์ - ปฏิรูป,6+850,3009 ,3039 ,40 ,42 ,39 ,2577 ,518 ,486 ,477 ,450 ,10677 ,18.57 ,381 ,2077 ,ขท.นครพนม,นครพนม
2391,100,กู่ทอง - บ้านเขื่อน,3+650,2526 ,1993 ,73 ,58 ,46 ,1092 ,876 ,291 ,164 ,64 ,7183 ,22.02 ,37 ,2087 ,ขท.มหาสารคาม,มหาสารคาม
2392,100,จตุรพักตรพิมาน - ปทุมรัตต์,5+000,1742 ,987 ,30 ,9 ,39 ,2112 ,56 ,25 ,32 ,7 ,5039 ,2.58 ,12 ,1578 ,ขท.ร้อยเอ็ด,ร้อยเอ็ด
2393,101,โนนเห็น - คำกุง,8+000,1162 ,767 ,16 ,0 ,0 ,2578 ,526 ,391 ,345 ,208 ,5993 ,22.99 ,31 ,1735 ,ขท.อุดรธานีที่ 2 (หนองหาน),อุดรธานี
2393,102,คำกุง - หนองกุงทับม้า,34+465,549 ,267 ,20 ,11 ,10 ,1277 ,105 ,51 ,50 ,31 ,2371 ,11.66 ,10 ,922 ,ขท.อุดรธานีที่ 2 (หนองหาน),อุดรธานี
2396,102,ป่าไม้ - หนองแสง,31+000,626 ,458 ,27 ,22 ,22 ,1851 ,521 ,24 ,23 ,19 ,3593 ,17.40 ,30 ,1639 ,ขท.อุบลราชธานีที่ 2,อุบลราชธานี
2397,100,นิคมสร้างตนเองปราสาท - ช้างหมอบพัฒนา,2+133,692 ,69 ,3 ,1 ,3 ,1582 ,160 ,65 ,84 ,83 ,2742 ,13.86 ,3 ,1211 ,ขท.สุรินทร์,สุรินทร์
2398,101,นาเฉลียง - ซับพุทรา,3+600,1137 ,387 ,0 ,0 ,0 ,960 ,97 ,70 ,33 ,27 ,2711 ,8.61 ,34 ,998 ,ขท.เพชรบูรณ์ที่ 2 (บึงสามพัน),เพชรบูรณ์
2399,101,สานตม - โคกใหญ่,1+000,415 ,9 ,0 ,0 ,0 ,9 ,9 ,5 ,4 ,6 ,457 ,5.80 ,0 ,118 ,ขท.เลยที่ 2 (ด่านซ้าย),เลย
2399,101,สานตม - โคกใหญ่,14+084,262 ,13 ,1 ,0 ,0 ,200 ,26 ,10 ,11 ,10 ,533 ,7.50 ,0 ,49 ,ขท.เลยที่ 2 (ด่านซ้าย),เลย
2399,102,โคกใหญ่ - วังยาว,26+909,533 ,21 ,0 ,0 ,0 ,11 ,12 ,12 ,9 ,10 ,608 ,7.36 ,4 ,363 ,ขท.เลยที่ 2 (ด่านซ้าย),เลย
2400,100,หนองหิน - เอราวัณ,5+000,363 ,39 ,0 ,0 ,0 ,1494 ,71 ,43 ,30 ,23 ,2063 ,6.47 ,11 ,807 ,ขท.เลยที่ 1,เลย
2400,100,หนองหิน - เอราวัณ,40+000,559 ,151 ,7 ,5 ,0 ,1486 ,38 ,42 ,107 ,89 ,2484 ,11.92 ,5 ,943 ,ขท.เลยที่ 1,เลย
2401,100,หนองไผ่ - ซับพุทรา,6+700,999 ,569 ,31 ,0 ,0 ,3711 ,36 ,112 ,45 ,46 ,5549 ,4.75 ,67 ,2354 ,ขท.เพชรบูรณ์ที่ 2 (บึงสามพัน),เพชรบูรณ์
2402,100,จางวาง - ดงมูลเหล็ก,11+000,1349 ,1069 ,44 ,41 ,0 ,1233 ,66 ,66 ,64 ,44 ,3976 ,7.78 ,17 ,1027 ,ขท.เพชรบูรณ์ที่ 1,เพชรบูรณ์
2404,100,เขื่องใน - นาคำใหญ่,6+000,1029 ,616 ,81 ,36 ,5 ,3586 ,34 ,14 ,14 ,3 ,5418 ,1.83 ,11 ,980 ,ขท.อุบลราชธานีที่ 1,อุบลราชธานี
2405,100,บ้านไผ่ - กลางใหญ่,0+500,592 ,29 ,14 ,15 ,18 ,487 ,20 ,18 ,0 ,0 ,1193 ,5.68 ,6 ,321 ,ขท.อุบลราชธานีที่ 1,อุบลราชธานี
2406,100,บ้านโคก - ธาตุกลาง,0+800,679 ,33 ,30 ,20 ,21 ,646 ,13 ,13 ,13 ,15 ,1483 ,6.15 ,13 ,522 ,ขท.อุบลราชธานีที่ 1,อุบลราชธานี
2408,100,นาคำใหญ่ - โพนเมือง,1+700,2408 ,89 ,33 ,21 ,14 ,784 ,52 ,20 ,25 ,16 ,3462 ,3.16 ,11 ,511 ,ขท.อุบลราชธานีที่ 1,อุบลราชธานี
2410,100,บ้านเหล่า - ดอนกลอย,7+200,1832 ,549 ,36 ,4 ,13 ,2396 ,277 ,211 ,79 ,26 ,5423 ,9.95 ,5 ,1738 ,ขท.อุดรธานีที่ 2 (หนองหาน),อุดรธานี
2410,100,บ้านเหล่า - ดอนกลอย,23+000,940 ,391 ,31 ,9 ,13 ,1858 ,176 ,120 ,60 ,53 ,3651 ,11.02 ,13 ,1170 ,ขท.อุดรธานีที่ 2 (หนองหาน),อุดรธานี
2411,100,บ้านพลับ - หนองนกเขียน,0+800,976 ,164 ,16 ,10 ,38 ,79 ,176 ,130 ,105 ,90 ,1784 ,26.83 ,41 ,823 ,ขท.อุดรธานีที่ 1,อุดรธานี
2412,100,ท่าวารี - ท่าศาลา,4+000,4581 ,4415 ,32 ,18 ,0 ,2610 ,64 ,21 ,0 ,0 ,11741 ,0.69 ,8 ,26 ,ขท.อุบลราชธานีที่ 1,อุบลราชธานี
2412,200,ท่าศาลา - ละทาย,22+000,733 ,42 ,6 ,2 ,4 ,78 ,82 ,10 ,78 ,11 ,1046 ,22.06 ,12 ,581 ,ขท.ศรีสะเกษที่ 1,ศรีสะเกษ
2413,100,บ้านเอ้ - หนองขอน,3+000,2008 ,1617 ,34 ,28 ,23 ,1537 ,53 ,21 ,14 ,0 ,5335 ,2.59 ,14 ,2880 ,ขท.อุบลราชธานีที่ 1,อุบลราชธานี
2414,100,โคกน้อย - นาเมืองไทย,2+500,176 ,78 ,10 ,0 ,0 ,857 ,83 ,53 ,30 ,7 ,1294 ,12.99 ,11 ,782 ,ขท.อุดรธานีที่ 1,อุดรธานี
2415,101,หนองบ่อ - หนองยอ,1+000,6833 ,1440 ,15 ,0 ,0 ,784 ,51 ,21 ,8 ,0 ,9152 ,0.86 ,13 ,1549 ,ขท.อุบลราชธานีที่ 1,อุบลราชธานี
2415,101,หนองบ่อ - หนองยอ,11+000,10533 ,3969 ,35 ,38 ,0 ,4469 ,16 ,12 ,0 ,0 ,19072 ,0.34 ,9 ,640 ,ขท.อุบลราชธานีที่ 1,อุบลราชธานี
2415,102,หนองยอ - หนองช้างใหญ่,17+500,1076 ,6152 ,30 ,31 ,32 ,1502 ,48 ,36 ,11 ,0 ,8918 ,1.62 ,12 ,809 ,ขท.อุบลราชธานีที่ 1,อุบลราชธานี
2416,100,ทางเข้าเขื่อนลำปาว,12+010,2050 ,1744 ,17 ,10 ,0 ,3993 ,1643 ,1324 ,35 ,25 ,10841 ,28.05 ,18 ,1626 ,ขท.กาฬสินธุ์,กาฬสินธุ์
2417,100,นาพระชัย - เซกา,2+000,1813 ,1874 ,40 ,42 ,44 ,1676 ,364 ,375 ,355 ,347 ,6930 ,21.39 ,327 ,1539 ,ขท.นครพนม,นครพนม
2418,100,โพนทอง - หนองพอก,26+000,638 ,278 ,36 ,32 ,26 ,1038 ,239 ,167 ,70 ,99 ,2623 ,21.46 ,27 ,889 ,ขท.ร้อยเอ็ด,ร้อยเอ็ด
2419,100,ขวัญเมือง - คำลือชา,7+097,1025 ,1146 ,64 ,45 ,506 ,613 ,259 ,254 ,273 ,256 ,4441 ,36.53 ,24 ,969 ,ขท.กาฬสินธุ์,กาฬสินธุ์
2420,100,ศรีบุญเรือง - นากลาง,5+000,2424 ,473 ,12 ,8 ,6 ,386 ,286 ,250 ,306 ,250 ,4401 ,23.83 ,14 ,1268 ,ขท.หนองบัวลำภู,หนองบัวลำภู
2421,101,เขื่อนลำพระเพลิง - สี่แยกลำพระเพลิง,26+000,5379 ,2887 ,51 ,48 ,30 ,1615 ,1451 ,45 ,17 ,30 ,11553 ,13.84 ,93 ,2362 ,ขท.นครราชสีมาที่ 3,นครราชสีมา
2421,102,สี่แยกลำพระเพลิง - กระโทก,44+000,1707 ,552 ,102 ,51 ,39 ,1001 ,339 ,238 ,202 ,245 ,4476 ,25.90 ,12 ,1133 ,ขท.นครราชสีมาที่ 3,นครราชสีมา
2422,102,ทางเข้าปากช่อง,17+785,6207 ,999 ,107 ,64 ,39 ,1094 ,369 ,199 ,91 ,38 ,9207 ,8.61 ,12 ,2062 ,ขท.นครราชสีมาที่ 2,นครราชสีมา
2427,100,ทางเข้าสนามบินสกลนคร,1+300,2264 ,296 ,22 ,2 ,4 ,35 ,21 ,0 ,0 ,0 ,2644 ,0.76 ,30 ,530 ,ขท.สกลนครที่ 1,สกลนคร
2432,100,ทางเข้าเขื่องใน,1+000,858 ,60 ,47 ,36 ,33 ,664 ,32 ,33 ,16 ,1 ,1780 ,8.35 ,7 ,698 ,ขท.อุบลราชธานีที่ 1,อุบลราชธานี
2434,100,สีคิ้ว - หนองรี,1+300,1890 ,3003 ,103 ,60 ,59 ,1151 ,415 ,118 ,29 ,20 ,6848 ,11.42 ,6 ,1398 ,ขท.นครราชสีมาที่ 2,นครราชสีมา
2436,100,บ้านแวง - แยกโชว์รูม,5+000,2284 ,414 ,0 ,0 ,21 ,2864 ,390 ,336 ,127 ,105 ,6541 ,15.64 ,7 ,1004 ,ขท.บุรีรัมย์,บุรีรัมย์
2440,100,บ้านใหม่ไชยพจน์ - ทางพาด,8+497,1389 ,282 ,5 ,0 ,0 ,1543 ,251 ,217 ,107 ,74 ,3868 ,15.99 ,3 ,733 ,ขท.บุรีรัมย์,บุรีรัมย์
2440,200,ทางพาด - พล,15+000,1012 ,876 ,54 ,39 ,70 ,1464 ,479 ,488 ,631 ,501 ,5614 ,39.29 ,170 ,432 ,ขท.ขอนแก่นที่ 3 (บ้านไผ่),ขอนแก่น
2440,200,ทางพาด - พล,28+800,1451 ,964 ,53 ,84 ,126 ,1726 ,831 ,421 ,365 ,218 ,6239 ,27.53 ,156 ,1436 ,ขท.ขอนแก่นที่ 3 (บ้านไผ่),ขอนแก่น
2442,100,ห้วยสีทน - มอดินแดง,0+500,1182 ,612 ,32 ,39 ,41 ,866 ,307 ,341 ,317 ,279 ,4016 ,30.90 ,35 ,1200 ,ขท.กาฬสินธุ์,กาฬสินธุ์
2445,101,บุรีรัมย์ - แสลงโทน,4+550,3367 ,1158 ,45 ,41 ,35 ,5678 ,687 ,229 ,238 ,138 ,11616 ,11.27 ,28 ,4448 ,ขท.บุรีรัมย์,บุรีรัมย์
2445,102,แสลงโทน - ห้วยเสว,20+400,1374 ,591 ,30 ,30 ,18 ,1290 ,132 ,58 ,51 ,27 ,3601 ,9.33 ,16 ,1084 ,ขท.บุรีรัมย์,บุรีรัมย์
2445,102,แสลงโทน - ห้วยเสว,34+176,1294 ,663 ,22 ,21 ,24 ,772 ,96 ,48 ,48 ,27 ,3015 ,9.52 ,18 ,1060 ,ขท.บุรีรัมย์,บุรีรัมย์
2445,102,แสลงโทน - ห้วยเสว,50+600,1349 ,708 ,23 ,27 ,19 ,1000 ,50 ,30 ,23 ,21 ,3250 ,5.32 ,14 ,1127 ,ขท.บุรีรัมย์,บุรีรัมย์
2445,103,ห้วยเสว - นิคมบ้านกรวด,61+188,1970 ,486 ,15 ,61 ,7 ,2056 ,283 ,74 ,123 ,85 ,5160 ,12.57 ,14 ,1372 ,ขท.บุรีรัมย์,บุรีรัมย์
2446,100,หนองน้ำขุ่น - ปะคำ,2+800,2644 ,288 ,16 ,5 ,13 ,625 ,179 ,111 ,75 ,59 ,4015 ,11.25 ,65 ,1745 ,ขท.บุรีรัมย์,บุรีรัมย์
2447,100,บุรีรัมย์ - บ้านพลวง,0+500,4942 ,499 ,43 ,32 ,56 ,3455 ,402 ,368 ,372 ,380 ,10549 ,15.22 ,47 ,4062 ,ขท.บุรีรัมย์,บุรีรัมย์
2458,100,โคกไทร - ปวงตึก,10+446,836 ,33 ,19 ,0 ,3 ,178 ,94 ,8 ,2 ,2 ,1175 ,9.95 ,38 ,1780 ,ขท.สุรินทร์,สุรินทร์
2460,100,ทางเข้าโพธิ์ไทร,1+675,2357 ,2121 ,83 ,72 ,66 ,2391 ,158 ,124 ,90 ,80 ,7542 ,7.89 ,39 ,1883 ,ขท.อำนาจเจริญ,อุบลราชธานี
2462,100,หนองหล่ม - หนองเหล่า,1+000,3887 ,0 ,0 ,0 ,0 ,3864 ,41 ,0 ,0 ,0 ,7792 ,0.48 ,11 ,145 ,ขท.อุบลราชธานีที่ 1,อุบลราชธานี
2466,101,โคกหนองม่วง - หล่มสัก,4+000,5174 ,1588 ,43 ,2 ,49 ,7077 ,798 ,495 ,126 ,113 ,15465 ,10.07 ,14 ,3380 ,ขท.เพชรบูรณ์ที่ 1,เพชรบูรณ์
2472,100,ทางเข้าพระตำหนักเขาค้อ,0+500,337 ,395 ,0 ,0 ,0 ,479 ,4 ,0 ,0 ,0 ,1215 ,0.18 ,0 ,268 ,ขท.เพชรบูรณ์ที่ 1,เพชรบูรณ์
2474,100,ดงขวาง - ห้วยลาน,3+358,198 ,38 ,13 ,1 ,6 ,330 ,25 ,8 ,1 ,0 ,620 ,3.92 ,18 ,604 ,ขท.เพชรบูรณ์ที่ 1,เพชรบูรณ์
2477,100,โรงพยาบาลยโสธร - ดอนมะยาง,0+800,2763 ,1546 ,81 ,85 ,72 ,4367 ,431 ,170 ,134 ,99 ,9748 ,10.05 ,58 ,3315 ,ขท.ยโสธร,ยโสธร
2478,100,ปากน้ำ - น้ำร้อน,6+573,3272 ,2150 ,44 ,17 ,35 ,1108 ,503 ,337 ,312 ,249 ,8027 ,17.74 ,26 ,3026 ,ขท.เพชรบูรณ์ที่ 1,เพชรบูรณ์
2479,102,น้ำแคม - ปากคาน,13+650,54 ,20 ,0 ,0 ,0 ,0 ,8 ,0 ,1 ,0 ,83 ,7.55 ,7 ,195 ,ขท.เลยที่ 2 (ด่านซ้าย),เลย
2481,100,ศรีศักดิ์ดา - ซำบ่าง,0+360,813 ,702 ,39 ,10 ,11 ,543 ,82 ,2 ,2 ,0 ,2204 ,4.91 ,3 ,772 ,ขท.เลยที่ 1,เลย
3004,100,แยกจิรประวัติ - พระนอน,0+924,7341 ,7174 ,329 ,177 ,308 ,12436 ,1585 ,1602 ,1577 ,1602 ,34131 ,20.30 ,59 ,8715 ,ขท.นครสวรรค์ที่ 1,นครสวรรค์
3004,100,แยกจิรประวัติ - พระนอน,6+498,7824 ,7186 ,208 ,104 ,206 ,12570 ,1742 ,1720 ,1721 ,1691 ,34972 ,20.79 ,17 ,8672 ,ขท.นครสวรรค์ที่ 1,นครสวรรค์
3004,201,พระนอน - ท่าตะโก,20+198,1884 ,829 ,3 ,1 ,20 ,4770 ,266 ,285 ,437 ,282 ,8777 ,14.65 ,23 ,1243 ,ขท.นครสวรรค์ที่ 2 (ตากฟ้า),นครสวรรค์
3004,202,ท่าตะโก - ไดตาล,47+298,1011 ,146 ,6 ,2 ,6 ,2567 ,147 ,121 ,190 ,81 ,4277 ,12.39 ,4 ,566 ,ขท.นครสวรรค์ที่ 2 (ตากฟ้า),นครสวรรค์
3004,203,ไดตาล - วังพิกุล,65+660,855 ,227 ,7 ,0 ,11 ,2833 ,95 ,75 ,56 ,40 ,4199 ,5.87 ,4 ,1700 ,ขท.นครสวรรค์ที่ 2 (ตากฟ้า),นครสวรรค์
3004,300,วังพิกุล - ซับสมอทอด,93+666,621 ,243 ,12 ,0 ,0 ,1463 ,211 ,108 ,27 ,31 ,2716 ,13.65 ,24 ,882 ,ขท.เพชรบูรณ์ที่ 2 (บึงสามพัน),เพชรบูรณ์
3005,100,นครสวรรค์ - โกรกพระ,2+000,11244 ,5633 ,133 ,132 ,129 ,3045 ,1763 ,543 ,536 ,540 ,23698 ,15.10 ,87 ,7190 ,ขท.นครสวรรค์ที่ 1,นครสวรรค์
3008,100,พยุหะคีรี - เนินมะกอก,3+000,2382 ,963 ,0 ,0 ,0 ,930 ,254 ,253 ,287 ,135 ,5204 ,17.65 ,35 ,1642 ,ขท.นครสวรรค์ที่ 1,นครสวรรค์
3010,100,สรรพยา - สรรคบุรี,8+000,1541 ,1407 ,48 ,57 ,36 ,792 ,132 ,80 ,46 ,42 ,4181 ,5.91 ,10 ,1152 ,ขท.ชัยนาท,ชัยนาท
3011,100,บ้านไร่ - บ้านใต้,5+010,2161 ,1825 ,9 ,22 ,13 ,3011 ,113 ,105 ,62 ,49 ,7370 ,5.00 ,36 ,1655 ,ขท.อุทัยธานี,อุทัยธานี
3013,101,หนองฉาง - ทัพทัน,0+266,2706 ,854 ,89 ,7 ,2 ,666 ,122 ,44 ,53 ,12 ,4555 ,6.05 ,22 ,2735 ,ขท.อุทัยธานี,อุทัยธานี
3013,101,หนองฉาง - ทัพทัน,2+446,1962 ,206 ,1 ,0 ,24 ,1751 ,36 ,33 ,38 ,35 ,4086 ,3.85 ,2 ,823 ,ขท.อุทัยธานี,อุทัยธานี
3013,102,ทัพทัน - คลองแบ่ง,12+446,2707 ,594 ,10 ,8 ,9 ,646 ,102 ,93 ,97 ,85 ,4351 ,8.56 ,12 ,1405 ,ขท.อุทัยธานี,อุทัยธานี
3013,200,คลองแบ่ง - ลาดยาว,37+646,1653 ,69 ,10 ,16 ,31 ,1803 ,124 ,79 ,126 ,62 ,3973 ,11.11 ,6 ,1287 ,ขท.นครสวรรค์ที่ 1,นครสวรรค์
3016,100,ลพบุรี - ค่ายเอราวัณ,3+000,8420 ,3636 ,134 ,266 ,134 ,4355 ,281 ,32 ,0 ,0 ,17258 ,4.13 ,98 ,5743 ,ขท.ลพบุรีที่ 1,ลพบุรี
3017,101,แยกนิคมสร้างตนเอง - แยกพัฒนานิคม,14+000,7278 ,5951 ,122 ,77 ,61 ,2559 ,1284 ,2272 ,912 ,901 ,21417 ,26.04 ,32 ,2113 ,ขท.ลพบุรีที่ 1,ลพบุรี
3017,102,แยกพัฒนานิคม - วังม่วง,48+500,3202 ,2956 ,98 ,73 ,49 ,1067 ,2303 ,717 ,451 ,315 ,11231 ,35.82 ,44 ,2383 ,ขท.ลพบุรีที่ 1,ลพบุรี
3019,100,สามแยกโคกกะเทียม - สถานีรถไฟโคกกะเทียม,0+500,2932 ,233 ,16 ,6 ,52 ,2712 ,94 ,49 ,59 ,13 ,6166 ,5.12 ,20 ,1546 ,ขท.ลพบุรีที่ 1,ลพบุรี
3020,100,พระพุทธบาท - หนองโดน,1+000,5311 ,4004 ,189 ,194 ,175 ,5217 ,1579 ,1629 ,1215 ,1158 ,20671 ,29.06 ,56 ,5225 ,ขท.สระบุรี,สระบุรี
3022,100,พระพุทธบาท - ท่าเรือ,5+000,3403 ,3536 ,181 ,127 ,92 ,3512 ,2348 ,2291 ,2179 ,1712 ,19381 ,42.55 ,12 ,3164 ,ขท.สระบุรี,สระบุรี
3024,100,บ้านหมี่ - เขาช่องลม,14+000,740 ,149 ,0 ,0 ,0 ,648 ,69 ,7 ,2 ,1 ,1616 ,5.38 ,5 ,296 ,ขท.ลพบุรีที่ 1,ลพบุรี
3027,200,มหานาม - บ้านเบิก,16+000,3844 ,1533 ,165 ,35 ,59 ,1592 ,242 ,139 ,113 ,55 ,7777 ,8.12 ,21 ,1506 ,ขท.อ่างทอง,อ่างทอง
3028,100,บางงา - บ้านหมี่,6+000,3493 ,963 ,42 ,49 ,34 ,2121 ,177 ,57 ,112 ,69 ,7117 ,7.77 ,19 ,1391 ,ขท.ลพบุรีที่ 1,ลพบุรี
3030,100,ดงมะขามเทศ - บางระจัน,0+500,3199 ,1839 ,19 ,36 ,25 ,4396 ,404 ,212 ,201 ,88 ,10419 ,9.65 ,11 ,3178 ,ขท.สิงห์บุรี,สิงห์บุรี
3032,100,บุ้งกี๋ - ท่าศาล,1+000,3989 ,3281 ,23 ,16 ,35 ,4130 ,349 ,173 ,142 ,94 ,12232 ,6.82 ,6 ,2755 ,ขท.สิงห์บุรี,สิงห์บุรี
3032,200,ท่าศาล - นางบวช,42+500,1391 ,1512 ,35 ,9 ,10 ,1151 ,223 ,171 ,327 ,86 ,4915 ,19.16 ,23 ,1110 ,ขท.สุพรรณบุรีที่ 1,สุพรรณบุรี
3033,100,บางงา - โภคาวิวัฒน์,0+500,1615 ,232 ,51 ,14 ,11 ,335 ,81 ,40 ,62 ,20 ,2461 ,5.10 ,25 ,938 ,ขท.สิงห์บุรี,สิงห์บุรี
3034,100,หน้าพระลาน - บ้านครัว,5+000,4441 ,2253 ,162 ,142 ,183 ,3871 ,1518 ,1555 ,1946 ,1949 ,18020 ,41.07 ,56 ,3276 ,ขท.สระบุรี,สระบุรี
3034,100,หน้าพระลาน - บ้านครัว,16+010,4973 ,2638 ,122 ,141 ,129 ,4206 ,1385 ,1302 ,1349 ,1333 ,17578 ,33.35 ,16 ,3861 ,ขท.สระบุรี,สระบุรี
3038,100,ดอนเจดีย์ - ศรีประจันต์,7+000,2042 ,215 ,1 ,0 ,1 ,2273 ,175 ,122 ,170 ,60 ,5059 ,10.79 ,3 ,1104 ,ขท.สุพรรณบุรีที่ 1,สุพรรณบุรี
3039,100,สะเดาดู่ - แยกปากน้ำ,1+100,258 ,98 ,5 ,1 ,6 ,677 ,146 ,38 ,28 ,5 ,1262 ,17.49 ,14 ,678 ,ขท.ชัยนาท,สุพรรณบุรี
3040,100,กำแพงแสน - จันทร์ลาด,3+500,3189 ,3526 ,2828 ,2515 ,1886 ,2941 ,2763 ,2736 ,2584 ,2497 ,27465 ,54.22 ,79 ,2532 ,ขท.นครปฐม,นครปฐม
3040,200,จันทร์ลาด - พระแท่นดงรัง,19+790,356 ,27 ,0 ,0 ,0 ,548 ,27 ,25 ,24 ,24 ,1031 ,10.56 ,18 ,372 ,ขท.สุพรรณบุรีที่ 2 (อู่ทอง),กาญจนบุรี
3041,101,เขาขาด - หนองแซง,6+000,3912 ,3094 ,80 ,62 ,57 ,4761 ,980 ,880 ,955 ,830 ,15611 ,24.69 ,28 ,3786 ,ขท.สระบุรี,สระบุรี
3041,102,หนองแซง - สระบุรี,18+600,3331 ,1685 ,101 ,91 ,84 ,2030 ,1132 ,1118 ,1135 ,1146 ,11853 ,42.54 ,27 ,1898 ,ขท.สระบุรี,สระบุรี
3041,102,หนองแซง - สระบุรี,24+861,2232 ,1490 ,69 ,62 ,60 ,2566 ,1036 ,1433 ,1485 ,926 ,11359 ,42.98 ,30 ,4062 ,ขท.สระบุรี,สระบุรี
3042,100,หนองยาว - พระพุทธฉาย,4+500,3925 ,2254 ,33 ,30 ,23 ,852 ,388 ,0 ,0 ,26 ,7531 ,6.17 ,35 ,2889 ,ขท.สระบุรี,สระบุรี
3043,100,อุทัย - หนองตาโล่,0+500,4131 ,2244 ,196 ,330 ,435 ,2005 ,1561 ,1050 ,716 ,456 ,13124 ,34.27 ,25 ,3202 ,ขท.อยุธยา,พระนครศรีอยุธยา
3043,100,อุทัย - หนองตาโล่,7+500,3775 ,2327 ,491 ,545 ,438 ,1816 ,1592 ,909 ,528 ,472 ,12893 ,34.92 ,27 ,2309 ,ขท.อยุธยา,พระนครศรีอยุธยา
3043,200,หนองตาโล่ - สะพานใหม่,19+000,1109 ,1041 ,44 ,46 ,54 ,1491 ,67 ,64 ,52 ,42 ,4010 ,8.07 ,29 ,1012 ,ขท.สระบุรี,สระบุรี
3045,100,วิหารแดง - หนองหมู,0+200,2088 ,1956 ,38 ,30 ,26 ,1985 ,860 ,690 ,597 ,428 ,8698 ,31.88 ,34 ,3513 ,ขท.สระบุรี,สระบุรี
3046,100,พระพุทธฉาย - น้ำตกสามหลั่น,0+200,418 ,277 ,0 ,0 ,0 ,258 ,37 ,0 ,32 ,0 ,1022 ,6.69 ,18 ,434 ,ขท.สระบุรี,สระบุรี
3048,100,ห้วยบง - ท่าลาน,7+400,3641 ,3884 ,58 ,55 ,46 ,2266 ,2370 ,2474 ,2584 ,2492 ,19870 ,52.17 ,29 ,1918 ,ขท.สระบุรี,สระบุรี
3049,100,นครนายก - น้ำตกนางรอง,7+400,3871 ,3377 ,134 ,103 ,91 ,255 ,242 ,128 ,0 ,0 ,8201 ,6.90 ,280 ,2272 ,ขท.นครนายก,นครนายก
3050,100,ทางเข้าน้ำตกสาริกา,1+000,841 ,733 ,0 ,0 ,0 ,0 ,0 ,0 ,0 ,0 ,1574 ,0.00 ,176 ,618 ,ขท.นครนายก,นครนายก
3051,101,บ้านนา - บางอ้อ,1+000,4991 ,4732 ,2284 ,2356 ,2277 ,2374 ,2395 ,2195 ,2384 ,2182 ,28170 ,49.47 ,125 ,3720 ,ขท.นครนายก,นครนายก
3051,102,บางอ้อ - สำนักงานพลังงานปรมาณูเพื่อสันติ,12+100,601 ,552 ,23 ,23 ,12 ,343 ,416 ,410 ,552 ,497 ,3429 ,59.76 ,2 ,391 ,ขท.นครนายก,นครนายก
3052,100,ป่าส้าน - เขาชะโงก,4+000,2434 ,2222 ,2141 ,1930 ,1841 ,1016 ,750 ,680 ,249 ,137 ,13400 ,39.50 ,85 ,1805 ,ขท.นครนายก,นครนายก
3056,101,บ้านหว้า - อุทัย,5+948,7767 ,8844 ,4182 ,3177 ,3610 ,5260 ,4656 ,4571 ,3439 ,2225 ,47731 ,44.16 ,54 ,4745 ,ขท.อยุธยา,พระนครศรีอยุธยา
3063,100,บ่อโพง - โคกมะลิ,6+766,6183 ,4466 ,267 ,261 ,291 ,4628 ,1059 ,1027 ,1710 ,1281 ,21173 ,27.60 ,29 ,4039 ,ขท.อยุธยา,พระนครศรีอยุธยา
3064,100,อ่างทอง - ปากดง,2+000,10000 ,2688 ,148 ,145 ,679 ,12985 ,1027 ,797 ,949 ,557 ,29975 ,14.01 ,92 ,6829 ,ขท.อ่างทอง,อ่างทอง
3064,100,อ่างทอง - ปากดง,7+600,4919 ,1124 ,100 ,108 ,450 ,6689 ,713 ,576 ,519 ,321 ,15519 ,16.27 ,73 ,3932 ,ขท.อ่างทอง,อ่างทอง
3064,100,อ่างทอง - ปากดง,13+950,3303 ,355 ,102 ,90 ,120 ,5354 ,658 ,621 ,469 ,324 ,11396 ,19.42 ,61 ,3233 ,ขท.อ่างทอง,อ่างทอง
3067,100,อรัญประเทศ - ไผ่ล้อม,2+755,8405 ,2342 ,340 ,310 ,295 ,4152 ,852 ,765 ,664 ,521 ,18646 ,17.89 ,350 ,5820 ,ขท.สระแก้ว (วัฒนานคร),สระแก้ว
3070,100,ศรีมโหสถ - ศรีมหาโพธิ,7+500,2561 ,2527 ,31 ,39 ,52 ,1777 ,325 ,316 ,415 ,179 ,8222 ,14.98 ,26 ,1591 ,ขท.ปราจีนบุรี,ปราจีนบุรี
3076,100,นครนายก - บางหอย,20+000,1377 ,1101 ,19 ,4 ,25 ,658 ,751 ,559 ,486 ,375 ,5355 ,39.18 ,35 ,389 ,ขท.นครนายก,นครนายก
3076,200,บางหอย - วังขอน,22+941,2330 ,1536 ,86 ,61 ,53 ,1903 ,870 ,888 ,853 ,743 ,9323 ,39.21 ,76 ,1461 ,ขท.ปราจีนบุรี,ปราจีนบุรี
3076,200,บางหอย - วังขอน,39+091,1070 ,1200 ,87 ,78 ,61 ,554 ,489 ,424 ,358 ,308 ,4629 ,33.63 ,68 ,707 ,ขท.ปราจีนบุรี,ปราจีนบุรี
3076,301,วังขอน - สี่แยกนาน้อย,48+520,3954 ,1788 ,375 ,0 ,364 ,1844 ,1539 ,457 ,464 ,392 ,11177 ,29.31 ,18 ,1296 ,ขท.ฉะเชิงเทรา,ฉะเชิงเทรา
3076,301,วังขอน - สี่แยกนาน้อย,65+382,7648 ,1514 ,322 ,0 ,326 ,1016 ,976 ,621 ,511 ,275 ,13209 ,19.86 ,20 ,1735 ,ขท.ฉะเชิงเทรา,ฉะเชิงเทรา
3076,302,สี่แยกนาน้อย - อ่างฤาไน,82+648,2937 ,2341 ,3 ,15 ,15 ,3324 ,1885 ,1807 ,1675 ,1538 ,15540 ,44.21 ,7 ,2253 ,ขท.ฉะเชิงเทรา,ฉะเชิงเทรา
3076,302,สี่แยกนาน้อย - อ่างฤาไน,130+505,2212 ,1999 ,10 ,11 ,9 ,2632 ,1710 ,1674 ,1673 ,1570 ,13500 ,48.81 ,9 ,1741 ,ขท.ฉะเชิงเทรา,ฉะเชิงเทรา
3076,401,อ่างฤาไน - ทุ่งกบินทร์,165+693,449 ,352 ,24 ,22 ,20 ,3098 ,35 ,72 ,55 ,45 ,4172 ,5.37 ,22 ,1252 ,ขท.สระแก้ว (วัฒนานคร),สระแก้ว
3076,402,ทุ่งกบินทร์ - ไผ่ล้อม,177+393,1594 ,1458 ,36 ,10 ,32 ,1168 ,1068 ,1070 ,762 ,616 ,7814 ,45.08 ,33 ,1318 ,ขท.สระแก้ว (วัฒนานคร),สระแก้ว
3076,402,ทุ่งกบินทร์ - ไผ่ล้อม,185+744,1548 ,1436 ,37 ,28 ,24 ,1151 ,1034 ,1067 ,862 ,674 ,7861 ,45.02 ,115 ,976 ,ขท.สระแก้ว (วัฒนานคร),สระแก้ว
3077,100,ศาลนเรศวร - เขาใหญ่,5+600,976 ,419 ,15 ,15 ,12 ,442 ,8 ,6 ,2 ,4 ,1899 ,3.12 ,24 ,877 ,ขท.ปราจีนบุรี,ปราจีนบุรี
3078,100,ระเบาะไผ่ - ประจันตคาม,10+167,2887 ,2923 ,98 ,78 ,120 ,1078 ,1148 ,1065 ,714 ,759 ,10870 ,39.10 ,63 ,2183 ,ขท.ปราจีนบุรี,ปราจีนบุรี
3078,100,ระเบาะไผ่ - ประจันตคาม,16+897,2980 ,2546 ,79 ,70 ,71 ,2029 ,458 ,260 ,127 ,82 ,8702 ,12.25 ,53 ,2086 ,ขท.ปราจีนบุรี,ปราจีนบุรี
3079,101,ปราจีนบุรี - ศรีมหาโพธิ,5+250,5102 ,1149 ,57 ,52 ,60 ,1787 ,1394 ,803 ,715 ,460 ,11579 ,30.33 ,38 ,2801 ,ขท.ปราจีนบุรี,ปราจีนบุรี
3079,102,ศรีมหาโพธิ - พญาจ่าย,23+522,4042 ,1849 ,264 ,222 ,161 ,2171 ,676 ,755 ,533 ,419 ,11092 ,26.68 ,11 ,2609 ,ขท.ปราจีนบุรี,ปราจีนบุรี
3079,102,ศรีมหาโพธิ - พญาจ่าย,34+360,2539 ,559 ,92 ,81 ,130 ,449 ,341 ,312 ,343 ,303 ,5149 ,28.32 ,18 ,1328 ,ขท.ปราจีนบุรี,ปราจีนบุรี
3081,100,ท่าเรือ - พระแท่นดงรัง,0+550,2960 ,2757 ,30 ,10 ,15 ,1870 ,137 ,158 ,135 ,129 ,8201 ,9.28 ,18 ,1842 ,ขท.กาญจนบุรี,กาญจนบุรี
3084,100,ท่าม่วง - หนองขาว,1+000,1634 ,324 ,26 ,5 ,5 ,2467 ,171 ,127 ,144 ,82 ,4985 ,10.01 ,2 ,1094 ,ขท.กาญจนบุรี,กาญจนบุรี
3085,100,ยางเกาะ - ศรีมงคล,0+500,1712 ,429 ,4 ,5 ,0 ,2437 ,268 ,288 ,201 ,90 ,5434 ,17.08 ,14 ,1884 ,ขท.กาญจนบุรี,กาญจนบุรี
3086,100,ลาดหญ้า - ทุ่งมะสังข์,0+170,3563 ,2843 ,1 ,10 ,44 ,3102 ,160 ,31 ,13 ,1 ,9768 ,1.92 ,2 ,3066 ,ขท.กาญจนบุรี,กาญจนบุรี
3086,201,ทุ่งมะสังข์ - ปลักประดู่,28+500,2441 ,1159 ,0 ,0 ,14 ,4890 ,76 ,123 ,87 ,39 ,8829 ,2.25 ,8 ,2692 ,ขท.สุพรรณบุรีที่ 2 (อู่ทอง),กาญจนบุรี
3086,201,ทุ่งมะสังข์ - ปลักประดู่,31+562,1759 ,674 ,1 ,1 ,25 ,5143 ,241 ,231 ,207 ,83 ,8365 ,9.16 ,23 ,2191 ,ขท.สุพรรณบุรีที่ 2 (อู่ทอง),กาญจนบุรี
3086,201,ทุ่งมะสังข์ - ปลักประดู่,63+000,1318 ,1051 ,51 ,37 ,47 ,5068 ,180 ,140 ,101 ,101 ,8094 ,6.41 ,27 ,941 ,ขท.สุพรรณบุรีที่ 2 (อู่ทอง),กาญจนบุรี
3086,201,ทุ่งมะสังข์ - ปลักประดู่,68+000,1349 ,1045 ,51 ,31 ,39 ,5068 ,179 ,140 ,91 ,87 ,8080 ,6.78 ,33 ,966 ,ขท.สุพรรณบุรีที่ 2 (อู่ทอง),กาญจนบุรี
3086,202,ปลักประดู่ - ด่านช้าง,107+562,680 ,475 ,4 ,9 ,7 ,2877 ,119 ,86 ,77 ,27 ,4361 ,7.83 ,5 ,344 ,ขท.สุพรรณบุรีที่ 2 (อู่ทอง),สุพรรณบุรี
3087,100,ราชบุรี - แก้มอ้น,16+286,4909 ,4556 ,0 ,14 ,0 ,4968 ,375 ,281 ,14 ,0 ,15117 ,4.30 ,0 ,3266 ,ขท.ราชบุรี,ราชบุรี
3087,100,ราชบุรี - แก้มอ้น,30+183,5488 ,4745 ,9 ,9 ,0 ,4748 ,101 ,179 ,19 ,8 ,15306 ,1.83 ,0 ,2816 ,ขท.ราชบุรี,ราชบุรี
3087,100,ราชบุรี - แก้มอ้น,31+055,3867 ,1911 ,9 ,6 ,0 ,6293 ,89 ,44 ,11 ,0 ,12230 ,1.25 ,0 ,3703 ,ขท.ราชบุรี,ราชบุรี
3088,101,ราชบุรี - ปากท่อ,0+200,5496 ,1201 ,116 ,33 ,31 ,5238 ,290 ,90 ,35 ,33 ,12563 ,4.48 ,53 ,5095 ,ขท.สมุทรสงคราม,ราชบุรี
3088,102,ปากท่อ - วันดาว,23+646,2791 ,969 ,65 ,57 ,59 ,1000 ,369 ,163 ,60 ,52 ,5585 ,12.99 ,77 ,1329 ,ขท.สมุทรสงคราม,ราชบุรี
3090,100,บ้านเลือก - หนองตากยา,4+617,10755 ,8848 ,0 ,0 ,0 ,11584 ,1618 ,1680 ,1104 ,57 ,35646 ,12.50 ,10 ,8305 ,ขท.ราชบุรี,ราชบุรี
3090,100,บ้านเลือก - หนองตากยา,7+210,11212 ,7739 ,0 ,0 ,0 ,9010 ,1223 ,1061 ,628 ,443 ,31316 ,11.07 ,10 ,8885 ,ขท.ราชบุรี,ราชบุรี
3090,100,บ้านเลือก - หนองตากยา,42+915,6724 ,5498 ,0 ,0 ,0 ,7281 ,1253 ,1207 ,1094 ,29 ,23086 ,15.55 ,8 ,4162 ,ขท.ราชบุรี,กาญจนบุรี
3091,100,อ้อมน้อย - สมุทรสาคร,0+500,11728 ,8503 ,38 ,60 ,334 ,14516 ,646 ,952 ,811 ,0 ,37588 ,7.62 ,46 ,15273 ,ขท.สมุทรสาคร,สมุทรสาคร
3091,100,อ้อมน้อย - สมุทรสาคร,13+000,10456 ,9935 ,0 ,83 ,282 ,14266 ,634 ,973 ,801 ,0 ,37430 ,7.40 ,43 ,13239 ,ขท.สมุทรสาคร,สมุทรสาคร
3092,100,สมุทรสงคราม - ลาดใหญ่,1+800,7724 ,8334 ,923 ,1382 ,1367 ,1612 ,1641 ,993 ,536 ,26 ,24538 ,23.79 ,237 ,8525 ,ขท.สมุทรสงคราม,สมุทรสงคราม
3093,100,ปากท่อ - ท่าน้ำสมุทรสงคราม,18+800,2806 ,478 ,19 ,34 ,14 ,5670 ,357 ,286 ,80 ,18 ,9762 ,7.78 ,25 ,3086 ,ขท.สมุทรสงคราม,สมุทรสงคราม
3094,100,ทางเข้านครชัยศรี,0+500,11882 ,11917 ,1130 ,1136 ,1061 ,12729 ,4846 ,1304 ,1172 ,932 ,48109 ,21.31 ,16 ,3767 ,ขท.นครปฐม,นครปฐม
3111,100,ปทุมธานี - ท้ายเกาะ,0+200,6698 ,7447 ,4501 ,3780 ,3696 ,4758 ,3926 ,5536 ,3947 ,4258 ,48547 ,49.35 ,116 ,5857 ,ขท.ปทุมธานี,ปทุมธานี
3111,100,ปทุมธานี - ท้ายเกาะ,6+369,7540 ,7649 ,5032 ,4612 ,3984 ,3899 ,4980 ,4109 ,4324 ,4331 ,50460 ,52.62 ,118 ,5868 ,ขท.ปทุมธานี,ปทุมธานี
3111,200,ท้ายเกาะ - เสนา,19+673,5317 ,5212 ,775 ,679 ,534 ,1025 ,1191 ,1116 ,1493 ,970 ,18312 ,33.43 ,25 ,1849 ,ขท.อยุธยา,พระนครศรีอยุธยา
3111,200,ท้ายเกาะ - เสนา,34+556,4967 ,4389 ,544 ,531 ,582 ,1082 ,882 ,1201 ,935 ,873 ,15986 ,31.62 ,14 ,3259 ,ขท.อยุธยา,พระนครศรีอยุธยา
3113,100,สำโรง - สะพานภูมิพล,0+500,6541 ,5241 ,1921 ,127 ,1798 ,4584 ,2317 ,1090 ,1272 ,628 ,25519 ,30.26 ,68 ,5309 ,ขท.สมุทรปราการ,สมุทรปราการ
3117,100,คลองด่าน - บางบ่อ,0+500,4260 ,1489 ,783 ,386 ,399 ,3194 ,821 ,406 ,340 ,218 ,12296 ,19.60 ,54 ,3550 ,ขท.สมุทรปราการ,สมุทรปราการ
3119,101,มีนบุรี - แยกเคหะร่มเกล้า,1+500,21945 ,4694 ,1667 ,9 ,490 ,17335 ,1189 ,1064 ,364 ,1393 ,50150 ,9.42 ,0 ,11103 ,ขท.กรุงเทพ,กรุงเทพมหานคร
3121,100,บางคล้า - แปลงยาว,2+360,8350 ,2022 ,446 ,0 ,375 ,2208 ,1332 ,846 ,673 ,564 ,16816 ,22.20 ,17 ,1592 ,ขท.ฉะเชิงเทรา,ฉะเชิงเทรา
3121,100,บางคล้า - แปลงยาว,5+500,7074 ,1962 ,470 ,0 ,461 ,2071 ,1867 ,668 ,409 ,280 ,15262 ,24.73 ,28 ,1520 ,ขท.ฉะเชิงเทรา,ฉะเชิงเทรา
3124,100,บางน้ำเปรี้ยว - บางขนาก,4+889,3873 ,2238 ,145 ,95 ,71 ,2105 ,304 ,121 ,62 ,38 ,9052 ,7.90 ,124 ,2347 ,ขท.ฉะเชิงเทรา,ฉะเชิงเทรา
3124,100,บางน้ำเปรี้ยว - บางขนาก,8+006,2756 ,2216 ,313 ,259 ,255 ,2057 ,783 ,351 ,194 ,136 ,9320 ,20.28 ,469 ,1911 ,ขท.ฉะเชิงเทรา,ฉะเชิงเทรา
3126,100,พลูตาหลวง - แสมสาร,0+600,5918 ,5626 ,189 ,48 ,130 ,1816 ,340 ,224 ,158 ,29 ,14478 ,6.57 ,11 ,2288 ,ขท.ชลบุรีที่ 2,ชลบุรี
3127,100,มาบโป่ง - หัวไผ่,0+500,4343 ,3212 ,233 ,202 ,225 ,7982 ,2172 ,1532 ,1185 ,863 ,21949 ,26.55 ,34 ,3533 ,ขท.ชลบุรีที่ 1,ชลบุรี
3127,100,มาบโป่ง - หัวไผ่,16+642,2476 ,2140 ,173 ,196 ,178 ,4848 ,2073 ,1756 ,645 ,462 ,14947 ,35.73 ,33 ,2140 ,ขท.ชลบุรีที่ 1,ชลบุรี
3134,100,แยกอ่างศิลา - เขาสามมุข,0+500,8648 ,4256 ,101 ,37 ,71 ,7551 ,132 ,150 ,30 ,12 ,20988 ,2.27 ,9 ,3749 ,ขท.ชลบุรีที่ 2,ชลบุรี
3138,100,บ้านบึง - มาบปู,0+700,3322 ,2281 ,408 ,430 ,488 ,4973 ,1793 ,1819 ,1448 ,1390 ,18352 ,39.88 ,4 ,1917 ,ขท.ชลบุรีที่ 1,ชลบุรี
3139,100,บ้านแลง - หาดใหญ่,4+710,3945 ,1081 ,149 ,14 ,7 ,5094 ,232 ,142 ,8 ,2 ,10674 ,4.10 ,4 ,3806 ,ขท.ระยอง,ระยอง
3140,100,ทางเข้าบ้านเพ,0+100,2044 ,1241 ,53 ,27 ,1 ,2084 ,168 ,139 ,0 ,0 ,5757 ,5.09 ,27 ,1839 ,ขท.ระยอง,ระยอง
3143,100,บ้านค่าย - หนองละลอก,0+200,2957 ,1054 ,23 ,2 ,57 ,3964 ,239 ,271 ,167 ,79 ,8813 ,9.61 ,2 ,2493 ,ขท.ระยอง,ระยอง
3144,100,ตลาดหนองมน - ทางเข้าสวนสัตว์เปิดเขาเขียว,3+000,4466 ,3272 ,101 ,83 ,45 ,4968 ,269 ,466 ,105 ,41 ,13816 ,6.16 ,14 ,2482 ,ขท.ชลบุรีที่ 2,ชลบุรี
3145,102,ท่าเรือแกลง - แหลมแม่พิมพ์,11+500,3573 ,1723 ,68 ,16 ,25 ,1134 ,63 ,127 ,80 ,19 ,6828 ,3.72 ,36 ,1433 ,ขท.ระยอง,ระยอง
3148,100,ตราด - แหลมงอบ,6+000,4748 ,3463 ,198 ,28 ,29 ,4508 ,16 ,14 ,8 ,0 ,13012 ,0.87 ,24 ,4640 ,ขท.ตราด,ตราด
3149,100,พลิ้ว - แหลมสิงห์,8+000,2952 ,772 ,12 ,0 ,13 ,4134 ,269 ,26 ,23 ,8 ,8209 ,4.52 ,8 ,2577 ,ขท.จันทบุรี,จันทบุรี
3152,100,ท่าจุ๊ย - ท่าใหม่,0+500,5955 ,3414 ,19 ,9 ,11 ,5329 ,27 ,25 ,22 ,14 ,14825 ,0.72 ,43 ,4433 ,ขท.จันทบุรี,จันทบุรี
3153,100,จันทบุรี - ท่าใหม่,3+500,10998 ,2878 ,157 ,105 ,51 ,12998 ,1676 ,70 ,24 ,18 ,28975 ,6.92 ,74 ,5805 ,ขท.จันทบุรี,จันทบุรี
3155,100,ตราด - แหลมศอก,1+000,3676 ,776 ,77 ,26 ,18 ,2731 ,8 ,9 ,0 ,0 ,7321 ,0.87 ,20 ,2379 ,ขท.ตราด,ตราด
3156,100,แหลมงอบ - แสนตุ้ง,2+000,3426 ,1292 ,31 ,22 ,24 ,2810 ,13 ,0 ,0 ,0 ,7618 ,0.82 ,16 ,2546 ,ขท.ตราด,ตราด
3156,100,แหลมงอบ - แสนตุ้ง,35+000,3333 ,1281 ,35 ,31 ,30 ,2569 ,18 ,0 ,0 ,0 ,7297 ,1.07 ,20 ,2461 ,ขท.ตราด,ตราด
3157,101,แสนตุ้ง - บ่อไร่,0+500,1423 ,119 ,13 ,0 ,0 ,1494 ,105 ,70 ,19 ,14 ,3257 ,6.19 ,0 ,1132 ,ขท.ตราด,ตราด
3157,102,บ่อไร่ - แหลมค้อ,40+000,940 ,501 ,5 ,0 ,0 ,1910 ,68 ,45 ,38 ,29 ,3536 ,4.97 ,0 ,1419 ,ขท.ตราด,ตราด
3157,102,บ่อไร่ - แหลมค้อ,81+000,978 ,497 ,6 ,1 ,0 ,1781 ,140 ,34 ,27 ,18 ,3482 ,6.25 ,0 ,1270 ,ขท.ตราด,ตราด
3158,100,แสนตุ้ง - หนองบัว,2+000,1567 ,577 ,16 ,0 ,0 ,1620 ,84 ,63 ,16 ,0 ,3943 ,4.75 ,0 ,1274 ,ขท.ตราด,ตราด
3158,100,แสนตุ้ง - หนองบัว,7+687,1339 ,126 ,16 ,0 ,0 ,1421 ,82 ,45 ,17 ,0 ,3046 ,5.27 ,0 ,1070 ,ขท.ตราด,ตราด
3158,100,แสนตุ้ง - หนองบัว,20+937,955 ,133 ,17 ,0 ,0 ,1445 ,110 ,60 ,14 ,0 ,2734 ,7.01 ,0 ,1194 ,ขท.ตราด,ตราด
3159,100,เขาสมิง - นนทรีย์,1+000,1401 ,867 ,6 ,2 ,0 ,2699 ,162 ,81 ,57 ,46 ,5321 ,7.15 ,0 ,1157 ,ขท.ตราด,ตราด
3168,100,ปราณบุรี - ปากน้ำปราณ,1+000,4637 ,4248 ,104 ,101 ,0 ,4562 ,692 ,90 ,28 ,35 ,14497 ,6.82 ,441 ,5800 ,ขท.ประจวบคีรีขันธ์ (หัวหิน),ประจวบคีรีขันธ์
3168,100,ปราณบุรี - ปากน้ำปราณ,4+000,2503 ,3546 ,136 ,85 ,59 ,2717 ,237 ,66 ,27 ,41 ,9417 ,5.44 ,106 ,4519 ,ขท.ประจวบคีรีขันธ์ (หัวหิน),ประจวบคีรีขันธ์
3168,100,ปราณบุรี - ปากน้ำปราณ,6+000,4141 ,1886 ,149 ,113 ,0 ,3418 ,144 ,188 ,0 ,40 ,10079 ,4.74 ,101 ,3520 ,ขท.ประจวบคีรีขันธ์ (หัวหิน),ประจวบคีรีขันธ์
3169,100,สามแยกบางสะพาน - ชายทะเล,0+500,2219 ,2544 ,25 ,137 ,50 ,1549 ,180 ,123 ,83 ,193 ,7103 ,11.80 ,41 ,1858 ,ขท.ประจวบคีรีขันธ์ (หัวหิน),ประจวบคีรีขันธ์
3171,100,เทศบาลเมืองเพชรบุรี - บันไดอิฐ,1+375,5416 ,5101 ,11 ,8 ,3 ,2911 ,554 ,30 ,3 ,0 ,14037 ,4.40 ,26 ,4116 ,ขท.เพชรบุรี,เพชรบุรี
3176,100,เพชรบุรี - บ้านแหลมฝั่งตะวันตก,2+300,2493 ,647 ,39 ,36 ,23 ,836 ,36 ,18 ,20 ,23 ,4171 ,3.79 ,67 ,2718 ,ขท.เพชรบุรี,เพชรบุรี
3177,100,เพชรบุรี - หาดเจ้าสำราญ,0+500,8714 ,6185 ,36 ,0 ,3 ,5120 ,297 ,138 ,136 ,24 ,20653 ,2.83 ,31 ,9412 ,ขท.เพชรบุรี,เพชรบุรี
3178,100,เพชรบุรี - บ้านแหลมฝั่งตะวันออก,0+500,2095 ,1973 ,60 ,42 ,32 ,1776 ,66 ,23 ,30 ,21 ,6118 ,3.84 ,90 ,4086 ,ขท.เพชรบุรี,เพชรบุรี
3179,100,เทศบาลเมืองเพชรบุรี - บ้านลาด,0+500,5029 ,2206 ,13 ,0 ,0 ,5094 ,221 ,106 ,33 ,0 ,12702 ,3.22 ,32 ,4152 ,ขท.เพชรบุรี,เพชรบุรี
3180,101,ท่าแซะ - ท่าเสม็ด,1+800,1959 ,880 ,15 ,0 ,0 ,1833 ,115 ,29 ,77 ,67 ,4975 ,5.55 ,5 ,975 ,ขท.ชุมพร,ชุมพร
3180,102,ท่าเสม็ด - ศูนย์ราชการชุมพร,25+180,3085 ,565 ,84 ,20 ,11 ,3052 ,378 ,36 ,14 ,2 ,7247 ,6.49 ,64 ,2307 ,ขท.ชุมพร,ชุมพร
3181,100,ทางเข้าตลาดท่าแซะ,0+500,2408 ,1375 ,28 ,12 ,5 ,2475 ,85 ,44 ,36 ,5 ,6473 ,3.50 ,4 ,1965 ,ขท.ชุมพร,ชุมพร
3183,101,แยกไปเขื่อนเจ้าพระยา - คลองมอญ,12+963,2474 ,379 ,12 ,12 ,10 ,1083 ,165 ,87 ,202 ,42 ,4466 ,11.65 ,15 ,1612 ,ขท.ชัยนาท,ชัยนาท
3183,102,คลองมอญ - หนองบัว,26+963,1501 ,1164 ,55 ,2 ,1 ,574 ,134 ,87 ,78 ,22 ,3618 ,8.82 ,4 ,807 ,ขท.ชัยนาท,ชัยนาท
3183,200,หนองบัว - อุทัยธานี,32+778,1673 ,1396 ,11 ,12 ,6 ,1517 ,353 ,219 ,126 ,57 ,5370 ,14.44 ,13 ,1092 ,ขท.อุทัยธานี,อุทัยธานี
3184,100,ดงคอน - ปากน้ำ,2+500,903 ,388 ,0 ,2 ,6 ,1721 ,276 ,251 ,484 ,207 ,4238 ,29.54 ,2 ,237 ,ขท.ชัยนาท,ชัยนาท
3184,100,ดงคอน - ปากน้ำ,9+500,714 ,543 ,2 ,1 ,12 ,1542 ,369 ,325 ,535 ,234 ,4277 ,36.74 ,13 ,516 ,ขท.ชัยนาท,สุพรรณบุรี
3187,100,เขื่อนเพชร - บางกุฬา,10+350,2545 ,2042 ,31 ,1 ,15 ,5153 ,651 ,559 ,10 ,7 ,11014 ,12.14 ,15 ,4250 ,ขท.เพชรบุรี,เพชรบุรี
3188,101,ท่าเยี่ยม - ขอนหอม,1+500,5001 ,1486 ,23 ,21 ,76 ,1974 ,567 ,526 ,554 ,64 ,10292 ,17.24 ,30 ,4089 ,ขท.สระบุรี,สระบุรี
3191,101,มาบตาพุด - แยกนิคมพัฒนา,0+500,9833 ,6039 ,986 ,1152 ,397 ,5216 ,1602 ,2007 ,3148 ,1885 ,32265 ,33.80 ,28 ,4119 ,ขท.ระยอง,ระยอง
3191,102,แยกนิคมพัฒนา - อ่างเก็บน้ำหนองปลาไหล,20+500,9246 ,2174 ,9 ,10 ,107 ,8768 ,1083 ,645 ,311 ,651 ,23004 ,12.17 ,1 ,2556 ,ขท.ระยอง,ระยอง
3193,101,ทับไทร - เทพนิมิต,0+500,3984 ,1805 ,66 ,0 ,0 ,5579 ,190 ,102 ,60 ,68 ,11854 ,2.89 ,57 ,2436 ,ขท.จันทบุรี,จันทบุรี
3193,102,เทพนิมิต - ตามูน,47+000,1077 ,506 ,13 ,19 ,6 ,2808 ,279 ,62 ,26 ,24 ,4820 ,8.79 ,30 ,920 ,ขท.จันทบุรี,จันทบุรี
3195,100,สุพรรณบุรี - ลาดตาล,0+200,1722 ,399 ,23 ,7 ,27 ,2020 ,163 ,94 ,75 ,21 ,4551 ,7.97 ,11 ,1275 ,ขท.สุพรรณบุรีที่ 1,สุพรรณบุรี
3195,202,วิเศษชัยชาญ - ป่างิ้ว,25+500,6430 ,853 ,100 ,127 ,500 ,9934 ,876 ,628 ,603 ,367 ,20418 ,15.77 ,28 ,5730 ,ขท.อ่างทอง,อ่างทอง
3196,200,ปากคลองห้า - จันเสน,18+000,1094 ,89 ,0 ,0 ,5 ,1643 ,93 ,83 ,116 ,32 ,3155 ,11.18 ,0 ,1119 ,ขท.นครสวรรค์ที่ 2 (ตากฟ้า),นครสวรรค์
3196,301,จันเสน - ท่าแค,59+800,3164 ,578 ,19 ,8 ,30 ,2646 ,119 ,96 ,143 ,30 ,6833 ,7.21 ,1 ,1431 ,ขท.ลพบุรีที่ 1,ลพบุรี
3196,302,ท่าแค - โก่งธนู,92+000,5475 ,3303 ,40 ,46 ,77 ,1035 ,508 ,185 ,194 ,90 ,10953 ,9.87 ,7 ,1485 ,ขท.ลพบุรีที่ 1,ลพบุรี
3196,400,โก่งธนู - เจ้าปลุก,105+100,2269 ,1283 ,84 ,100 ,64 ,1115 ,814 ,185 ,234 ,169 ,6317 ,26.62 ,1 ,835 ,ขท.อ่างทอง,พระนครศรีอยุธยา
3198,100,ช่องกุ่ม - หนองสังข์,18+696,3408 ,1862 ,45 ,33 ,41 ,94 ,134 ,99 ,40 ,12 ,5768 ,8.70 ,0 ,2400 ,ขท.สระแก้ว (วัฒนานคร),สระแก้ว
3199,101,แก่งเสี้ยน - ท่าพะเนียด,0+130,7626 ,5523 ,74 ,123 ,63 ,6544 ,258 ,109 ,90 ,28 ,20438 ,3.20 ,7 ,4401 ,ขท.กาญจนบุรี,กาญจนบุรี
3199,102,ท่าพะเนียด - โป่งปัด,10+855,4204 ,3605 ,104 ,87 ,96 ,2364 ,1174 ,458 ,227 ,101 ,12420 ,17.91 ,105 ,2511 ,ขท.กาญจนบุรี,กาญจนบุรี
3199,103,โป่งปัด - ศรีสวัสดิ์,57+791,590 ,438 ,32 ,6 ,12 ,662 ,32 ,13 ,9 ,6 ,1800 ,3.67 ,0 ,500 ,ขท.กาญจนบุรี,กาญจนบุรี
3199,103,โป่งปัด - ศรีสวัสดิ์,115+691,295 ,75 ,6 ,7 ,3 ,58 ,19 ,9 ,4 ,5 ,481 ,8.81 ,4 ,347 ,ขท.กาญจนบุรี,กาญจนบุรี
3200,100,ฉะเชิงเทรา - บางน้ำเปรี้ยว,5+500,1818 ,1534 ,127 ,117 ,116 ,1546 ,863 ,288 ,137 ,114 ,6660 ,25.36 ,127 ,1402 ,ขท.ฉะเชิงเทรา,ฉะเชิงเทรา
3200,100,ฉะเชิงเทรา - บางน้ำเปรี้ยว,17+000,4576 ,2726 ,151 ,130 ,131 ,1722 ,1478 ,1264 ,1430 ,1383 ,14991 ,37.83 ,97 ,1642 ,ขท.ฉะเชิงเทรา,ฉะเชิงเทรา
3201,100,เนินสันติ - แยกยายรวย,8+000,980 ,29 ,9 ,0 ,0 ,1950 ,63 ,87 ,12 ,26 ,3156 ,6.06 ,15 ,925 ,ขท.ชุมพร,ชุมพร
3203,100,ทางเข้าโครงการพระราชประสงค์หุบกะพง,1+500,1888 ,1497 ,1039 ,21 ,18 ,1138 ,993 ,39 ,30 ,21 ,6684 ,16.54 ,25 ,1528 ,ขท.เพชรบุรี,เพชรบุรี
3204,100,เขาตะเครา - ท่าแลง,3+950,2388 ,821 ,49 ,38 ,35 ,2314 ,331 ,326 ,41 ,23 ,6366 ,13.78 ,189 ,2283 ,ขท.เพชรบุรี,เพชรบุรี
3206,100,ปากท่อ - ห้วยศาลา,0+600,2980 ,1319 ,51 ,47 ,47 ,3093 ,358 ,793 ,1225 ,233 ,10146 ,27.48 ,37 ,2526 ,ขท.สมุทรสงคราม,ราชบุรี
3206,200,ห้วยศาลา - จอมบึง,36+350,796 ,332 ,9 ,3 ,0 ,775 ,175 ,126 ,96 ,62 ,2374 ,13.72 ,6 ,784 ,ขท.ราชบุรี,ราชบุรี
3206,200,ห้วยศาลา - จอมบึง,54+904,667 ,267 ,8 ,0 ,0 ,1094 ,153 ,37 ,9 ,10 ,2245 ,9.59 ,2 ,781 ,ขท.ราชบุรี,ราชบุรี
3206,200,ห้วยศาลา - จอมบึง,102+106,2575 ,975 ,35 ,7 ,11 ,1754 ,123 ,60 ,43 ,21 ,5604 ,4.61 ,8 ,1107 ,ขท.ราชบุรี,ราชบุรี
3208,101,เขาวัง - น้ำพุ,3+000,4967 ,4182 ,21 ,10 ,8 ,6969 ,1020 ,700 ,360 ,37 ,18274 ,10.47 ,3 ,3229 ,ขท.ราชบุรี,ราชบุรี
3208,102,น้ำพุ - เหมืองผาปกค้างคาว,19+714,2350 ,475 ,44 ,6 ,19 ,3459 ,181 ,186 ,102 ,36 ,6858 ,6.96 ,10 ,1283 ,ขท.ราชบุรี,ราชบุรี
3208,102,น้ำพุ - เหมืองผาปกค้างคาว,51+823,2293 ,967 ,50 ,1 ,7 ,3145 ,99 ,50 ,25 ,6 ,6643 ,3.00 ,2 ,2360 ,ขท.ราชบุรี,ราชบุรี
3209,101,ท่ามะกา - กลอนโด,0+500,2733 ,776 ,21 ,9 ,19 ,2051 ,203 ,255 ,253 ,78 ,6398 ,12.13 ,13 ,1908 ,ขท.กาญจนบุรี,กาญจนบุรี
3209,101,ท่ามะกา - กลอนโด,18+000,1388 ,387 ,29 ,24 ,24 ,1235 ,158 ,193 ,214 ,62 ,3714 ,18.85 ,3 ,871 ,ขท.กาญจนบุรี,กาญจนบุรี
3209,101,ท่ามะกา - กลอนโด,29+300,1050 ,241 ,16 ,0 ,4 ,2324 ,104 ,136 ,125 ,20 ,4020 ,9.44 ,15 ,1141 ,ขท.กาญจนบุรี,กาญจนบุรี
3209,101,ท่ามะกา - กลอนโด,44+750,828 ,270 ,10 ,2 ,0 ,1453 ,122 ,180 ,71 ,18 ,2954 ,15.01 ,7 ,872 ,ขท.กาญจนบุรี,กาญจนบุรี
3209,102,กลอนโด - กาญจนบุรี,59+450,1489 ,566 ,1 ,17 ,1 ,1840 ,97 ,96 ,88 ,51 ,4246 ,9.81 ,4 ,1465 ,ขท.กาญจนบุรี,กาญจนบุรี
3209,102,กลอนโด - กาญจนบุรี,80+484,4544 ,907 ,30 ,21 ,23 ,4487 ,223 ,156 ,139 ,132 ,10662 ,6.07 ,10 ,2610 ,ขท.กาญจนบุรี,กาญจนบุรี
3210,100,พังงอน - จางวาง,0+500,865 ,268 ,0 ,108 ,0 ,1804 ,82 ,54 ,63 ,54 ,3298 ,10.66 ,0 ,504 ,ขท.จันทบุรี,จันทบุรี
3211,100,ทางเข้าหันคา - กะบกเตี้ย,0+600,1194 ,553 ,6 ,14 ,11 ,1259 ,223 ,176 ,185 ,100 ,3721 ,23.40 ,6 ,501 ,ขท.ชัยนาท,ชัยนาท
3211,100,ทางเข้าหันคา - กะบกเตี้ย,8+378,1236 ,318 ,6 ,4 ,7 ,1767 ,213 ,127 ,155 ,60 ,3893 ,14.59 ,19 ,902 ,ขท.ชัยนาท,ชัยนาท
3211,100,ทางเข้าหันคา - กะบกเตี้ย,11+472,836 ,457 ,4 ,2 ,7 ,1766 ,200 ,139 ,125 ,88 ,3624 ,6.02 ,3 ,1379 ,ขท.ชัยนาท,ชัยนาท
3211,200,กะบกเตี้ย - แยกหูช้าง,57+172,1134 ,528 ,0 ,0 ,0 ,1393 ,89 ,65 ,64 ,36 ,3309 ,7.31 ,20 ,1374 ,ขท.อุทัยธานี,อุทัยธานี
3212,100,คุ้งสำเภา - ไร่พัฒนา,2+200,2374 ,1765 ,17 ,27 ,7 ,229 ,408 ,78 ,191 ,63 ,5159 ,18.16 ,6 ,1044 ,ขท.ชัยนาท,ชัยนาท
3212,200,ไร่พัฒนา - หนองโพ,23+200,1051 ,232 ,0 ,0 ,0 ,2447 ,61 ,103 ,131 ,25 ,4050 ,5.48 ,8 ,1568 ,ขท.นครสวรรค์ที่ 2 (ตากฟ้า),นครสวรรค์
3213,100,วัดสิงห์ - บ้านโคก,5+000,664 ,255 ,11 ,2 ,10 ,1258 ,86 ,69 ,101 ,22 ,2478 ,11.87 ,2 ,847 ,ขท.ชัยนาท,ชัยนาท
3213,200,บ้านโคก - แยกเขาตะพาบ,37+000,645 ,517 ,463 ,0 ,0 ,463 ,487 ,439 ,471 ,0 ,3485 ,38.26 ,0 ,367 ,ขท.อุทัยธานี,อุทัยธานี
3214,100,บ้านพร้าว - คลองห้า,0+650,31079 ,30814 ,1176 ,1441 ,1100 ,2121 ,2066 ,1659 ,926 ,478 ,72860 ,10.66 ,1 ,1983 ,ขท.ปทุมธานี,ปทุมธานี
3214,100,บ้านพร้าว - คลองห้า,8+300,23653 ,22784 ,1973 ,1878 ,2442 ,4353 ,2431 ,2399 ,2035 ,1438 ,65386 ,19.38 ,2 ,8113 ,ขท.ปทุมธานี,ปทุมธานี
3215,102,บางบัวทอง - ไทรน้อย,14+705,16740 ,6961 ,1651 ,1110 ,1109 ,14070 ,3814 ,3120 ,3118 ,3920 ,55613 ,29.98 ,111 ,7951 ,ขท.นนทบุรี,นนทบุรี
3217,100,กุยบุรี - ยางชุม,0+500,2361 ,376 ,386 ,214 ,0 ,2740 ,226 ,191 ,91 ,31 ,6616 ,11.74 ,304 ,4132 ,ขท.ประจวบคีรีขันธ์ (หัวหิน),ประจวบคีรีขันธ์
3218,100,หัวหิน - โป่งแย้,3+000,4531 ,1370 ,70 ,36 ,30 ,1278 ,66 ,40 ,19 ,22 ,7462 ,3.80 ,48 ,1805 ,ขท.ประจวบคีรีขันธ์ (หัวหิน),ประจวบคีรีขันธ์
3218,100,หัวหิน - โป่งแย้,14+558,4098 ,1476 ,35 ,39 ,28 ,1186 ,210 ,120 ,51 ,58 ,7301 ,9.29 ,31 ,1365 ,ขท.ประจวบคีรีขันธ์ (หัวหิน),ประจวบคีรีขันธ์
3218,100,หัวหิน - โป่งแย้,26+958,2694 ,2725 ,29 ,27 ,18 ,897 ,109 ,82 ,50 ,35 ,6666 ,5.69 ,29 ,2037 ,ขท.ประจวบคีรีขันธ์ (หัวหิน),ประจวบคีรีขันธ์
3218,200,โป่งแย้ - อ่างเก็บน้ำห้วยผาก,31+958,624 ,626 ,0 ,0 ,0 ,1082 ,475 ,437 ,7 ,0 ,3251 ,29.75 ,90 ,1175 ,ขท.เพชรบุรี,เพชรบุรี
3220,100,แยกสะแกกรัง - เขาพะแวง,3+900,2206 ,1253 ,44 ,16 ,19 ,2935 ,91 ,75 ,33 ,33 ,6705 ,4.68 ,25 ,2391 ,ขท.อุทัยธานี,อุทัยธานี
3220,200,เขาพะแวง - โกรกพระ,15+500,2145 ,982 ,20 ,0 ,0 ,530 ,610 ,491 ,357 ,257 ,5392 ,29.00 ,0 ,1544 ,ขท.นครสวรรค์ที่ 1,นครสวรรค์
3221,100,อุทัยธานี - ทัพทัน,4+000,1977 ,1506 ,34 ,22 ,20 ,2567 ,39 ,51 ,67 ,10 ,6293 ,3.44 ,1 ,1678 ,ขท.อุทัยธานี,อุทัยธานี
3222,100,แก่งคอย - เขาเพิ่ม,8+247,4844 ,5688 ,326 ,270 ,223 ,5447 ,757 ,630 ,725 ,624 ,19534 ,17.61 ,51 ,1748 ,ขท.สระบุรี,สระบุรี
3222,200,เขาเพิ่ม - บ้านนา,36+247,4636 ,4664 ,1744 ,413 ,431 ,1634 ,1636 ,1393 ,1154 ,1099 ,18804 ,31.37 ,97 ,3608 ,ขท.นครนายก,นครนายก
3224,101,บ้านป่า - ท่าคล้อ,4+200,4046 ,4082 ,156 ,125 ,141 ,4118 ,2245 ,1697 ,1826 ,768 ,19204 ,35.20 ,62 ,1830 ,ขท.สระบุรี,สระบุรี
3224,102,ท่าคล้อ - แสลงพัน,20+200,2834 ,2320 ,70 ,68 ,62 ,3012 ,233 ,140 ,158 ,127 ,9024 ,9.53 ,33 ,2382 ,ขท.สระบุรี,สระบุรี
3225,100,ดาวเรือง - ถนนวงแหวนรอบเมืองสระบุรี,0+550,2680 ,2709 ,186 ,125 ,38 ,1210 ,954 ,893 ,853 ,776 ,10424 ,35.56 ,117 ,1363 ,ขท.สระบุรี,สระบุรี
3229,100,หนองบัว - ด่านพุน้ำร้อน,0+587,2217 ,1803 ,26 ,31 ,16 ,1200 ,43 ,39 ,19 ,19 ,5413 ,2.87 ,15 ,889 ,ขท.กาญจนบุรี,กาญจนบุรี
3229,100,หนองบัว - ด่านพุน้ำร้อน,16+087,2297 ,1537 ,22 ,14 ,10 ,2201 ,40 ,44 ,28 ,23 ,6216 ,2.53 ,26 ,964 ,ขท.กาญจนบุรี,กาญจนบุรี
3229,100,หนองบัว - ด่านพุน้ำร้อน,18+462,1169 ,938 ,23 ,24 ,18 ,1581 ,27 ,27 ,19 ,8 ,3834 ,2.86 ,7 ,888 ,ขท.กาญจนบุรี,กาญจนบุรี
3231,100,เด่นมะขาม - บางเลน,1+975,2828 ,2717 ,207 ,195 ,150 ,3038 ,2766 ,2881 ,1277 ,1273 ,17332 ,49.15 ,140 ,2458 ,ขท.นครปฐม,นครปฐม
3232,100,หนองพงนก - ไผ่เจดีย์,5+200,1986 ,1943 ,1623 ,1497 ,1460 ,1725 ,1752 ,1861 ,1866 ,1689 ,17402 ,58.16 ,75 ,1628 ,ขท.นครปฐม,นครปฐม
3233,100,นครชัยศรี - ดอนตูม,1+200,6389 ,6338 ,523 ,465 ,416 ,15068 ,3388 ,3410 ,1011 ,1037 ,38045 ,25.83 ,154 ,3970 ,ขท.นครปฐม,นครปฐม
3234,100,ศีรษะทอง - วัดปรีดาราม,0+500,5102 ,4958 ,1113 ,1103 ,967 ,13276 ,4832 ,1009 ,985 ,837 ,34182 ,27.59 ,15 ,3886 ,ขท.นครปฐม,นครปฐม
3235,100,นครชัยศรี - เลียบแม่น้ำนครชัยศรี,0+500,7774 ,7732 ,757 ,869 ,985 ,3334 ,1695 ,729 ,253 ,277 ,24405 ,19.73 ,367 ,5978 ,ขท.สมุทรสาคร,นครปฐม
3238,100,เจ็ดเสมียน - โคกหม้อ,11+570,4241 ,1167 ,0 ,0 ,0 ,4353 ,875 ,1025 ,420 ,4 ,12085 ,19.62 ,10 ,3983 ,ขท.ราชบุรี,ราชบุรี
3239,100,นครนายก - เขื่อนขุนด่านปราการชล,1+500,3999 ,3990 ,125 ,100 ,85 ,347 ,356 ,110 ,0 ,0 ,9112 ,7.16 ,274 ,3156 ,ขท.นครนายก,นครนายก
3240,101,หนองปรือ - สำนักตะแบก,7+150,3855 ,1938 ,39 ,23 ,36 ,5429 ,166 ,172 ,51 ,44 ,11753 ,4.13 ,22 ,3297 ,ขท.ชลบุรีที่ 2,ชลบุรี
3241,101,ศรีราชา - อ่างเก็บน้ำหนองค้อ,12+750,6438 ,5312 ,100 ,25 ,56 ,7604 ,1050 ,819 ,456 ,305 ,22165 ,11.29 ,3 ,1887 ,ขท.ชลบุรีที่ 2,ชลบุรี
3242,100,สมุทรสาคร - บางบอน,4+130,17288 ,10333 ,153 ,77 ,291 ,18729 ,776 ,982 ,588 ,0 ,49217 ,6.24 ,75 ,11372 ,ขท.สมุทรสาคร,สมุทรสาคร
3242,200,บางบอน - โรงพยาบาลบางปะกอก8,15+600,34334 ,34303 ,1868 ,1467 ,1395 ,6871 ,907 ,208 ,38 ,32 ,81423 ,5.15 ,191 ,8673 ,ขท.ธนบุรี,กรุงเทพมหานคร
3245,100,อ่างเก็บน้ำหนองปลาไหล - หนองเสือช้าง,16+317,6761 ,1410 ,69 ,37 ,76 ,7539 ,815 ,682 ,478 ,594 ,18461 ,13.91 ,9 ,2269 ,ขท.ระยอง,ระยอง
3245,201,หนองเสือช้าง - หนองเสือช่อ,32+917,4040 ,2182 ,25 ,26 ,24 ,2317 ,1415 ,1324 ,1270 ,1265 ,13888 ,38.48 ,16 ,1575 ,ขท.ชลบุรีที่ 1,ชลบุรี
3245,201,หนองเสือช้าง - หนองเสือช่อ,50+817,1856 ,1645 ,25 ,29 ,28 ,1546 ,1384 ,1320 ,1390 ,1318 ,10541 ,49.87 ,13 ,1374 ,ขท.ชลบุรีที่ 1,ชลบุรี
3245,202,หนองเสือช่อ - หนองไม้แก่น,58+817,1682 ,1657 ,30 ,24 ,27 ,1833 ,523 ,528 ,517 ,208 ,7029 ,26.98 ,20 ,1374 ,ขท.ชลบุรีที่ 1,ชลบุรี
3245,202,หนองเสือช่อ - หนองไม้แก่น,81+117,965 ,1403 ,24 ,26 ,27 ,1622 ,695 ,657 ,490 ,95 ,6004 ,34.07 ,25 ,972 ,ขท.ชลบุรีที่ 1,ชลบุรี
3245,300,หนองไม้แก่น - ลาดกระทิง,90+317,1557 ,1211 ,0 ,0 ,0 ,1516 ,1050 ,928 ,872 ,770 ,7904 ,45.56 ,51 ,1142 ,ขท.ฉะเชิงเทรา,ฉะเชิงเทรา
3246,100,พนัสนิคม - เกาะโพธิ์,1+000,4417 ,4628 ,1154 ,23 ,26 ,1218 ,1174 ,1027 ,341 ,284 ,14292 ,20.26 ,19 ,2788 ,ขท.ชลบุรีที่ 1,ชลบุรี
3247,100,โป่งน้ำร้อน - จางวาง,0+500,371 ,58 ,0 ,0 ,0 ,1443 ,156 ,29 ,13 ,11 ,2081 ,7.68 ,18 ,692 ,ขท.จันทบุรี,จันทบุรี
3249,100,เขาไร่ยา - แพร่งขาหยั่ง,4+104,3074 ,2707 ,17 ,26 ,16 ,9402 ,76 ,47 ,30 ,34 ,15429 ,1.78 ,6 ,2510 ,ขท.จันทบุรี,จันทบุรี
3249,100,เขาไร่ยา - แพร่งขาหยั่ง,22+305,1460 ,654 ,14 ,12 ,6 ,4616 ,24 ,21 ,16 ,12 ,6835 ,1.33 ,6 ,983 ,ขท.จันทบุรี,จันทบุรี
3249,100,เขาไร่ยา - แพร่งขาหยั่ง,37+958,1323 ,757 ,6 ,1 ,1 ,5212 ,19 ,12 ,9 ,4 ,7344 ,0.60 ,15 ,979 ,ขท.จันทบุรี,จันทบุรี
3250,100,หนองคณฑี - สันประดู่,2+500,4302 ,2946 ,185 ,227 ,208 ,4151 ,3105 ,3370 ,3327 ,2819 ,24640 ,46.87 ,82 ,4308 ,ขท.สระบุรี,สระบุรี
3251,200,คูพัฒนา - ชัณสูตร,17+610,542 ,510 ,0 ,3 ,1 ,1300 ,94 ,54 ,49 ,28 ,2581 ,9.52 ,0 ,680 ,ขท.สิงห์บุรี,สิงห์บุรี
3252,100,พักทัน - บ้านจ่า,3+000,958 ,800 ,0 ,0 ,0 ,815 ,45 ,70 ,40 ,16 ,2744 ,6.60 ,11 ,654 ,ขท.สิงห์บุรี,สิงห์บุรี
3253,100,บ้านพละ - ปะทิว,1+300,453 ,30 ,3 ,1 ,0 ,1391 ,181 ,95 ,53 ,75 ,2282 ,16.33 ,0 ,786 ,ขท.ชุมพร,ชุมพร
3253,100,บ้านพละ - ปะทิว,42+708,519 ,26 ,6 ,0 ,0 ,1228 ,76 ,24 ,20 ,21 ,1920 ,7.67 ,4 ,857 ,ขท.ชุมพร,ชุมพร
3256,102,บางพลี - กิ่งแก้ว,19+857,33559 ,6985 ,1579 ,7 ,1602 ,17399 ,2657 ,1249 ,4096 ,0 ,69133 ,12.59 ,0 ,27288 ,ขท.สมุทรปราการ,สมุทรปราการ
3260,101,หนองวัลย์เปรียง - สองพี่น้อง,1+600,2418 ,1101 ,117 ,8 ,5 ,4791 ,437 ,428 ,613 ,446 ,10364 ,20.47 ,4 ,1119 ,ขท.สุพรรณบุรีที่ 2 (อู่ทอง),สุพรรณบุรี
3260,102,สองพี่น้อง - มะขามล้ม,16+037,4345 ,789 ,20 ,7 ,1 ,3747 ,334 ,190 ,328 ,132 ,9893 ,14.43 ,6 ,1970 ,ขท.สุพรรณบุรีที่ 2 (อู่ทอง),สุพรรณบุรี
3260,200,มะขามล้ม - วัดป่าเลไลยก์,40+456,2868 ,3403 ,0 ,6 ,0 ,1528 ,56 ,24 ,1 ,8 ,7894 ,1.15 ,1 ,2123 ,ขท.สุพรรณบุรีที่ 1,สุพรรณบุรี
3261,100,คลอง10 - หนองเสือ,10+000,2950 ,1827 ,40 ,32 ,12 ,1604 ,258 ,266 ,120 ,63 ,7172 ,10.15 ,22 ,1247 ,ขท.นครนายก,ปทุมธานี
3261,200,หนองเสือ - ปากคลอง13,32+000,1174 ,1102 ,33 ,25 ,27 ,1165 ,229 ,300 ,168 ,151 ,4374 ,20.40 ,25 ,893 ,ขท.สระบุรี,สระบุรี
3263,102,บางบาล - ไผ่กองดิน,11+382,6350 ,5366 ,297 ,489 ,339 ,1846 ,1150 ,1219 ,619 ,744 ,18419 ,24.41 ,64 ,1817 ,ขท.อยุธยา,พระนครศรีอยุธยา
3263,102,บางบาล - ไผ่กองดิน,20+088,4233 ,4945 ,351 ,378 ,181 ,1825 ,637 ,1760 ,1350 ,1053 ,16713 ,32.23 ,3 ,3247 ,ขท.อยุธยา,พระนครศรีอยุธยา
3264,100,ดอนเจดีย์ - สระกระโจม,9+600,1312 ,381 ,24 ,6 ,2 ,1426 ,133 ,133 ,157 ,126 ,3700 ,16.69 ,4 ,950 ,ขท.สุพรรณบุรีที่ 1,สุพรรณบุรี
3264,100,ดอนเจดีย์ - สระกระโจม,15+200,906 ,305 ,17 ,4 ,3 ,1647 ,157 ,125 ,129 ,127 ,3420 ,18.94 ,6 ,936 ,ขท.สุพรรณบุรีที่ 1,สุพรรณบุรี
3265,100,แยกโคกหม้อ - ท่าซุง,6+489,2293 ,1610 ,22 ,15 ,17 ,2195 ,119 ,78 ,67 ,72 ,6488 ,4.54 ,7 ,1725 ,ขท.อุทัยธานี,อุทัยธานี
3267,100,อ่างทอง - เจ้าปลุก,4+367,5228 ,1578 ,84 ,58 ,80 ,1891 ,976 ,1078 ,1230 ,914 ,13117 ,31.81 ,11 ,1394 ,ขท.อ่างทอง,พระนครศรีอยุธยา
3267,200,เจ้าปลุก - บางโขมด,7+000,3825 ,2189 ,77 ,88 ,131 ,3712 ,1910 ,1851 ,1850 ,1830 ,17463 ,46.02 ,29 ,2133 ,ขท.อยุธยา,พระนครศรีอยุธยา
3268,101,สำโรง - บางเมือง,2+000,5690 ,5465 ,1982 ,1392 ,797 ,4970 ,1799 ,67 ,40 ,23 ,22225 ,20.79 ,97 ,6210 ,ขท.สมุทรปราการ,สมุทรปราการ
3268,103,บางพลี - บางบ่อ,13+000,22425 ,10023 ,1314 ,831 ,807 ,11857 ,1280 ,1228 ,798 ,1049 ,51612 ,11.53 ,8 ,14509 ,ขท.สมุทรปราการ,สมุทรปราการ
3271,100,เนินสูง - ด่านชุมพล,3+500,737 ,283 ,6 ,0 ,1 ,1127 ,53 ,45 ,24 ,15 ,2291 ,6.06 ,0 ,724 ,ขท.ตราด,ตราด
3272,100,ทองผาภูมิ - ปิล๊อก,0+750,2900 ,362 ,52 ,92 ,29 ,4038 ,140 ,51 ,26 ,8 ,7698 ,4.54 ,0 ,4466 ,ขท.กาญจนบุรี,กาญจนบุรี
3272,100,ทองผาภูมิ - ปิล๊อก,20+607,407 ,417 ,60 ,8 ,0 ,308 ,39 ,31 ,8 ,2 ,1280 ,7.74 ,0 ,511 ,ขท.กาญจนบุรี,กาญจนบุรี
3272,100,ทองผาภูมิ - ปิล๊อก,38+286,29 ,17 ,14 ,1 ,0 ,343 ,7 ,1 ,0 ,0 ,412 ,2.42 ,0 ,420 ,ขท.กาญจนบุรี,กาญจนบุรี
3273,100,โคกสูง - หนองเป็ด,8+000,2449 ,1369 ,727 ,494 ,369 ,2762 ,1273 ,1270 ,1114 ,1062 ,12889 ,42.62 ,0 ,3674 ,ขท.ราชบุรี,ราชบุรี
3274,100,หลักสาม - บางโทรัด,5+600,4889 ,4861 ,1004 ,873 ,654 ,4799 ,4779 ,876 ,784 ,521 ,24040 ,35.17 ,12 ,3742 ,ขท.นครปฐม,สมุทรสาคร
3277,100,ขลุง - มะขาม,26+800,5235 ,1200 ,0 ,0 ,0 ,6333 ,803 ,577 ,590 ,427 ,15165 ,15.39 ,0 ,2268 ,ขท.ตราด,จันทบุรี
3281,100,แยกพระพรหม - คลองรั้ง,1+000,3010 ,903 ,47 ,43 ,91 ,1341 ,334 ,249 ,348 ,464 ,6830 ,22.12 ,18 ,1797 ,ขท.ปราจีนบุรี,ปราจีนบุรี
3282,101,บ้านไร่ - ไร่ใหม่,2+700,1264 ,433 ,0 ,18 ,0 ,2385 ,104 ,55 ,25 ,0 ,4284 ,4.83 ,49 ,2070 ,ขท.อุทัยธานี,อุทัยธานี
3282,102,ไร่ใหม่ - แยกนิคมทับเสลา,47+790,250 ,79 ,2 ,9 ,2 ,997 ,57 ,102 ,23 ,7 ,1528 ,13.69 ,5 ,473 ,ขท.อุทัยธานี,อุทัยธานี
3283,100,อินทร์บุรี - ทองเอน,1+500,1495 ,987 ,78 ,18 ,7 ,563 ,119 ,63 ,31 ,23 ,3384 ,7.60 ,18 ,2628 ,ขท.สิงห์บุรี,สิงห์บุรี
3284,100,เนินหลังเต่า - หนองเสม็ด,7+000,1896 ,1812 ,21 ,19 ,23 ,1309 ,1201 ,1171 ,222 ,115 ,7789 ,36.52 ,20 ,1473 ,ขท.ชลบุรีที่ 1,ชลบุรี
3285,100,อินทร์บุรี - หนองสุ่ม,3+300,1048 ,700 ,18 ,12 ,10 ,202 ,110 ,31 ,13 ,7 ,2151 ,9.45 ,36 ,1517 ,ขท.สิงห์บุรี,สิงห์บุรี
3288,100,ท่าแดง - วังม่วง,2+000,1128 ,1029 ,77 ,36 ,18 ,132 ,174 ,44 ,0 ,0 ,2638 ,10.40 ,124 ,1019 ,ขท.นครนายก,นครนายก
3289,100,หนองชาก - เนินโมก,1+700,1963 ,1879 ,399 ,415 ,443 ,4866 ,1096 ,1400 ,1016 ,920 ,14397 ,36.72 ,6 ,3380 ,ขท.ชลบุรีที่ 1,ชลบุรี
3290,100,โคกอุดม - คลองทราย,0+500,2290 ,43 ,26 ,39 ,52 ,87 ,87 ,64 ,13 ,7 ,2708 ,10.31 ,7 ,3377 ,ขท.ปราจีนบุรี,ปราจีนบุรี
3291,101,เจดีย์หัก - หนองหอย,3+000,6849 ,3913 ,8 ,13 ,13 ,8350 ,648 ,457 ,296 ,136 ,20683 ,6.41 ,3 ,4514 ,ขท.ราชบุรี,ราชบุรี
3291,101,เจดีย์หัก - หนองหอย,4+920,5912 ,2903 ,13 ,12 ,12 ,6375 ,218 ,199 ,49 ,7 ,15700 ,2.74 ,0 ,3991 ,ขท.ราชบุรี,ราชบุรี
3291,103,เตาปูน - เบิกไพร,32+807,3124 ,2033 ,0 ,0 ,0 ,4225 ,707 ,570 ,519 ,212 ,11390 ,17.61 ,0 ,2991 ,ขท.ราชบุรี,ราชบุรี
3291,103,เตาปูน - เบิกไพร,36+207,3650 ,1594 ,0 ,0 ,0 ,3758 ,1083 ,1127 ,827 ,411 ,12450 ,28.72 ,0 ,3378 ,ขท.ราชบุรี,ราชบุรี
3296,100,ดอนตูม - บางเลน,1+500,4250 ,4050 ,466 ,389 ,342 ,7005 ,3445 ,3281 ,3858 ,2273 ,29359 ,45.41 ,461 ,5110 ,ขท.นครปฐม,นครปฐม
3297,100,หนองปลาไหล - ดอนตูม,3+000,5704 ,5331 ,1807 ,1813 ,1876 ,6005 ,4383 ,5115 ,3971 ,2426 ,38431 ,51.79 ,0 ,5032 ,ขท.นครปฐม,นครปฐม
3298,100,สามเรือน - บางปะหัน,0+190,2256 ,683 ,9 ,5 ,8 ,4553 ,514 ,583 ,912 ,847 ,10370 ,27.61 ,1 ,707 ,ขท.อ่างทอง,พระนครศรีอยุธยา
3299,100,ช้างทูน - โชคดี,0+500,843 ,358 ,13 ,0 ,0 ,1873 ,67 ,61 ,14 ,0 ,3229 ,4.68 ,0 ,1267 ,ขท.ตราด,ตราด
3302,100,พระพุทธบาท - โคกตูม,2+000,2659 ,2496 ,53 ,56 ,75 ,1362 ,962 ,921 ,926 ,714 ,10224 ,35.90 ,35 ,1674 ,ขท.ลพบุรีที่ 1,สระบุรี
3303,100,บางระจัน - โพทะเล,2+000,2084 ,1730 ,20 ,0 ,5 ,2960 ,398 ,266 ,215 ,146 ,7824 ,12.50 ,8 ,1828 ,ขท.สิงห์บุรี,สิงห์บุรี
3303,100,บางระจัน - โพทะเล,9+800,1799 ,1196 ,43 ,3 ,6 ,2247 ,852 ,552 ,273 ,99 ,7070 ,23.83 ,28 ,1304 ,ขท.สิงห์บุรี,สิงห์บุรี
3304,100,บ้านโพธิ์ - แปลงยาว,0+500,3944 ,2072 ,108 ,119 ,138 ,1711 ,1579 ,1163 ,1606 ,1770 ,14210 ,43.70 ,46 ,1863 ,ขท.ฉะเชิงเทรา,ฉะเชิงเทรา
3304,100,บ้านโพธิ์ - แปลงยาว,3+475,2905 ,1496 ,50 ,43 ,37 ,3329 ,2469 ,1973 ,2563 ,1109 ,15974 ,52.51 ,33 ,1296 ,ขท.ฉะเชิงเทรา,ฉะเชิงเทรา
3304,100,บ้านโพธิ์ - แปลงยาว,15+613,2658 ,1574 ,48 ,46 ,39 ,2739 ,1898 ,2104 ,1872 ,1118 ,14096 ,50.95 ,28 ,1324 ,ขท.ฉะเชิงเทรา,ฉะเชิงเทรา
3305,100,ท่าน้ำตื้น - บ้านเก่า,0+095,1783 ,535 ,14 ,9 ,12 ,2035 ,94 ,85 ,30 ,25 ,4622 ,5.36 ,4 ,1977 ,ขท.กาญจนบุรี,กาญจนบุรี
3305,100,ท่าน้ำตื้น - บ้านเก่า,11+847,1744 ,498 ,8 ,1 ,0 ,2106 ,78 ,62 ,23 ,6 ,4526 ,3.87 ,5 ,1797 ,ขท.กาญจนบุรี,กาญจนบุรี
3305,100,ท่าน้ำตื้น - บ้านเก่า,27+637,999 ,309 ,9 ,3 ,3 ,909 ,66 ,57 ,51 ,15 ,2421 ,6.57 ,3 ,1089 ,ขท.กาญจนบุรี,กาญจนบุรี
3306,100,หนองปรือ - สระกระโจม,0+100,321 ,150 ,7 ,4 ,1 ,1278 ,67 ,33 ,18 ,13 ,1892 ,9.45 ,3 ,624 ,ขท.สุพรรณบุรีที่ 2 (อู่ทอง),กาญจนบุรี
3306,100,หนองปรือ - สระกระโจม,42+600,344 ,59 ,0 ,1 ,2 ,1230 ,108 ,52 ,29 ,15 ,1840 ,12.07 ,3 ,748 ,ขท.สุพรรณบุรีที่ 2 (อู่ทอง),กาญจนบุรี
3308,100,โคกเพร็ก - แสง์,3+000,1216 ,559 ,138 ,112 ,0 ,1666 ,536 ,505 ,110 ,103 ,4945 ,27.14 ,0 ,1282 ,ขท.สระแก้ว (วัฒนานคร),สระแก้ว
3309,100,บางปะอิน - บางกระสั้น,3+000,3818 ,1423 ,1122 ,1025 ,612 ,4333 ,1262 ,1059 ,805 ,660 ,16119 ,32.14 ,65 ,3249 ,ขท.อยุธยา,พระนครศรีอยุธยา
3309,201,บางกระสั้น - โพธิ์แตง,15+000,8165 ,8451 ,8086 ,7438 ,8061 ,8179 ,8076 ,7899 ,7822 ,8070 ,80247 ,59.33 ,121 ,4488 ,ขท.ปทุมธานี,พระนครศรีอยุธยา
3309,203,บ้านกระแชง - บางพูน,38+500,6781 ,6656 ,4471 ,3417 ,1871 ,4612 ,4185 ,3587 ,2955 ,1685 ,40220 ,42.49 ,0 ,4254 ,ขท.ปทุมธานี,ปทุมธานี
3310,100,กระทุ่มล้ม - พุทธมณฑล,2+500,32750 ,12645 ,812 ,144 ,478 ,31698 ,1450 ,1201 ,766 ,427 ,82371 ,5.14 ,100 ,11766 ,ขท.สมุทรสาคร,นครปฐม
3312,100,สนามกีฬาธูปเตมีย์ - ลำลูกกา,2+061,20031 ,10527 ,216 ,377 ,326 ,12220 ,2070 ,889 ,851 ,417 ,47924 ,8.54 ,14 ,8627 ,ขท.กรุงเทพ,ปทุมธานี
3312,200,ลำลูกกา - คลอง16,14+300,26542 ,4828 ,385 ,464 ,547 ,16279 ,1649 ,1224 ,566 ,491 ,52975 ,9.55 ,215 ,8154 ,ขท.นครนายก,ปทุมธานี
3313,100,เขาอ่างแก้ว - วังกุ่ม,0+892,859 ,356 ,0 ,0 ,0 ,655 ,372 ,193 ,0 ,0 ,2435 ,24.30 ,85 ,780 ,ขท.เพชรบุรี,เพชรบุรี
3314,101,ท่าช้าง - ป๊อกแป๊ก,2+700,2562 ,1667 ,75 ,73 ,52 ,3067 ,1388 ,1967 ,2209 ,1109 ,14169 ,48.10 ,45 ,2599 ,ขท.สระบุรี,สระบุรี
3316,100,ไร่ขิง - ทรงคนอง,2+500,12438 ,12243 ,3166 ,3245 ,2772 ,2506 ,1627 ,1114 ,386 ,381 ,39878 ,24.10 ,338 ,7881 ,ขท.สมุทรสาคร,นครปฐม
3318,100,สุพรรณบุรี - มะขามล้ม,5+000,3074 ,2140 ,18 ,7 ,5 ,1319 ,59 ,33 ,30 ,3 ,6688 ,1.96 ,33 ,3244 ,ขท.สุพรรณบุรีที่ 1,สุพรรณบุรี
3318,100,สุพรรณบุรี - มะขามล้ม,15+000,3508 ,1796 ,2 ,0 ,0 ,1315 ,231 ,130 ,81 ,44 ,7107 ,6.38 ,22 ,2566 ,ขท.สุพรรณบุรีที่ 1,สุพรรณบุรี
3318,200,มะขามล้ม - ดอนแจง,29+000,520 ,203 ,0 ,0 ,0 ,1100 ,159 ,78 ,94 ,76 ,2230 ,20.98 ,8 ,799 ,ขท.สุพรรณบุรีที่ 2 (อู่ทอง),สุพรรณบุรี
3319,102,เนินกว้าว - บันไดสามขั้น,7+000,3167 ,1782 ,49 ,0 ,65 ,745 ,310 ,237 ,126 ,133 ,6614 ,13.32 ,34 ,2112 ,ขท.นครสวรรค์ที่ 1,นครสวรรค์
3319,200,บันไดสามขั้น - ทัพทัน,19+567,829 ,455 ,6 ,8 ,8 ,943 ,89 ,77 ,79 ,94 ,2588 ,14.03 ,12 ,648 ,ขท.อุทัยธานี,อุทัยธานี
3322,100,เนินสูง - ห้วยสะท้อน,0+500,1694 ,584 ,0 ,0 ,0 ,3622 ,345 ,131 ,63 ,36 ,6475 ,8.95 ,4 ,1355 ,ขท.จันทบุรี,จันทบุรี
3322,100,เนินสูง - ห้วยสะท้อน,29+000,1479 ,391 ,0 ,0 ,0 ,3873 ,299 ,31 ,15 ,20 ,6108 ,5.99 ,4 ,1454 ,ขท.จันทบุรี,จันทบุรี
3326,101,วังเพลิง - สระโบสถ์,7+700,3255 ,2189 ,73 ,76 ,62 ,1774 ,89 ,70 ,74 ,42 ,7704 ,5.29 ,40 ,2537 ,ขท.ลพบุรีที่ 1,ลพบุรี
3326,102,สระโบสถ์ - ยางโทน,30+000,3488 ,1663 ,25 ,25 ,18 ,929 ,318 ,216 ,187 ,84 ,6953 ,13.71 ,0 ,1603 ,ขท.ลพบุรีที่ 1,ลพบุรี
3327,100,เนินมะกอก - นิคมเขาบ่อแก้ว,6+000,1238 ,1220 ,0 ,0 ,0 ,2115 ,154 ,149 ,306 ,153 ,5335 ,14.48 ,0 ,1654 ,ขท.นครสวรรค์ที่ 1,นครสวรรค์
3327,200,นิคมเขาบ่อแก้ว - โค้งวิจารณ์,16+000,291 ,108 ,0 ,0 ,0 ,978 ,36 ,101 ,390 ,75 ,1979 ,29.02 ,0 ,394 ,ขท.นครสวรรค์ที่ 2 (ตากฟ้า),นครสวรรค์
3329,100,ตาคลี - หนองหลวง,1+000,1008 ,90 ,0 ,0 ,0 ,1676 ,170 ,57 ,31 ,19 ,3051 ,10.11 ,7 ,1207 ,ขท.นครสวรรค์ที่ 2 (ตากฟ้า),นครสวรรค์
3329,100,ตาคลี - หนองหลวง,23+500,240 ,40 ,0 ,0 ,0 ,710 ,65 ,28 ,42 ,15 ,1140 ,14.29 ,2 ,470 ,ขท.นครสวรรค์ที่ 2 (ตากฟ้า),นครสวรรค์
3330,100,สุขสำราญ - สำโรงชัย,8+450,264 ,28 ,8 ,0 ,0 ,899 ,33 ,104 ,25 ,1 ,1362 ,13.87 ,4 ,355 ,ขท.นครสวรรค์ที่ 2 (ตากฟ้า),นครสวรรค์
3331,100,หนองพิกุล - ใหม่สามัคคี,3+000,252 ,8 ,0 ,0 ,0 ,560 ,16 ,24 ,8 ,1 ,869 ,4.36 ,5 ,185 ,ขท.นครสวรรค์ที่ 2 (ตากฟ้า),นครสวรรค์
3331,100,หนองพิกุล - ใหม่สามัคคี,13+000,367 ,62 ,0 ,0 ,0 ,700 ,49 ,72 ,14 ,2 ,1266 ,13.99 ,9 ,513 ,ขท.นครสวรรค์ที่ 2 (ตากฟ้า),นครสวรรค์
3333,101,โคกตูม - แยกมะนาวหวาน,2+000,3933 ,2260 ,50 ,47 ,38 ,978 ,931 ,821 ,605 ,499 ,10162 ,28.92 ,37 ,1458 ,ขท.ลพบุรีที่ 1,ลพบุรี
3334,100,ธารเกษม - สถานีรถไฟเขาสูง,13+000,4704 ,2330 ,48 ,49 ,53 ,2016 ,984 ,826 ,660 ,655 ,12325 ,26.50 ,43 ,2002 ,ขท.ลพบุรีที่ 1,ลพบุรี
3335,100,บ้านสิงห์ - บ้านแพ้ว,4+000,2963 ,2251 ,799 ,829 ,787 ,1641 ,1858 ,1687 ,333 ,16 ,13164 ,43.17 ,60 ,3726 ,ขท.สมุทรสงคราม,ราชบุรี
3335,100,บ้านสิงห์ - บ้านแพ้ว,9+453,3128 ,1420 ,365 ,318 ,0 ,3909 ,940 ,855 ,618 ,499 ,12052 ,25.69 ,18 ,3149 ,ขท.สมุทรสงคราม,ราชบุรี
3335,100,บ้านสิงห์ - บ้านแพ้ว,15+000,3467 ,1145 ,200 ,161 ,1 ,3382 ,821 ,857 ,829 ,544 ,11407 ,28.76 ,16 ,2553 ,ขท.สมุทรสงคราม,ราชบุรี
3335,100,บ้านสิงห์ - บ้านแพ้ว,21+703,4135 ,1066 ,285 ,263 ,6 ,5561 ,2002 ,1597 ,1596 ,358 ,16869 ,33.90 ,33 ,3149 ,ขท.สมุทรสงคราม,ราชบุรี
3336,100,โคกวัด - บ้านไร่,0+500,4348 ,1113 ,312 ,52 ,2 ,3537 ,728 ,673 ,323 ,6 ,11094 ,16.65 ,24 ,3239 ,ขท.สมุทรสงคราม,ราชบุรี
3337,100,ห้วยชินสีห์ - หินสี,0+900,4143 ,210 ,14 ,13 ,16 ,4100 ,575 ,673 ,585 ,118 ,10447 ,17.21 ,21 ,3415 ,ขท.สมุทรสงคราม,ราชบุรี
3337,100,ห้วยชินสีห์ - หินสี,11+500,1831 ,164 ,12 ,11 ,0 ,1680 ,138 ,69 ,19 ,14 ,3938 ,6.62 ,16 ,1247 ,ขท.สมุทรสงคราม,ราชบุรี
3339,100,ห้วยชินสีห์ - ราชบุรี,1+100,1383 ,1435 ,9 ,14 ,0 ,3680 ,251 ,56 ,16 ,9 ,6853 ,4.80 ,13 ,4104 ,ขท.สมุทรสงคราม,ราชบุรี
3339,100,ห้วยชินสีห์ - ราชบุรี,10+695,4388 ,2744 ,35 ,4 ,0 ,3214 ,86 ,26 ,6 ,0 ,10503 ,1.13 ,18 ,3880 ,ขท.สมุทรสงคราม,ราชบุรี
3340,100,หนองเสม็ด - บ่อทอง,2+000,1969 ,2295 ,22 ,29 ,27 ,1474 ,1292 ,1265 ,324 ,215 ,8912 ,35.77 ,18 ,1346 ,ขท.ชลบุรีที่ 1,ชลบุรี
3342,100,วังขอน - บ่อพลอย,20+500,648 ,320 ,10 ,1 ,2 ,2064 ,161 ,134 ,317 ,153 ,3810 ,21.47 ,1 ,459 ,ขท.สุพรรณบุรีที่ 2 (อู่ทอง),กาญจนบุรี
3343,100,แยกวังโพธิ์ - โรงพยาบาลไทรโยค,2+359,1368 ,942 ,42 ,28 ,53 ,51 ,41 ,13 ,2 ,0 ,2540 ,3.07 ,2 ,824 ,ขท.กาญจนบุรี,กาญจนบุรี
3344,100,อุดมสุข - สมุทรปราการ,13+078,23608 ,15146 ,1329 ,767 ,785 ,20288 ,912 ,824 ,705 ,668 ,65032 ,7.19 ,6 ,15911 ,ขท.สมุทรปราการ,สมุทรปราการ
3348,100,หนองขอน - จันทนิมิต,10+900,12181 ,4834 ,76 ,33 ,20 ,14684 ,79 ,47 ,18 ,16 ,31988 ,0.61 ,34 ,8521 ,ขท.จันทบุรี,จันทบุรี
3349,100,หนองควง - หนองหญ้าปล้อง,0+500,1927 ,716 ,84 ,44 ,38 ,825 ,284 ,92 ,34 ,34 ,4078 ,13.35 ,104 ,1571 ,ขท.เพชรบุรี,เพชรบุรี
3350,100,ท่าช้าง - สระบัวก่ำ,3+000,1673 ,906 ,3 ,5 ,30 ,2001 ,191 ,143 ,252 ,179 ,5383 ,14.86 ,14 ,1387 ,ขท.สุพรรณบุรีที่ 1,สุพรรณบุรี
3351,100,เก้าห้อง - บางแม่หม้าย,1+000,1903 ,160 ,59 ,40 ,39 ,2256 ,242 ,115 ,73 ,58 ,4945 ,10.17 ,51 ,3085 ,ขท.สุพรรณบุรีที่ 1,สุพรรณบุรี
3351,200,บางแม่หม้าย - บางน้อยใน,32+750,1994 ,58 ,2 ,3 ,2 ,649 ,96 ,89 ,109 ,99 ,3101 ,12.88 ,3 ,821 ,ขท.สุพรรณบุรีที่ 2 (อู่ทอง),สุพรรณบุรี
3351,300,บางน้อยใน - บางหลวง,38+196,1972 ,1961 ,346 ,357 ,145 ,2615 ,2327 ,2417 ,1720 ,1522 ,15382 ,55.60 ,155 ,1795 ,ขท.นครปฐม,นครปฐม
3353,100,วงษ์สว่าง - ป่ารัง,0+570,1645 ,1134 ,16 ,11 ,12 ,598 ,160 ,118 ,38 ,12 ,3744 ,8.54 ,0 ,870 ,ขท.ลพบุรีที่ 1,ลพบุรี
3354,100,หนองกระเบียน - ชอนม่วง,0+500,545 ,566 ,1 ,2 ,1 ,811 ,30 ,150 ,41 ,24 ,2171 ,13.00 ,0 ,338 ,ขท.ลพบุรีที่ 1,ลพบุรี
3356,100,ทุ่งคอก - พระแท่นดงรัง,17+800,880 ,381 ,0 ,0 ,3 ,2405 ,171 ,194 ,292 ,183 ,4509 ,20.54 ,24 ,1663 ,ขท.สุพรรณบุรีที่ 2 (อู่ทอง),สุพรรณบุรี
3356,100,ทุ่งคอก - พระแท่นดงรัง,23+100,2159 ,96 ,17 ,8 ,4 ,979 ,149 ,417 ,254 ,114 ,4197 ,21.47 ,22 ,1648 ,ขท.สุพรรณบุรีที่ 2 (อู่ทอง),กาญจนบุรี
3358,100,ทุ่งคอก - เบญพาด,17+695,531 ,227 ,4 ,3 ,3 ,1416 ,82 ,101 ,123 ,68 ,2558 ,15.14 ,10 ,649 ,ขท.สุพรรณบุรีที่ 2 (อู่ทอง),กาญจนบุรี
3363,100,ดอนแสลบ - ช่องด่าน,0+500,544 ,182 ,0 ,0 ,0 ,760 ,213 ,81 ,26 ,22 ,1828 ,16.07 ,17 ,529 ,ขท.สุพรรณบุรีที่ 2 (อู่ทอง),กาญจนบุรี
3365,100,สามชุก - หนองอีพัง,1+800,3852 ,1115 ,40 ,17 ,14 ,2602 ,267 ,209 ,299 ,138 ,8553 ,12.56 ,29 ,2714 ,ขท.สุพรรณบุรีที่ 1,สุพรรณบุรี
3366,100,ท่าข้าม - โนนสาวเอ้,2+000,1061 ,585 ,55 ,45 ,27 ,1390 ,668 ,576 ,278 ,218 ,4903 ,37.23 ,444 ,1281 ,ขท.สระแก้ว (วัฒนานคร),สระแก้ว
3366,100,ท่าข้าม - โนนสาวเอ้,8+762,1351 ,562 ,44 ,40 ,32 ,1844 ,799 ,594 ,286 ,312 ,5864 ,33.95 ,508 ,1583 ,ขท.สระแก้ว (วัฒนานคร),สระแก้ว
3366,100,ท่าข้าม - โนนสาวเอ้,15+680,891 ,415 ,45 ,39 ,32 ,2213 ,681 ,579 ,413 ,344 ,5652 ,39.92 ,384 ,1264 ,ขท.สระแก้ว (วัฒนานคร),สระแก้ว
3369,100,วัดอำภาศิริวงศ์ - คลอง16,1+000,1523 ,1398 ,23 ,16 ,10 ,2027 ,412 ,343 ,15 ,9 ,5776 ,14.03 ,85 ,994 ,ขท.นครนายก,นครนายก
3372,101,นาคู - สามโก้,12+000,188 ,141 ,0 ,3 ,0 ,315 ,116 ,68 ,25 ,18 ,874 ,19.32 ,9 ,338 ,ขท.อ่างทอง,อ่างทอง
3372,102,สามโก้ - สีบัวทอง,27+000,785 ,174 ,82 ,76 ,66 ,1210 ,90 ,72 ,64 ,58 ,2677 ,15.54 ,48 ,1058 ,ขท.อ่างทอง,อ่างทอง
3373,100,สามโก้ - คลองลี่,2+200,1490 ,845 ,85 ,73 ,61 ,5027 ,755 ,648 ,519 ,446 ,9949 ,24.43 ,31 ,2347 ,ขท.อ่างทอง,อ่างทอง
3374,100,บางสะพาน - หนองหัดไท,2+300,4542 ,1010 ,32 ,38 ,20 ,1663 ,132 ,94 ,49 ,76 ,7656 ,6.11 ,85 ,3303 ,ขท.ประจวบคีรีขันธ์ (หัวหิน),ประจวบคีรีขันธ์
3374,200,หนองหัดไท - ดอนยาง,29+862,312 ,29 ,0 ,0 ,3 ,1055 ,90 ,38 ,33 ,2 ,1562 ,10.31 ,0 ,810 ,ขท.ชุมพร,ชุมพร
3376,100,บ้านฉาง - ถนนซอย13ของนิคมสร้างตนเองจังหวัดระยอง,2+000,5992 ,3142 ,44 ,35 ,30 ,8747 ,258 ,251 ,37 ,34 ,18570 ,3.68 ,25 ,7277 ,ขท.ระยอง,ระยอง
3378,100,บางคล้า - พนมสารคาม,3+900,1556 ,1171 ,223 ,0 ,210 ,1449 ,872 ,353 ,253 ,310 ,6397 ,31.55 ,18 ,1244 ,ขท.ฉะเชิงเทรา,ฉะเชิงเทรา
3384,100,โนนสาวเอ้ - ไทรเดี่ยว,14+000,966 ,823 ,60 ,67 ,22 ,600 ,441 ,424 ,332 ,213 ,3948 ,35.56 ,109 ,771 ,ขท.สระแก้ว (วัฒนานคร),สระแก้ว
3385,100,หน้าพระลาน - หนองจาน,2+000,4226 ,1439 ,60 ,58 ,77 ,3712 ,2524 ,3283 ,2835 ,3571 ,21785 ,57.13 ,116 ,5925 ,ขท.สระบุรี,สระบุรี
3387,100,หนองวัลย์เปรียง - ทับกระดาน,5+550,888 ,317 ,13 ,3 ,1 ,1577 ,178 ,202 ,248 ,81 ,3508 ,17.18 ,3 ,642 ,ขท.สุพรรณบุรีที่ 2 (อู่ทอง),สุพรรณบุรี
3388,100,บ้านโป่ง - บ่อไร่,14+500,827 ,340 ,0 ,0 ,0 ,1549 ,38 ,25 ,10 ,8 ,2797 ,2.87 ,1 ,759 ,ขท.ตราด,ตราด
3390,100,หนองรี - บ่อยาง,0+500,272 ,123 ,2 ,3 ,0 ,1091 ,80 ,96 ,40 ,9 ,1716 ,14.70 ,2 ,650 ,ขท.สุพรรณบุรีที่ 2 (อู่ทอง),กาญจนบุรี
3394,100,ลูกแก - หนองตะเลา,0+500,1944 ,195 ,16 ,2 ,11 ,2223 ,49 ,42 ,59 ,34 ,4575 ,4.44 ,11 ,2066 ,ขท.กาญจนบุรี,กาญจนบุรี
3394,200,หนองตะเลา - รางพิกุล,8+200,2665 ,2440 ,1630 ,1433 ,1462 ,2322 ,2338 ,2362 ,2271 ,2155 ,21078 ,56.56 ,68 ,2167 ,ขท.นครปฐม,ราชบุรี
3395,100,ทุ่งขนาน - ทับทิมสยาม05,1+460,983 ,560 ,0 ,0 ,0 ,2606 ,193 ,169 ,165 ,85 ,4761 ,13.43 ,0 ,1132 ,ขท.จันทบุรี,จันทบุรี
3395,201,ทับทิมสยาม05 - วัฒนานคร,17+360,1960 ,1919 ,0 ,0 ,0 ,1161 ,1542 ,1513 ,1392 ,1165 ,10652 ,44.20 ,27 ,1829 ,ขท.สระแก้ว (วัฒนานคร),สระแก้ว
3395,201,ทับทิมสยาม05 - วัฒนานคร,27+960,1580 ,1521 ,31 ,0 ,0 ,1260 ,1280 ,1367 ,1169 ,1119 ,9327 ,52.62 ,37 ,1477 ,ขท.สระแก้ว (วัฒนานคร),สระแก้ว
3395,202,วัฒนานคร - โคคลาน,62+070,2076 ,1754 ,319 ,278 ,116 ,3414 ,1374 ,1323 ,1283 ,1178 ,13115 ,41.84 ,181 ,3721 ,ขท.สระแก้ว (วัฒนานคร),สระแก้ว
3395,202,วัฒนานคร - โคคลาน,95+257,1842 ,1947 ,520 ,500 ,226 ,1958 ,1846 ,1596 ,1619 ,1512 ,13566 ,53.30 ,162 ,1301 ,ขท.สระแก้ว (วัฒนานคร),สระแก้ว
3398,100,ท่าพะเนียด - ทุ่งมะสังข์,0+500,941 ,526 ,13 ,8 ,6 ,544 ,391 ,395 ,115 ,24 ,2963 ,26.12 ,4 ,754 ,ขท.กาญจนบุรี,กาญจนบุรี
3400,100,หนองเอื้อง - ทุ่งขาม,0+500,855 ,533 ,0 ,0 ,0 ,811 ,624 ,378 ,0 ,0 ,3201 ,33.20 ,71 ,939 ,ขท.เพชรบุรี,เพชรบุรี
3401,100,เนินโมก - ทับร้าง,3+000,1521 ,1160 ,1156 ,1165 ,51 ,1243 ,1210 ,1149 ,1111 ,1041 ,10807 ,52.98 ,15 ,1140 ,ขท.ชลบุรีที่ 1,ชลบุรี
3403,100,วัดยกกระบัตร - หลักสี่,0+500,4829 ,4812 ,938 ,825 ,579 ,4818 ,4790 ,877 ,605 ,462 ,23535 ,34.61 ,12 ,3640 ,ขท.นครปฐม,สมุทรสาคร
3404,100,หลักสาม - คลองยกกระบัตร,0+300,4610 ,4582 ,882 ,742 ,646 ,4566 ,4584 ,819 ,778 ,493 ,22702 ,35.01 ,14 ,3661 ,ขท.นครปฐม,สมุทรสาคร
3405,100,บ้านแหลม - ทุ่งขนาน,16+500,208 ,182 ,0 ,0 ,0 ,1201 ,176 ,119 ,78 ,78 ,2042 ,21.76 ,12 ,414 ,ขท.จันทบุรี,จันทบุรี
3409,100,ชากไทย - ทุ่งจันดำ,6+800,919 ,464 ,0 ,0 ,0 ,2275 ,11 ,9 ,8 ,10 ,3696 ,0.83 ,10 ,1015 ,ขท.จันทบุรี,จันทบุรี
3410,101,เขื่อนเพชร - เขาลูกช้าง,0+500,1891 ,1508 ,102 ,0 ,0 ,1973 ,895 ,639 ,29 ,0 ,7037 ,21.52 ,50 ,1628 ,ขท.เพชรบุรี,เพชรบุรี
3410,102,เขาลูกช้าง - ห้วยโสก,30+000,1287 ,1084 ,0 ,0 ,0 ,1249 ,520 ,378 ,16 ,0 ,4534 ,18.81 ,84 ,1159 ,ขท.เพชรบุรี,เพชรบุรี
3412,101,อยุธยา - บางบาล,1+000,1134 ,326 ,237 ,244 ,168 ,915 ,232 ,224 ,197 ,158 ,3835 ,32.83 ,13 ,1079 ,ขท.อยุธยา,พระนครศรีอยุธยา
3412,101,อยุธยา - บางบาล,16+500,1523 ,1306 ,222 ,178 ,169 ,821 ,300 ,540 ,689 ,420 ,6168 ,36.71 ,9 ,1153 ,ขท.อยุธยา,พระนครศรีอยุธยา
3413,100,ทางเข้าบางบ่อ,1+960,4955 ,3118 ,542 ,571 ,230 ,5129 ,520 ,683 ,680 ,360 ,16788 ,16.26 ,52 ,3589 ,ขท.สมุทรปราการ,สมุทรปราการ
3414,100,อ้อมน้อย - ศาลายา,1+000,22176 ,10160 ,207 ,462 ,405 ,26063 ,1296 ,872 ,348 ,151 ,62140 ,5.24 ,375 ,17220 ,ขท.สมุทรสาคร,นครปฐม
3415,100,สามพราน - แม่น้ำนครชัยศรี,1+000,12687 ,2694 ,2666 ,208 ,154 ,11806 ,2757 ,750 ,363 ,244 ,34329 ,13.07 ,211 ,7031 ,ขท.สมุทรสาคร,นครปฐม
3416,100,โป่งแย้ - หุบเฉลา,0+500,716 ,480 ,0 ,0 ,0 ,692 ,425 ,253 ,0 ,0 ,2566 ,28.82 ,60 ,980 ,ขท.เพชรบุรี,เพชรบุรี
3416,100,โป่งแย้ - หุบเฉลา,8+000,653 ,388 ,0 ,0 ,0 ,964 ,279 ,141 ,0 ,0 ,2425 ,15.34 ,73 ,937 ,ขท.เพชรบุรี,เพชรบุรี
3420,100,ทางเข้าหนองไผ่,0+200,90 ,14 ,1 ,0 ,0 ,371 ,27 ,22 ,31 ,9 ,565 ,16.85 ,0 ,106 ,ขท.นครสวรรค์ที่ 2 (ตากฟ้า),นครสวรรค์
3422,100,ลาดบัวหลวง - สองพี่น้อง,15+355,4139 ,342 ,20 ,21 ,15 ,3314 ,304 ,173 ,455 ,439 ,9222 ,15.81 ,5 ,1322 ,ขท.สุพรรณบุรีที่ 2 (อู่ทอง),สุพรรณบุรี
3428,100,เขาชะโงก - ท้ายทอง,1+000,2425 ,2279 ,2205 ,2241 ,2155 ,1972 ,495 ,192 ,190 ,185 ,14339 ,37.65 ,131 ,1737 ,ขท.นครนายก,นครนายก
3431,101,ไผ่ขวาง - เทศบาลเมืองสุพรรณบุรี,0+200,10526 ,1075 ,652 ,85 ,53 ,9030 ,149 ,56 ,24 ,24 ,21674 ,1.64 ,41 ,7069 ,ขท.สุพรรณบุรีที่ 1,สุพรรณบุรี
3432,100,หินลาด - เขื่อนแก่งกระจาน,0+500,576 ,508 ,0 ,0 ,0 ,898 ,324 ,218 ,0 ,0 ,2524 ,22.89 ,45 ,1067 ,ขท.เพชรบุรี,เพชรบุรี
3438,101,หนองฉาง - ดินแดง,6+000,1131 ,820 ,28 ,4 ,6 ,1355 ,68 ,30 ,4 ,0 ,3446 ,2.18 ,8 ,782 ,ขท.อุทัยธานี,อุทัยธานี
3438,102,ดินแดง - ไผ่งาม,30+600,1059 ,380 ,27 ,1 ,8 ,2987 ,124 ,82 ,44 ,3 ,4715 ,5.02 ,2 ,1679 ,ขท.อุทัยธานี,อุทัยธานี
3440,100,ดอนพรหม - ตลาดเขต,3+330,196 ,107 ,8 ,1 ,0 ,555 ,54 ,28 ,2 ,2 ,953 ,7.89 ,6 ,411 ,ขท.สุพรรณบุรีที่ 2 (อู่ทอง),สุพรรณบุรี
3443,101,ตลาดใหม่ - ตลุงเหนือ,7+700,925 ,271 ,0 ,0 ,13 ,1311 ,169 ,201 ,128 ,129 ,3147 ,7.43 ,23 ,867 ,ขท.สุพรรณบุรีที่ 2 (อู่ทอง),กาญจนบุรี
3446,102,ป่าไร่ - ช่องตากิ่ว,30+500,949 ,608 ,0 ,0 ,0 ,1180 ,497 ,475 ,296 ,305 ,4310 ,37.09 ,37 ,1095 ,ขท.สระแก้ว (วัฒนานคร),สระแก้ว
3447,101,หนองระหาน - คลองเวฬุ,0+500,2193 ,110 ,0 ,0 ,0 ,2341 ,493 ,455 ,379 ,298 ,6269 ,25.43 ,0 ,1659 ,ขท.ตราด,จันทบุรี
3448,100,ทุ่งขนาน - ตาเรือง,10+408,621 ,554 ,0 ,0 ,0 ,2559 ,107 ,79 ,75 ,62 ,4057 ,7.90 ,0 ,611 ,ขท.จันทบุรี,จันทบุรี
3451,100,โคกโคเฒ่า - ลาดตาล,1+868,824 ,136 ,0 ,0 ,0 ,1374 ,9 ,8 ,3 ,0 ,2354 ,0.44 ,6 ,976 ,ขท.สุพรรณบุรีที่ 1,สุพรรณบุรี
3452,100,ดงพระราม - ห้วยขื่อ,3+906,3556 ,2447 ,54 ,56 ,44 ,2695 ,1147 ,666 ,396 ,38 ,11099 ,21.75 ,14 ,2471 ,ขท.ปราจีนบุรี,ปราจีนบุรี
3453,100,ท่าไม้ - ตะคร้ำเอน,0+500,1940 ,802 ,1 ,0 ,13 ,1457 ,64 ,46 ,41 ,38 ,4402 ,5.67 ,9 ,1669 ,ขท.กาญจนบุรี,กาญจนบุรี
3454,100,แยกเข้าโรงเรียนคุรุประชาสรรค์ - บ้านวังขอน,2+000,832 ,375 ,15 ,7 ,6 ,1163 ,94 ,81 ,126 ,32 ,2731 ,12.82 ,4 ,777 ,ขท.ชัยนาท,ชัยนาท
3454,200,บ้านวังขอน - ท่าช้าง,21+793,1833 ,1915 ,20 ,21 ,13 ,2066 ,267 ,143 ,110 ,82 ,6470 ,10.98 ,9 ,1386 ,ขท.สิงห์บุรี,สิงห์บุรี
3454,301,ท่าช้าง - วิเศษชัยชาญ,62+293,3029 ,795 ,232 ,164 ,259 ,3631 ,584 ,395 ,312 ,229 ,9630 ,18.98 ,25 ,3705 ,ขท.อ่างทอง,อ่างทอง
3454,301,ท่าช้าง - วิเศษชัยชาญ,74+093,1729 ,1113 ,90 ,71 ,45 ,3182 ,499 ,429 ,194 ,116 ,7468 ,15.69 ,21 ,3022 ,ขท.อ่างทอง,อ่างทอง
3454,400,หน้าโคก - เสนา,103+584,2271 ,2386 ,236 ,157 ,204 ,1262 ,703 ,529 ,360 ,317 ,8425 ,27.16 ,6 ,1063 ,ขท.อยุธยา,พระนครศรีอยุธยา
3455,100,แยกปากกิเลน - บ้านเก่า,0+100,608 ,537 ,20 ,17 ,16 ,564 ,25 ,31 ,17 ,9 ,1844 ,6.17 ,0 ,278 ,ขท.กาญจนบุรี,กาญจนบุรี
3456,101,หนองกระดี่ - คลองข่อย,15+000,669 ,343 ,3 ,6 ,4 ,516 ,84 ,79 ,80 ,88 ,1872 ,19.24 ,9 ,629 ,ขท.อุทัยธานี,อุทัยธานี
3456,101,หนองกระดี่ - คลองข่อย,39+285,877 ,368 ,4 ,4 ,4 ,397 ,102 ,144 ,111 ,77 ,2088 ,25.12 ,8 ,771 ,ขท.อุทัยธานี,อุทัยธานี
3457,100,ไทรโยค - ท่าทุ่งนา,0+500,443 ,126 ,36 ,7 ,5 ,243 ,14 ,10 ,11 ,3 ,898 ,4.84 ,3 ,211 ,ขท.กาญจนบุรี,กาญจนบุรี
3459,100,สามแยกบ้านกรูด - ปากคลองบ้านกรูด,7+300,1131 ,674 ,8 ,0 ,0 ,1315 ,37 ,24 ,0 ,0 ,3189 ,1.85 ,38 ,1471 ,ขท.ประจวบคีรีขันธ์ (หัวหิน),ประจวบคีรีขันธ์
3460,100,สระแก้ว - หนองโดก,0+400,1659 ,226 ,1 ,1 ,0 ,2279 ,242 ,142 ,206 ,125 ,4881 ,14.23 ,5 ,1106 ,ขท.สุพรรณบุรีที่ 1,สุพรรณบุรี
3461,100,สวนแตง - ดอนคา,3+000,709 ,333 ,8 ,7 ,5 ,1527 ,172 ,115 ,88 ,44 ,3008 ,13.46 ,14 ,1388 ,ขท.สุพรรณบุรีที่ 2 (อู่ทอง),สุพรรณบุรี
3462,100,สระแก้ว - แซร์ออ,4+277,1212 ,1105 ,255 ,301 ,56 ,1377 ,1231 ,1097 ,1053 ,822 ,8509 ,53.90 ,180 ,955 ,ขท.สระแก้ว (วัฒนานคร),สระแก้ว
3462,100,สระแก้ว - แซร์ออ,51+263,1194 ,1204 ,280 ,210 ,49 ,1157 ,1122 ,1156 ,1084 ,832 ,8288 ,53.03 ,158 ,996 ,ขท.สระแก้ว (วัฒนานคร),สระแก้ว
3466,100,บ้านเก่า - พานทอง,0+500,5808 ,4574 ,662 ,743 ,3424 ,7305 ,5669 ,4557 ,3924 ,2388 ,39054 ,52.88 ,31 ,4426 ,ขท.ชลบุรีที่ 1,ชลบุรี
3467,100,นครหลวง - ท่าเรือ,10+650,3561 ,2138 ,174 ,163 ,175 ,2374 ,918 ,1607 ,2124 ,1704 ,14938 ,47.16 ,28 ,2736 ,ขท.อยุธยา,พระนครศรีอยุธยา
3468,100,จร้าใหม่ - เลาขวัญ,10+000,425 ,226 ,0 ,0 ,0 ,1124 ,93 ,59 ,31 ,22 ,1980 ,9.73 ,6 ,337 ,ขท.สุพรรณบุรีที่ 2 (อู่ทอง),กาญจนบุรี
3469,100,อยุธยา - บ้านรุน,3+750,1310 ,1259 ,107 ,113 ,114 ,780 ,259 ,223 ,172 ,102 ,4439 ,23.46 ,11 ,1534 ,ขท.อยุธยา,พระนครศรีอยุธยา
3470,100,ภาชี - ท่าเรือ,4+770,3740 ,3484 ,160 ,250 ,201 ,2337 ,1758 ,1795 ,1763 ,1857 ,17345 ,40.29 ,27 ,2174 ,ขท.อยุธยา,พระนครศรีอยุธยา
3471,100,บางบุตร - ชุมแสง,0+500,2419 ,22 ,29 ,38 ,41 ,2414 ,70 ,52 ,33 ,27 ,5145 ,4.86 ,24 ,1902 ,ขท.ระยอง,ระยอง
3472,100,อู่ทอง - ตลุงเหนือ,9+000,570 ,457 ,10 ,7 ,0 ,1733 ,120 ,129 ,83 ,32 ,3141 ,12.59 ,23 ,636 ,ขท.สุพรรณบุรีที่ 2 (อู่ทอง),กาญจนบุรี
3473,100,หนองจิกรี - ถนนสุด,7+000,2658 ,2390 ,15 ,15 ,11 ,1818 ,528 ,652 ,675 ,564 ,9326 ,29.22 ,20 ,2238 ,ขท.นครสวรรค์ที่ 1,นครสวรรค์
3473,100,หนองจิกรี - ถนนสุด,29+000,1833 ,1982 ,19 ,13 ,13 ,1178 ,754 ,734 ,640 ,627 ,7793 ,42.04 ,20 ,1866 ,ขท.นครสวรรค์ที่ 1,นครสวรรค์
3475,100,ทับกฤช - พนมรอก,14+250,396 ,87 ,0 ,0 ,0 ,803 ,63 ,38 ,46 ,23 ,1456 ,5.40 ,2 ,387 ,ขท.นครสวรรค์ที่ 2 (ตากฟ้า),นครสวรรค์
3477,102,เกาะเรียน - อยุธยา,13+800,3358 ,2686 ,1336 ,1219 ,1295 ,3152 ,1623 ,1523 ,1074 ,899 ,18165 ,41.50 ,290 ,2237 ,ขท.อยุธยา,พระนครศรีอยุธยา
3479,100,ทับพริก - เขาตาง๊อก,11+020,437 ,296 ,0 ,0 ,0 ,301 ,218 ,179 ,86 ,37 ,1554 ,31.27 ,40 ,317 ,ขท.สระแก้ว (วัฒนานคร),สระแก้ว
3480,100,ปลักประดู่ - ถ้ำธารลอด,5+000,1404 ,792 ,0 ,0 ,0 ,790 ,155 ,55 ,17 ,3 ,3216 ,7.65 ,37 ,679 ,ขท.สุพรรณบุรีที่ 2 (อู่ทอง),สุพรรณบุรี
3481,100,คลองหลวงแพ่ง - ศาลาแดง,0+500,5526 ,1297 ,590 ,7 ,114 ,6658 ,646 ,332 ,164 ,257 ,15591 ,8.31 ,0 ,1503 ,ขท.กรุงเทพ,กรุงเทพมหานคร
3481,300,บางขนาก - ปราจีนบุรี,35+925,1390 ,926 ,76 ,127 ,35 ,346 ,531 ,491 ,312 ,502 ,4736 ,38.41 ,44 ,956 ,ขท.ปราจีนบุรี,ปราจีนบุรี
3481,300,บางขนาก - ปราจีนบุรี,47+970,1769 ,1760 ,122 ,119 ,58 ,369 ,262 ,310 ,320 ,147 ,5236 ,16.96 ,35 ,979 ,ขท.ปราจีนบุรี,ปราจีนบุรี
3486,102,โคคลาน - ใหม่ไทยถาวร,8+000,4915 ,2086 ,177 ,185 ,189 ,2151 ,567 ,541 ,800 ,800 ,12411 ,23.86 ,0 ,1291 ,ขท.สระแก้ว (วัฒนานคร),สระแก้ว
3487,100,วัดป่าเลไลยก์ - โพธิ์พระยา,0+500,1050 ,264 ,0 ,2 ,0 ,1290 ,76 ,30 ,9 ,3 ,2724 ,5.08 ,8 ,1131 ,ขท.สุพรรณบุรีที่ 1,สุพรรณบุรี
3488,100,หนองโสน - หนองมะสังข์,0+400,509 ,222 ,10 ,4 ,5 ,2473 ,152 ,102 ,110 ,48 ,3635 ,10.86 ,3 ,1231 ,ขท.สุพรรณบุรีที่ 2 (อู่ทอง),กาญจนบุรี
3492,100,ท่าม่วง - หนองตากยา,0+943,1932 ,685 ,64 ,3 ,6 ,1878 ,154 ,221 ,172 ,124 ,5239 ,13.85 ,4 ,1545 ,ขท.กาญจนบุรี,กาญจนบุรี
3492,100,ท่าม่วง - หนองตากยา,23+100,2089 ,95 ,43 ,4 ,1 ,33 ,46 ,131 ,56 ,69 ,2567 ,12.34 ,15 ,930 ,ขท.กาญจนบุรี,กาญจนบุรี
3493,100,คลองทราย - จันทบุรี,0+500,8411 ,3859 ,143 ,90 ,35 ,10052 ,3538 ,2454 ,21 ,13 ,28616 ,21.17 ,45 ,7332 ,ขท.จันทบุรี,จันทบุรี
3494,100,ท่าประดู่ - ฉางเกลือ,3+800,1024 ,389 ,0 ,0 ,0 ,1833 ,40 ,32 ,20 ,12 ,3350 ,3.08 ,0 ,931 ,ขท.ตราด,ตราด
3496,100,ดอนเจดีย์ - ปากดง,15+000,1481 ,838 ,21 ,3 ,0 ,2097 ,226 ,189 ,331 ,186 ,5372 ,17.29 ,6 ,670 ,ขท.สุพรรณบุรีที่ 1,สุพรรณบุรี
3497,100,ช้างแรก - บางสะพานน้อย,7+900,2597 ,1354 ,26 ,11 ,9 ,1800 ,86 ,68 ,8 ,38 ,5997 ,3.26 ,14 ,2293 ,ขท.ประจวบคีรีขันธ์ (หัวหิน),ประจวบคีรีขันธ์
3499,101,เขื่อนเพชร - วังไคร้,2+050,2480 ,1849 ,718 ,485 ,492 ,1823 ,1264 ,728 ,0 ,0 ,9839 ,29.20 ,52 ,3474 ,ขท.เพชรบุรี,เพชรบุรี
3499,102,วังไคร้ - เขื่อนแก่งกระจาน,16+100,4902 ,1021 ,595 ,347 ,180 ,1114 ,404 ,222 ,0 ,0 ,8785 ,13.41 ,26 ,1385 ,ขท.เพชรบุรี,เพชรบุรี
3500,100,หนองบัว - ลาดหญ้า,1+000,936 ,854 ,5 ,0 ,1 ,919 ,123 ,87 ,36 ,5 ,2966 ,6.37 ,6 ,1046 ,ขท.กาญจนบุรี,กาญจนบุรี
3501,100,อ่างทอง - บางหลวงโดด,12+000,1457 ,279 ,34 ,4 ,27 ,608 ,87 ,46 ,51 ,43 ,2636 ,9.29 ,32 ,1373 ,ขท.อ่างทอง,อ่างทอง
3502,100,ดอนไร่ - อ่างเก็บน้ำกระเสียว,1+000,666 ,348 ,1 ,0 ,0 ,848 ,84 ,75 ,75 ,23 ,2120 ,10.58 ,3 ,527 ,ขท.สุพรรณบุรีที่ 1,สุพรรณบุรี
3502,100,ดอนไร่ - อ่างเก็บน้ำกระเสียว,37+678,4567 ,978 ,17 ,27 ,2 ,4588 ,179 ,88 ,80 ,101 ,10627 ,4.20 ,13 ,4477 ,ขท.สุพรรณบุรีที่ 1,สุพรรณบุรี
3504,100,คลองข่อย - ห้วยน้ำดัง,0+500,734 ,342 ,10 ,5 ,10 ,814 ,163 ,151 ,121 ,119 ,2469 ,22.09 ,7 ,760 ,ขท.อุทัยธานี,อุทัยธานี
3504,200,ห้วยน้ำดัง - เขาชนกัน,18+412,1570 ,1589 ,16 ,16 ,11 ,963 ,607 ,589 ,514 ,492 ,6367 ,38.80 ,19 ,1684 ,ขท.นครสวรรค์ที่ 1,นครสวรรค์
3505,100,หางตลาด - ศรีสำราญ,2+500,335 ,57 ,1 ,3 ,2 ,717 ,178 ,70 ,39 ,15 ,1417 ,20.50 ,5 ,951 ,ขท.สุพรรณบุรีที่ 2 (อู่ทอง),สุพรรณบุรี
3507,100,วัดพระศรีรัตนมหาธาตุ - บ้านกล้วย,0+000,1456 ,421 ,26 ,14 ,3 ,1559 ,114 ,10 ,1 ,0 ,3604 ,3.31 ,15 ,1693 ,ขท.สุพรรณบุรีที่ 1,สุพรรณบุรี
3508,100,ถนนชุมชนท้องถิ่นเลียบทางรถไฟสายเหนือ,4+100,13254 ,5470 ,532 ,521 ,495 ,2370 ,573 ,470 ,372 ,324 ,24381 ,11.20 ,66 ,1172 ,ขท.ปทุมธานี,ปทุมธานี
3510,200,หนองหญ้าปล้อง - ยางชุม,34+000,5480 ,827 ,22 ,0 ,4 ,950 ,364 ,65 ,9 ,13 ,7734 ,7.27 ,20 ,1641 ,ขท.เพชรบุรี,เพชรบุรี
3510,200,หนองหญ้าปล้อง - ยางชุม,46+000,5720 ,652 ,63 ,0 ,2 ,778 ,207 ,119 ,16 ,0 ,7557 ,5.52 ,20 ,1279 ,ขท.เพชรบุรี,เพชรบุรี
3511,100,แสนสุข - จารย์จู,13+200,489 ,138 ,0 ,0 ,0 ,722 ,348 ,246 ,214 ,188 ,2345 ,40.89 ,432 ,718 ,ขท.สระแก้ว (วัฒนานคร),สระแก้ว
3520,100,ไผ่ต่ำ - หนองแค,1+155,1341 ,1192 ,32 ,22 ,36 ,1759 ,49 ,39 ,46 ,38 ,4554 ,4.46 ,25 ,1129 ,ขท.สระบุรี,สระบุรี
3522,100,เนินฝอยทอง - ทุ่งผักเบี้ย,2+100,4163 ,549 ,68 ,54 ,54 ,930 ,110 ,119 ,118 ,57 ,6222 ,7.72 ,47 ,5735 ,ขท.นครสวรรค์ที่ 1,นครสวรรค์
3523,100,ทางเข้านครสวรรค์,0+500,15528 ,10028 ,512 ,77 ,89 ,2068 ,945 ,717 ,518 ,67 ,30549 ,8.09 ,4 ,11155 ,ขท.นครสวรรค์ที่ 1,นครสวรรค์
3524,100,นครปฐม - ลาดปลาเค้า,0+170,9240 ,7969 ,2154 ,2143 ,2260 ,11937 ,7703 ,7995 ,5860 ,3667 ,60928 ,47.72 ,0 ,8508 ,ขท.นครปฐม,นครปฐม
3525,100,สามแยกกระจับ - หนองโพ,0+120,5184 ,3969 ,903 ,699 ,753 ,7626 ,1246 ,1351 ,730 ,653 ,23114 ,23.97 ,0 ,4882 ,ขท.ราชบุรี,ราชบุรี
3527,100,ด่านโง - หนองปืนแตก,0+500,717 ,535 ,0 ,0 ,0 ,969 ,410 ,324 ,0 ,0 ,2955 ,25.70 ,37 ,885 ,ขท.เพชรบุรี,เพชรบุรี
3528,100,ทางเข้าเมืองเพชรบุรี,0+000,2756 ,1926 ,5 ,2 ,3 ,2314 ,18 ,6 ,4 ,0 ,7034 ,0.44 ,27 ,3523 ,ขท.เพชรบุรี,เพชรบุรี
3531,100,แยกสารพัดช่าง - ถนนวงแหวนรอบเมืองสุพรรณบุรี,0+605,8176 ,7967 ,46 ,44 ,22 ,4339 ,81 ,35 ,11 ,1 ,20722 ,0.93 ,10 ,5362 ,ขท.สุพรรณบุรีที่ 1,สุพรรณบุรี
3533,100,บางปลาหมอ - ถนนวงแหวนรอบเมืองสุพรรณบุรี,0+050,923 ,92 ,41 ,2 ,0 ,627 ,22 ,2 ,0 ,1 ,1710 ,1.45 ,25 ,1299 ,ขท.สุพรรณบุรีที่ 1,สุพรรณบุรี
3546,100,ท่าหลวง - ตลาดมะขาม,0+527,2625 ,944 ,11 ,0 ,5 ,6982 ,343 ,139 ,52 ,105 ,11206 ,5.61 ,4 ,2596 ,ขท.จันทบุรี,จันทบุรี
3548,101,ท่ามะกา - เทศบาลตำบลท่าม่วง,0+284,2789 ,473 ,73 ,71 ,38 ,3273 ,81 ,46 ,64 ,37 ,6945 ,5.25 ,6 ,1796 ,ขท.กาญจนบุรี,กาญจนบุรี
3548,101,ท่ามะกา - เทศบาลตำบลท่าม่วง,11+586,2967 ,2596 ,97 ,42 ,40 ,1875 ,167 ,112 ,73 ,37 ,8006 ,4.40 ,16 ,2209 ,ขท.กาญจนบุรี,กาญจนบุรี
3549,100,ทางเข้าสังขละบุรี,0+702,1643 ,294 ,52 ,27 ,11 ,1042 ,71 ,119 ,8 ,1 ,3268 ,6.97 ,0 ,2296 ,ขท.กาญจนบุรี,กาญจนบุรี
3551,100,หนองปลาตะเพียน - หัวสำโรง,6+990,8732 ,2029 ,523 ,0 ,540 ,2345 ,2631 ,1983 ,1733 ,1594 ,22110 ,38.97 ,19 ,1722 ,ขท.ฉะเชิงเทรา,ฉะเชิงเทรา
3558,100,แยกวัดลาวทอง - วังยาง,2+274,961 ,184 ,27 ,3 ,0 ,1170 ,21 ,4 ,1 ,2 ,2373 ,1.20 ,10 ,916 ,ขท.สุพรรณบุรีที่ 1,สุพรรณบุรี
3562,100,ลพบุรี - ป่าหวาย,3+000,4285 ,2035 ,94 ,76 ,34 ,262 ,374 ,149 ,39 ,57 ,7405 ,9.86 ,32 ,2905 ,ขท.ลพบุรีที่ 1,ลพบุรี
3564,100,พัฒนานิคม - แก่งเสือเต้น,2+000,1109 ,1036 ,114 ,59 ,55 ,143 ,210 ,222 ,93 ,102 ,3143 ,22.20 ,41 ,850 ,ขท.ลพบุรีที่ 1,ลพบุรี
3566,100,โพนทอง - ขอนชะโงก,0+200,1555 ,1449 ,44 ,52 ,34 ,1843 ,101 ,106 ,104 ,66 ,5354 ,8.88 ,39 ,1296 ,ขท.สระบุรี,สระบุรี
3569,100,ค่ายสุรสีห์ - กองพลทหารราบที่9,0+100,889 ,538 ,33 ,3 ,22 ,418 ,72 ,13 ,0 ,0 ,1988 ,7.20 ,15 ,894 ,ขท.กาญจนบุรี,กาญจนบุรี
3570,100,ท่าพะเนียด - ค่ายสุรสีห์,7+700,1176 ,1133 ,57 ,33 ,35 ,790 ,122 ,44 ,12 ,8 ,3410 ,6.24 ,49 ,958 ,ขท.กาญจนบุรี,กาญจนบุรี
3573,100,อนุสาวรีย์ร.6 - สถานีรถไฟแสมสาร,1+200,4649 ,3748 ,111 ,164 ,73 ,610 ,161 ,41 ,13 ,2 ,9572 ,4.67 ,19 ,1539 ,ขท.ชลบุรีที่ 2,ชลบุรี
3574,100,มาบปู - เขาคันทรง,4+418,6300 ,2725 ,403 ,207 ,167 ,7908 ,3948 ,1605 ,1046 ,1066 ,25375 ,25.74 ,13 ,2577 ,ขท.ชลบุรีที่ 2,ชลบุรี
3574,201,เขาคันทรง - บ้านค่าย,33+818,4391 ,4331 ,8 ,15 ,45 ,4458 ,1841 ,2048 ,3849 ,1936 ,22922 ,43.37 ,57 ,1760 ,ขท.ระยอง,ระยอง
3574,202,บ้านค่าย - ระยอง,52+818,9148 ,2981 ,444 ,86 ,108 ,10109 ,421 ,407 ,268 ,236 ,24208 ,5.92 ,32 ,4235 ,ขท.ระยอง,ระยอง
3575,100,ทางเข้าบ้านค่าย,1+000,3603 ,2040 ,90 ,0 ,13 ,4711 ,127 ,98 ,17 ,30 ,10729 ,3.05 ,1 ,2897 ,ขท.ระยอง,ระยอง
3578,100,ทางรอบอ่างเก็บน้ำหนองปลาไหล,0+500,2336 ,504 ,19 ,17 ,18 ,2296 ,332 ,204 ,260 ,222 ,6208 ,18.83 ,2 ,1199 ,ขท.ระยอง,ระยอง
3579,100,ทุ่งนานางหรอก - ลาดหญ้า,1+000,541 ,495 ,10 ,0 ,3 ,678 ,139 ,126 ,124 ,37 ,2153 ,22.61 ,0 ,543 ,ขท.กาญจนบุรี,กาญจนบุรี
3580,100,แสนตอ - เขาช่อง,2+900,794 ,324 ,8 ,0 ,4 ,1048 ,128 ,220 ,162 ,93 ,2781 ,19.57 ,2 ,829 ,ขท.กาญจนบุรี,กาญจนบุรี
3582,100,วังปลาหมู - วังลาน,1+750,1295 ,311 ,4 ,8 ,0 ,1358 ,59 ,47 ,34 ,14 ,3130 ,5.26 ,2 ,1289 ,ขท.กาญจนบุรี,กาญจนบุรี
3587,100,บ้านถ้ำ - ยางระโหง,3+000,788 ,460 ,9 ,4 ,6 ,1840 ,13 ,10 ,7 ,7 ,3144 ,1.44 ,4 ,2840 ,ขท.จันทบุรี,จันทบุรี
3590,100,ท่าซุง - ท่าน้ำมโนรมย์,0+500,2261 ,1517 ,42 ,36 ,18 ,2302 ,170 ,88 ,67 ,62 ,6563 ,7.76 ,14 ,1297 ,ขท.อุทัยธานี,อุทัยธานี
3591,100,เชียงรากน้อย - วัดเชียงรากน้อย,0+300,2499 ,7453 ,598 ,578 ,578 ,4853 ,5644 ,5853 ,4947 ,1736 ,34739 ,54.71 ,0 ,3264 ,ขท.ปทุมธานี,ปทุมธานี
3592,100,ทางเข้านิมิตรใหม่,1+401,10627 ,2866 ,721 ,316 ,369 ,9965 ,975 ,900 ,1000 ,992 ,28731 ,16.71 ,206 ,5286 ,ขท.นครนายก,ปทุมธานี
3593,100,ท่าดินเหนียว - เสาธง,0+200,2612 ,796 ,4 ,5 ,4 ,2252 ,85 ,17 ,21 ,6 ,5802 ,3.09 ,14 ,2764 ,ขท.สุพรรณบุรีที่ 1,สุพรรณบุรี
3595,100,วังโพธิ์ - ลุ่มสุ่ม,0+575,124 ,51 ,7 ,0 ,0 ,184 ,1 ,0 ,0 ,0 ,367 ,0.00 ,0 ,105 ,ขท.กาญจนบุรี,กาญจนบุรี
3596,100,ทองหลาง - ทรายมูล,1+000,1563 ,1385 ,44 ,43 ,38 ,2362 ,237 ,219 ,32 ,20 ,5943 ,10.11 ,35 ,1424 ,ขท.นครนายก,นครนายก
3608,100,ทางต่างระดับหนองขาม - ท่าเรือแหลมฉบัง(ทางบริการด้านซ้ายทาง),2+300,5865 ,1900 ,16 ,12 ,29 ,5555 ,771 ,618 ,657 ,1056 ,16479 ,0.00 ,8 ,989 ,ขท.ชลบุรีที่ 2,ชลบุรี
3611,100,ทางต่างระดับหนองขาม - ท่าเรือแหลมฉบัง(ทางบริการด้านขวาทาง),2+300,5755 ,2048 ,13 ,13 ,73 ,5319 ,730 ,556 ,749 ,898 ,16154 ,18.69 ,4 ,1139 ,ขท.ชลบุรีที่ 2,ชลบุรี
3619,100,อ่างเก็บน้ำห้วยผาก - ยางชุม,0+470,53 ,45 ,0 ,0 ,0 ,0 ,3 ,0 ,0 ,0 ,101 ,0.00 ,11 ,140 ,ขท.เพชรบุรี,เพชรบุรี
3647,100,ทางเข้าชุมชนต้นมะม่วง,0+400,6790 ,4446 ,51 ,56 ,10 ,4951 ,111 ,27 ,42 ,12 ,16496 ,1.35 ,31 ,5897 ,ขท.เพชรบุรี,เพชรบุรี
3648,100,ทางเลี่ยงเมืองแกลง,8+450,7294 ,2501 ,21 ,19 ,25 ,7940 ,1498 ,1182 ,905 ,570 ,21955 ,19.82 ,35 ,1427 ,ขท.ระยอง,ระยอง
3649,200,คุ้งยอ - ห้วยขื่อ,11+465,5909 ,5303 ,23 ,24 ,43 ,3521 ,2129 ,1433 ,1640 ,1208 ,21233 ,29.94 ,13 ,2994 ,ขท.ปราจีนบุรี,ปราจีนบุรี
3701,501,ทางต่างระดับคีรี - ทางต่างระดับมาบประชัน(รวมทางต่างระดับมาบประชัน - พัทยา),2+300,3804 ,1633 ,29 ,46 ,56 ,2017 ,305 ,268 ,185 ,21 ,8364 ,0.00 ,12 ,1306 ,ขท.ชลบุรีที่ 2,ชลบุรี
3701,501,ทางต่างระดับคีรี - ทางต่างระดับมาบประชัน(รวมทางต่างระดับมาบประชัน - พัทยา),95+721,4596 ,3663 ,57 ,139 ,159 ,3383 ,2453 ,2284 ,2146 ,2219 ,21099 ,0.00 ,1 ,1269 ,ขท.ชลบุรีที่ 2,ชลบุรี
3701,501,ทางต่างระดับคีรี - ทางต่างระดับมาบประชัน(รวมทางต่างระดับมาบประชัน - พัทยา),107+394,3330 ,2077 ,25 ,96 ,49 ,2876 ,1493 ,1276 ,898 ,2068 ,14188 ,0.00 ,5 ,848 ,ขท.ชลบุรีที่ 2,ชลบุรี
3702,501,ทางต่างระดับคีรี - ทางต่างระดับมาบประชัน(รวมทางต่างระดับมาบประชัน - พัทยา),2+300,3981 ,1629 ,95 ,101 ,92 ,2277 ,263 ,353 ,154 ,18 ,8963 ,10.95 ,12 ,1472 ,ขท.ชลบุรีที่ 2,ชลบุรี
3702,501,ทางต่างระดับคีรี - ทางต่างระดับมาบประชัน(รวมทางต่างระดับมาบประชัน - พัทยา),95+721,4425 ,3425 ,54 ,132 ,151 ,3272 ,2511 ,2151 ,2338 ,2129 ,20588 ,45.72 ,1 ,1316 ,ขท.ชลบุรีที่ 2,ชลบุรี
3702,501,ทางต่างระดับคีรี - ทางต่างระดับมาบประชัน(รวมทางต่างระดับมาบประชัน - พัทยา),107+394,3207 ,1785 ,57 ,105 ,62 ,2753 ,868 ,646 ,499 ,730 ,10712 ,27.17 ,7 ,1152 ,ขท.ชลบุรีที่ 2,ชลบุรี
3901,102,บางแค - คลองมหาสวัสดิ์,20+430,19896 ,10658 ,432 ,157 ,139 ,8727 ,660 ,470 ,91 ,98 ,41328 ,0.00 ,0 ,10664 ,ขท.ธนบุรี,กรุงเทพมหานคร
3901,201,คลองมหาสวัสดิ์ - คลองบางไผ่,35+322,36799 ,11409 ,2062 ,152 ,1113 ,13980 ,1474 ,1133 ,28 ,11 ,68161 ,0.00 ,7 ,8814 ,ขท.นนทบุรี,นนทบุรี
3901,201,คลองมหาสวัสดิ์ - คลองบางไผ่,39+528,41287 ,9801 ,2002 ,0 ,1172 ,14137 ,1369 ,1452 ,23 ,0 ,71243 ,0.00 ,8 ,6303 ,ขท.นนทบุรี,นนทบุรี
3901,202,คลองบางไผ่ - คลองบางหลวง,46+472,40078 ,11680 ,4411 ,0 ,3252 ,6133 ,2302 ,2073 ,0 ,0 ,69929 ,0.00 ,20 ,13029 ,ขท.นนทบุรี,นนทบุรี
3901,400,คลองซอย26 - คลองระพีพัฒน์,0+550,1123 ,1003 ,339 ,186 ,41 ,875 ,724 ,693 ,666 ,585 ,6235 ,48.27 ,25 ,844 ,ขท.อยุธยา,พระนครศรีอยุธยา
3901,500,คลองระพีพัฒน์ - บึงคำพร้อย,14+300,5123 ,5068 ,5 ,2 ,2 ,6 ,7 ,185 ,35 ,22 ,10455 ,0.00 ,0 ,355 ,ขท.ปทุมธานี,ปทุมธานี
3901,500,คลองระพีพัฒน์ - บึงคำพร้อย,25+000,5902 ,6268 ,652 ,541 ,439 ,3003 ,1227 ,903 ,113 ,70 ,19118 ,13.74 ,0 ,1360 ,ขท.ปทุมธานี,ปทุมธานี
3902,102,บางแค - คลองมหาสวัสดิ์,20+430,20796 ,6558 ,180 ,132 ,126 ,9527 ,394 ,252 ,84 ,57 ,38106 ,2.74 ,0 ,10450 ,ขท.ธนบุรี,กรุงเทพมหานคร
3902,201,คลองมหาสวัสดิ์ - คลองบางไผ่,35+322,47670 ,12746 ,2621 ,0 ,1372 ,15442 ,1903 ,1750 ,33 ,16 ,83553 ,6.07 ,4 ,6145 ,ขท.นนทบุรี,นนทบุรี
3902,201,คลองมหาสวัสดิ์ - คลองบางไผ่,39+528,41779 ,14575 ,2284 ,0 ,1460 ,16091 ,4849 ,2233 ,76 ,472 ,83819 ,10.85 ,5 ,8232 ,ขท.นนทบุรี,นนทบุรี
3902,202,คลองบางไผ่ - คลองบางหลวง,46+472,48082 ,17359 ,5456 ,0 ,4874 ,10330 ,5202 ,4615 ,0 ,0 ,95918 ,15.32 ,46 ,18706 ,ขท.นนทบุรี,นนทบุรี
3902,400,คลองซอย26 - คลองระพีพัฒน์,0+550,1261 ,1162 ,92 ,85 ,58 ,1007 ,860 ,649 ,437 ,426 ,6037 ,40.52 ,51 ,911 ,ขท.อยุธยา,พระนครศรีอยุธยา
3902,500,คลองระพีพัฒน์ - บึงคำพร้อย,14+300,3221 ,2985 ,279 ,702 ,740 ,1988 ,1307 ,1183 ,1311 ,25 ,13741 ,38.34 ,0 ,316 ,ขท.ปทุมธานี,ปทุมธานี
3902,500,คลองระพีพัฒน์ - บึงคำพร้อย,25+000,5893 ,5625 ,719 ,6 ,6 ,2949 ,852 ,494 ,25 ,19 ,16588 ,7.27 ,0 ,818 ,ขท.ปทุมธานี,ปทุมธานี
4001,100,แยกโพธารส - ท่ายาง,5+500,4775 ,552 ,55 ,11 ,26 ,5053 ,368 ,203 ,32 ,26 ,11101 ,6.22 ,40 ,4427 ,ขท.ชุมพร,ชุมพร
4002,100,หลังสวน - ปากน้ำหลังสวน,0+533,2247 ,1202 ,7 ,0 ,1 ,877 ,64 ,10 ,3 ,3 ,4414 ,2.24 ,46 ,1201 ,ขท.ชุมพร,ชุมพร
4003,100,สวี - บ่อคา,3+850,2785 ,672 ,30 ,0 ,0 ,3229 ,254 ,188 ,13 ,0 ,7171 ,5.99 ,18 ,1981 ,ขท.ชุมพร,ชุมพร
4006,100,ราชกรูด - วังตะกอ,2+500,750 ,90 ,7 ,6 ,6 ,1148 ,156 ,166 ,61 ,28 ,2418 ,17.94 ,4 ,559 ,ขท.ระนอง,ระนอง
4006,100,ราชกรูด - วังตะกอ,29+000,879 ,69 ,20 ,16 ,9 ,3040 ,128 ,99 ,40 ,36 ,4336 ,8.08 ,5 ,1147 ,ขท.ระนอง,ชุมพร
4008,100,เทศบาลเมืองท่าข้าม - กิโลศูนย์,1+297,7734 ,7627 ,176 ,173 ,148 ,8076 ,659 ,587 ,279 ,231 ,25690 ,8.53 ,17 ,5194 ,ขท.สุราษฎร์ธานีที่ 1 ,สุราษฎร์ธานี
4009,101,บางใหญ่ - ซอยสิบ,18+000,4223 ,858 ,62 ,24 ,7 ,5701 ,195 ,167 ,304 ,133 ,11674 ,7.43 ,10 ,1636 ,ขท.สุราษฎร์ธานีที่ 2 (กาญจนดิษฐ์),สุราษฎร์ธานี
4009,201,นาสาร - เวียงสระ,61+000,6719 ,6457 ,0 ,0 ,233 ,3361 ,2929 ,2666 ,2327 ,2197 ,26889 ,35.53 ,0 ,4928 ,ขท.สุราษฎร์ธานีที่ 3 (เวียงสระ),สุราษฎร์ธานี
4009,202,เวียงสระ - บางสวรรค์,83+175,6315 ,5196 ,1030 ,964 ,839 ,2195 ,2651 ,1903 ,1850 ,1222 ,24165 ,36.08 ,0 ,3884 ,ขท.สุราษฎร์ธานีที่ 3 (เวียงสระ),สุราษฎร์ธานี
4009,202,เวียงสระ - บางสวรรค์,93+469,4003 ,3723 ,719 ,658 ,642 ,1694 ,1035 ,999 ,1294 ,629 ,15396 ,32.82 ,0 ,2895 ,ขท.สุราษฎร์ธานีที่ 3 (เวียงสระ),สุราษฎร์ธานี
4009,300,บางหล่อ - อ่าวลึก,131+937,2982 ,2842 ,125 ,115 ,133 ,2988 ,668 ,626 ,591 ,525 ,11595 ,21.26 ,65 ,2513 ,ขท.พังงา,กระบี่
4009,300,บางหล่อ - อ่าวลึก,143+237,2782 ,2616 ,49 ,42 ,95 ,2726 ,421 ,343 ,292 ,255 ,9621 ,14.31 ,31 ,2113 ,ขท.พังงา,กระบี่
4010,100,หนองสวน - คำสน,4+000,846 ,483 ,49 ,0 ,3 ,2050 ,115 ,74 ,67 ,26 ,3713 ,7.74 ,4 ,1108 ,ขท.สุราษฎร์ธานีที่ 2 (กาญจนดิษฐ์),สุราษฎร์ธานี
4011,100,เชิงสมอ - พุมเรียง,4+800,2187 ,1357 ,38 ,34 ,0 ,1115 ,336 ,143 ,41 ,21 ,5272 ,12.66 ,1 ,1579 ,ขท.สุราษฎร์ธานีที่ 1 ,สุราษฎร์ธานี
4012,100,หัวไทร - แพรกเมือง,3+000,2324 ,2184 ,18 ,18 ,15 ,1710 ,102 ,57 ,20 ,0 ,6448 ,3.27 ,23 ,1812 ,ขท.นครศรีธรรมราชที่ 1,นครศรีธรรมราช
4013,101,นครศรีธรรมราช - ปากพนัง,15+000,3563 ,3254 ,18 ,18 ,18 ,1396 ,771 ,457 ,209 ,144 ,9848 ,16.20 ,39 ,2014 ,ขท.นครศรีธรรมราชที่ 1,นครศรีธรรมราช
4013,101,นครศรีธรรมราช - ปากพนัง,26+782,2786 ,2619 ,32 ,20 ,30 ,1553 ,690 ,217 ,120 ,34 ,8101 ,14.51 ,46 ,1971 ,ขท.นครศรีธรรมราชที่ 1,นครศรีธรรมราช
4013,102,ปากพนัง - หัวไทร,61+463,1589 ,1243 ,28 ,20 ,13 ,2075 ,211 ,157 ,36 ,20 ,5392 ,8.31 ,37 ,1983 ,ขท.นครศรีธรรมราชที่ 1,นครศรีธรรมราช
4014,100,คลองเหลง - ขนอม,2+600,1759 ,1395 ,14 ,115 ,35 ,680 ,468 ,288 ,198 ,62 ,5014 ,23.28 ,4 ,936 ,ขท.นครศรีธรรมราชที่ 1,นครศรีธรรมราช
4015,100,บ้านตาล - เขาธง,0+500,6545 ,6074 ,1139 ,474 ,107 ,3764 ,2055 ,1063 ,497 ,194 ,21912 ,19.67 ,47 ,3853 ,ขท.นครศรีธรรมราชที่ 1,นครศรีธรรมราช
4015,100,บ้านตาล - เขาธง,21+000,5357 ,4871 ,1069 ,45 ,43 ,2271 ,1220 ,677 ,393 ,138 ,16084 ,15.68 ,48 ,4488 ,ขท.นครศรีธรรมราชที่ 1,นครศรีธรรมราช
4015,201,เขาธง - ฉวาง,38+000,3679 ,3684 ,163 ,158 ,47 ,3510 ,335 ,213 ,135 ,75 ,11999 ,3.39 ,8 ,2543 ,ขท.นครศรีธรรมราชที่ 2 (ทุ่งสง),นครศรีธรรมราช
4015,202,ฉวาง - ห้วยปริก,61+645,2016 ,2049 ,41 ,32 ,8 ,1372 ,316 ,260 ,154 ,154 ,6402 ,14.78 ,44 ,1869 ,ขท.นครศรีธรรมราชที่ 2 (ทุ่งสง),นครศรีธรรมราช
4015,300,ห้วยปริก - บ้านส้อง,91+837,3569 ,3640 ,0 ,0 ,0 ,3811 ,571 ,490 ,395 ,404 ,12880 ,12.72 ,0 ,2898 ,ขท.สุราษฎร์ธานีที่ 3 (เวียงสระ),สุราษฎร์ธานี
4016,101,นครศรีธรรมราช - พรหมคีรี,8+200,8731 ,8046 ,4453 ,131 ,113 ,4694 ,1226 ,834 ,695 ,301 ,29224 ,11.83 ,54 ,9532 ,ขท.นครศรีธรรมราชที่ 1,นครศรีธรรมราช
4016,101,นครศรีธรรมราช - พรหมคีรี,11+500,6387 ,5742 ,471 ,13 ,9 ,3674 ,1063 ,592 ,326 ,127 ,18404 ,11.57 ,42 ,4217 ,ขท.นครศรีธรรมราชที่ 1,นครศรีธรรมราช
4016,102,พรหมคีรี - นบพิตำ,24+600,1671 ,931 ,255 ,98 ,46 ,596 ,309 ,486 ,351 ,163 ,4906 ,31.36 ,15 ,1373 ,ขท.นครศรีธรรมราชที่ 1,นครศรีธรรมราช
4016,102,พรหมคีรี - นบพิตำ,27+300,1639 ,913 ,230 ,67 ,27 ,591 ,265 ,475 ,366 ,167 ,4740 ,30.37 ,7 ,1382 ,ขท.นครศรีธรรมราชที่ 1,นครศรีธรรมราช
4016,102,พรหมคีรี - นบพิตำ,32+000,1995 ,1681 ,61 ,45 ,0 ,1942 ,549 ,144 ,91 ,59 ,6567 ,13.17 ,2 ,1714 ,ขท.นครศรีธรรมราชที่ 1,นครศรีธรรมราช
4018,100,ทุ่งโป๊ะ - ไม้เสียบ,4+400,1327 ,1006 ,33 ,2 ,5 ,1782 ,370 ,308 ,108 ,63 ,5004 ,17.79 ,18 ,1090 ,ขท.นครศรีธรรมราชที่ 2 (ทุ่งสง),นครศรีธรรมราช
4018,100,ทุ่งโป๊ะ - ไม้เสียบ,16+777,1515 ,1081 ,20 ,2 ,3 ,1891 ,329 ,295 ,82 ,49 ,5267 ,14.87 ,18 ,1202 ,ขท.นครศรีธรรมราชที่ 2 (ทุ่งสง),นครศรีธรรมราช
4018,200,ไม้เสียบ - หัวถนน,29+562,555 ,234 ,20 ,4 ,0 ,1829 ,47 ,25 ,2 ,1 ,2717 ,2.82 ,9 ,1956 ,ขท.พัทลุง,พัทลุง
4018,200,ไม้เสียบ - หัวถนน,42+272,660 ,377 ,10 ,2 ,1 ,347 ,127 ,87 ,3 ,0 ,1614 ,12.84 ,54 ,959 ,ขท.พัทลุง,พัทลุง
4019,100,ทุ่งใหญ่ - ช้างกลาง,6+300,1995 ,638 ,46 ,20 ,6 ,2605 ,276 ,211 ,135 ,60 ,5992 ,11.84 ,10 ,1121 ,ขท.นครศรีธรรมราชที่ 2 (ทุ่งสง),นครศรีธรรมราช
4020,100,เมืองภูเก็ต - กะทู้,1+112,13902 ,1779 ,428 ,199 ,270 ,7524 ,344 ,261 ,74 ,45 ,24826 ,4.53 ,11 ,9651 ,ขท.ภูเก็ต,ภูเก็ต
4021,100,เมืองภูเก็ต - ห้าแยกฉลอง,0+651,8948 ,5648 ,63 ,72 ,60 ,4784 ,72 ,35 ,29 ,16 ,19727 ,1.42 ,21 ,10447 ,ขท.ภูเก็ต,ภูเก็ต
4022,100,โรงเรียนวิชิตสงคราม - สนามสุรกุล,0+200,3666 ,359 ,44 ,13 ,8 ,2642 ,30 ,5 ,7 ,6 ,6780 ,1.10 ,11 ,2746 ,ขท.ภูเก็ต,ภูเก็ต
4023,100,เมืองภูเก็ต - แหลมพันวา,2+450,2418 ,2471 ,43 ,42 ,33 ,2058 ,44 ,33 ,21 ,19 ,7182 ,2.93 ,33 ,2436 ,ขท.ภูเก็ต,ภูเก็ต
4023,100,เมืองภูเก็ต - แหลมพันวา,6+800,3184 ,2877 ,43 ,35 ,28 ,2001 ,38 ,29 ,18 ,17 ,8270 ,1.93 ,44 ,2636 ,ขท.ภูเก็ต,ภูเก็ต
4024,101,บางคู - ตีนเขา,2+000,12602 ,4741 ,237 ,183 ,133 ,12505 ,298 ,240 ,173 ,103 ,31215 ,3.64 ,19 ,8391 ,ขท.ภูเก็ต,ภูเก็ต
4024,101,บางคู - ตีนเขา,11+037,23287 ,1313 ,166 ,62 ,57 ,17582 ,165 ,123 ,91 ,48 ,42894 ,1.34 ,11 ,16150 ,ขท.ภูเก็ต,ภูเก็ต
4024,102,ตีนเขา - หาดราไวย์,19+559,3408 ,3303 ,53 ,49 ,49 ,2051 ,35 ,27 ,19 ,14 ,9008 ,2.32 ,29 ,7439 ,ขท.ภูเก็ต,ภูเก็ต
4025,100,ท่าเรือ - เชิงทะเล,3+160,4802 ,4053 ,51 ,44 ,35 ,4023 ,48 ,28 ,20 ,14 ,13118 ,1.43 ,27 ,3642 ,ขท.ภูเก็ต,ภูเก็ต
4026,100,ทางเข้าสนามบินภูเก็ต,1+500,8813 ,2364 ,188 ,106 ,38 ,4072 ,101 ,66 ,51 ,32 ,15831 ,2.55 ,13 ,4111 ,ขท.ภูเก็ต,ภูเก็ต
4027,100,ท่าเรือ - เมืองใหม่,0+500,8699 ,975 ,165 ,153 ,77 ,10119 ,480 ,282 ,141 ,119 ,21210 ,5.39 ,34 ,8298 ,ขท.ภูเก็ต,ภูเก็ต
4028,100,ห้าแยกฉลอง - กะรน,0+500,3786 ,3456 ,46 ,38 ,21 ,3049 ,26 ,19 ,15 ,11 ,10467 ,1.23 ,19 ,5309 ,ขท.ภูเก็ต,ภูเก็ต
4029,100,กะทู้ - ป่าตอง,0+000,9075 ,5775 ,92 ,91 ,41 ,4067 ,33 ,20 ,16 ,8 ,19218 ,1.10 ,11 ,11405 ,ขท.ภูเก็ต,ภูเก็ต
4030,100,ถลาง - หาดราไวย์,1+000,3233 ,1960 ,63 ,42 ,41 ,2011 ,33 ,24 ,20 ,11 ,7438 ,2.28 ,30 ,4685 ,ขท.ภูเก็ต,ภูเก็ต
4030,100,ถลาง - หาดราไวย์,13+950,2646 ,1397 ,51 ,36 ,43 ,2017 ,34 ,19 ,19 ,10 ,6272 ,2.64 ,21 ,3763 ,ขท.ภูเก็ต,ภูเก็ต
4030,100,ถลาง - หาดราไวย์,17+050,2729 ,1454 ,66 ,54 ,54 ,2091 ,38 ,30 ,22 ,12 ,6550 ,3.26 ,18 ,3836 ,ขท.ภูเก็ต,ภูเก็ต
4030,100,ถลาง - หาดราไวย์,24+140,6107 ,5957 ,67 ,43 ,39 ,3846 ,40 ,28 ,17 ,13 ,16157 ,1.07 ,25 ,6285 ,ขท.ภูเก็ต,ภูเก็ต
4031,100,มุดดอกขาว - สนามบินภูเก็ต,1+200,3768 ,1964 ,141 ,65 ,81 ,3409 ,133 ,82 ,54 ,42 ,9739 ,4.57 ,13 ,3394 ,ขท.ภูเก็ต,ภูเก็ต
4031,100,มุดดอกขาว - สนามบินภูเก็ต,10+722,3038 ,1932 ,20 ,20 ,23 ,1916 ,82 ,76 ,15 ,15 ,7137 ,3.67 ,11 ,2175 ,ขท.ภูเก็ต,ภูเก็ต
4032,101,บางไทร - ตำตัว,1+000,1068 ,420 ,14 ,5 ,14 ,1714 ,97 ,37 ,24 ,12 ,3405 ,5.65 ,0 ,2780 ,ขท.ภูเก็ต,พังงา
4033,100,ในช่อง - ในไร่,3+000,1679 ,390 ,119 ,14 ,10 ,1434 ,100 ,61 ,70 ,28 ,3905 ,6.41 ,4 ,978 ,ขท.กระบี่,กระบี่
4034,100,ปากน้ำกระบี่ - เขาทอง,11+400,4462 ,3793 ,284 ,32 ,26 ,1841 ,116 ,56 ,27 ,23 ,10660 ,3.68 ,6 ,4954 ,ขท.กระบี่,กระบี่
4037,100,เหนือคลอง - สองแพรก,23+000,2526 ,1024 ,190 ,21 ,50 ,3000 ,274 ,289 ,338 ,229 ,7941 ,16.88 ,17 ,1693 ,ขท.กระบี่,กระบี่
4037,200,สองแพรก - ควนสว่าง,46+800,3510 ,3315 ,571 ,514 ,590 ,900 ,637 ,725 ,479 ,290 ,11531 ,28.53 ,0 ,3337 ,ขท.สุราษฎร์ธานีที่ 3 (เวียงสระ),สุราษฎร์ธานี
4038,100,คลองท่อม - ทุ่งใหญ่,5+000,1072 ,885 ,41 ,72 ,35 ,1627 ,160 ,138 ,157 ,140 ,4327 ,19.95 ,8 ,1046 ,ขท.กระบี่,กระบี่
4038,100,คลองท่อม - ทุ่งใหญ่,48+000,1484 ,1279 ,26 ,35 ,9 ,1469 ,88 ,83 ,91 ,51 ,4615 ,8.73 ,4 ,1141 ,ขท.กระบี่,นครศรีธรรมราช
4038,200,ทุ่งใหญ่ - วัดขนาน,55+683,692 ,169 ,39 ,7 ,11 ,1189 ,146 ,95 ,105 ,66 ,2519 ,15.09 ,18 ,573 ,ขท.นครศรีธรรมราชที่ 2 (ทุ่งสง),นครศรีธรรมราช
4041,100,บางผึ้ง - โคกยาง,2+000,257 ,152 ,12 ,5 ,3 ,460 ,34 ,21 ,8 ,3 ,955 ,7.20 ,1 ,375 ,ขท.กระบี่,กระบี่
4045,100,บางรัก - ควนขัน,2+665,6571 ,4181 ,102 ,104 ,97 ,8327 ,282 ,196 ,123 ,57 ,20040 ,4.71 ,19 ,7971 ,ขท.ตรัง,ตรัง
4046,101,ตรัง - สิเกา,9+479,5715 ,5194 ,3 ,19 ,17 ,7430 ,1106 ,841 ,758 ,686 ,21769 ,14.50 ,26 ,2845 ,ขท.ตรัง,ตรัง
4046,102,ถนนเลี่ยงเมืองสิเกา,32+879,3774 ,3221 ,0 ,9 ,0 ,4044 ,831 ,702 ,650 ,614 ,13845 ,18.85 ,0 ,2777 ,ขท.ตรัง,ตรัง
4046,200,สิเกา - ควนกุน,41+865,922 ,408 ,29 ,1 ,1 ,960 ,140 ,122 ,98 ,92 ,2773 ,16.47 ,1 ,800 ,ขท.กระบี่,ตรัง
4047,100,ลำปำ - พัทลุง,4+560,4001 ,3814 ,36 ,63 ,37 ,2492 ,82 ,56 ,3 ,0 ,10584 ,3.08 ,4 ,2777 ,ขท.พัทลุง,พัทลุง
4048,100,สี่แยกช่องโก - ทุ่งข่า,2+100,4665 ,4323 ,128 ,97 ,28 ,3653 ,52 ,27 ,10 ,7 ,12990 ,1.62 ,7 ,4977 ,ขท.พัทลุง,พัทลุง
4049,100,ห้วยทราย - ปากพะยูน,18+200,1109 ,197 ,33 ,1 ,0 ,2070 ,403 ,149 ,127 ,76 ,4165 ,17.61 ,9 ,1789 ,ขท.พัทลุง,พัทลุง
4051,100,นาลาน - เจ๊ะบิลัง,1+000,2224 ,1205 ,18 ,6 ,8 ,2318 ,73 ,20 ,8 ,4 ,5884 ,2.01 ,20 ,2437 ,ขท.สตูล,สตูล
4052,100,เขาขาว - ท่าเรือปากบารา,3+663,3239 ,2164 ,44 ,37 ,21 ,3288 ,143 ,80 ,37 ,8 ,9061 ,3.66 ,42 ,3401 ,ขท.สตูล,สตูล
4053,100,ควนเนียง - ปากบาง,2+300,1021 ,329 ,44 ,5 ,4 ,85 ,48 ,27 ,13 ,7 ,1583 ,5.83 ,0 ,1035 ,ขท.สตูล,สงขลา
4054,100,สะเดา - ปาดังเบซาร์,6+000,2114 ,1101 ,85 ,23 ,9 ,1950 ,254 ,240 ,217 ,694 ,6687 ,20.00 ,10 ,1842 ,ขท.สงขลาที่ 2 (นาหม่อม),สงขลา
4055,101,นราธิวาส - มะนังตายอ,4+892,2190 ,1773 ,26 ,10 ,8 ,1749 ,27 ,25 ,10 ,13 ,5831 ,1.47 ,75 ,1915 ,ขท.นราธิวาส,นราธิวาส
4055,102,มะนังตายอ - จือมอ,23+736,1922 ,1618 ,33 ,0 ,0 ,1744 ,303 ,298 ,41 ,38 ,5997 ,11.18 ,20 ,4205 ,ขท.นราธิวาส,นราธิวาส
4055,102,มะนังตายอ - จือมอ,34+536,1499 ,1309 ,24 ,0 ,0 ,1648 ,304 ,298 ,13 ,15 ,5110 ,11.79 ,21 ,3721 ,ขท.นราธิวาส,นราธิวาส
4055,103,จือมอ - สุคิริน,64+436,1506 ,1392 ,0 ,0 ,0 ,1676 ,0 ,0 ,0 ,0 ,4574 ,0.00 ,0 ,1368 ,ขท.นราธิวาส,นราธิวาส
4056,102,โคกสุมุ - บ้านโคก,6+633,4775 ,3020 ,21 ,0 ,0 ,2273 ,291 ,285 ,27 ,34 ,10726 ,5.94 ,19 ,4049 ,ขท.นราธิวาส,นราธิวาส
4056,103,บ้านโคก - สุไหงโก - ลก,42+400,3125 ,3297 ,0 ,0 ,0 ,3098 ,52 ,54 ,57 ,0 ,9683 ,1.63 ,39 ,5084 ,ขท.นราธิวาส,นราธิวาส
4056,103,บ้านโคก - สุไหงโก - ลก,52+880,8962 ,4784 ,48 ,30 ,21 ,5094 ,50 ,49 ,45 ,0 ,19083 ,1.00 ,40 ,13540 ,ขท.นราธิวาส,นราธิวาส
4057,100,สุไหงโก - ลก - บูเก๊ะตา(เขตแดนไทย/มาเลเซีย),1+677,2591 ,2549 ,0 ,0 ,0 ,2882 ,0 ,36 ,0 ,0 ,8058 ,0.43 ,35 ,4537 ,ขท.นราธิวาส,นราธิวาส
4057,100,สุไหงโก - ลก - บูเก๊ะตา(เขตแดนไทย/มาเลเซีย),16+377,2666 ,2659 ,0 ,0 ,0 ,2700 ,39 ,0 ,0 ,0 ,8064 ,0.50 ,37 ,4409 ,ขท.นราธิวาส,นราธิวาส
4058,101,ยี่งอ - มะรือโบ,4+011,2079 ,2129 ,166 ,0 ,0 ,1452 ,320 ,354 ,212 ,0 ,6712 ,12.62 ,154 ,1719 ,ขท.นราธิวาส,นราธิวาส
4058,102,มะรือโบ - รือเสาะ,27+546,938 ,603 ,9 ,4 ,4 ,555 ,15 ,10 ,6 ,3 ,2147 ,1.99 ,30 ,1053 ,ขท.นราธิวาส,นราธิวาส
4060,100,สายบุรี - กะรุบี,2+000,1282 ,259 ,72 ,44 ,31 ,962 ,79 ,65 ,34 ,21 ,2849 ,9.68 ,4 ,1144 ,ขท.ปัตตานี,ปัตตานี
4060,200,กะรุบี - ตะโล๊ะหะลอ,25+400,1300 ,1180 ,37 ,11 ,6 ,682 ,38 ,31 ,9 ,5 ,3299 ,3.22 ,0 ,2272 ,ขท.ยะลา,ยะลา
4060,300,ตะโล๊ะหะลอ - ศรีสาคร,34+050,930 ,576 ,17 ,7 ,9 ,439 ,17 ,12 ,3 ,2 ,2012 ,2.75 ,31 ,1051 ,ขท.นราธิวาส,นราธิวาส
4061,101,ยะรัง - สะกำ,3+200,1621 ,1582 ,7 ,7 ,4 ,8 ,9 ,6 ,2 ,0 ,3246 ,1.09 ,7 ,1582 ,ขท.ปัตตานี,ปัตตานี
4063,100,ปารามีแต - โกตาบารู,6+400,5078 ,4709 ,38 ,32 ,4 ,2573 ,1362 ,622 ,219 ,70 ,14707 ,17.24 ,24 ,4993 ,ขท.ยะลา,ยะลา
4065,100,บ้านเนียง - ยะหา,3+200,5278 ,756 ,32 ,18 ,17 ,4297 ,230 ,126 ,38 ,20 ,10812 ,4.60 ,3 ,4369 ,ขท.ยะลา,ยะลา
4066,100,โกตาบารู - บือเล็งใต้,5+472,3807 ,2229 ,16 ,3 ,4 ,1167 ,109 ,43 ,11 ,0 ,7389 ,3.68 ,8 ,2553 ,ขท.ยะลา,ยะลา
4066,100,โกตาบารู - บือเล็งใต้,11+486,1681 ,1294 ,0 ,0 ,0 ,770 ,391 ,244 ,118 ,75 ,4573 ,20.33 ,4 ,1882 ,ขท.ยะลา,ยะลา
4067,100,โกตาบารู - แบหอ,0+400,1927 ,1480 ,0 ,32 ,0 ,634 ,188 ,100 ,57 ,4 ,4422 ,8.46 ,1 ,2836 ,ขท.ยะลา,ยะลา
4068,100,ลำใหม่ - ลำพะยา,4+500,143 ,42 ,0 ,0 ,0 ,358 ,37 ,26 ,4 ,1 ,611 ,13.89 ,0 ,649 ,ขท.ยะลา,ยะลา
4070,100,ยะหา - บาละ,2+054,2838 ,1291 ,19 ,3 ,1 ,3314 ,144 ,53 ,18 ,14 ,7695 ,3.22 ,0 ,4558 ,ขท.ยะลา,ยะลา
4071,100,โกตาบารู - วังพญา,5+000,1008 ,869 ,4 ,2 ,0 ,628 ,178 ,80 ,38 ,20 ,2827 ,11.74 ,35 ,1285 ,ขท.ยะลา,ยะลา
4071,200,วังพญา - พิเทน,21+000,1503 ,1459 ,6 ,6 ,6 ,6 ,6 ,6 ,0 ,0 ,2998 ,0.66 ,5 ,1266 ,ขท.ปัตตานี,ปัตตานี
4074,100,กะลาพอ - ปากู,2+000,1006 ,409 ,69 ,8 ,0 ,415 ,77 ,58 ,10 ,0 ,2052 ,7.66 ,0 ,1010 ,ขท.ปัตตานี,ปัตตานี
4075,100,ตอหลัง - บ้านนอก,5+800,599 ,186 ,17 ,13 ,4 ,57 ,34 ,22 ,1 ,0 ,933 ,8.24 ,13 ,635 ,ขท.ปัตตานี,ปัตตานี
4077,101,ยะหา - บาจุ,4+500,2112 ,690 ,0 ,0 ,0 ,1652 ,38 ,13 ,4 ,1 ,4510 ,1.47 ,0 ,2882 ,ขท.ยะลา,ยะลา
4081,100,ท่านางพรหม - จงเก,2+582,1298 ,669 ,53 ,12 ,10 ,1477 ,85 ,49 ,20 ,2 ,3675 ,4.74 ,18 ,1088 ,ขท.พัทลุง,พัทลุง
4082,100,ยะลา - โต๊ะปะเก๊ะ,1+335,2280 ,1079 ,63 ,14 ,6 ,3275 ,156 ,113 ,40 ,36 ,7062 ,5.92 ,28 ,4851 ,ขท.ยะลา,ยะลา
4083,100,ทางเข้าระโนด,1+000,2447 ,899 ,46 ,127 ,20 ,5724 ,167 ,70 ,44 ,30 ,9574 ,4.23 ,40 ,5409 ,ขท.สงขลาที่ 1,สงขลา
4084,102,นราธิวาส - สะปอม,9+955,2518 ,2367 ,32 ,17 ,8 ,2050 ,27 ,20 ,13 ,11 ,7063 ,1.66 ,87 ,3423 ,ขท.นราธิวาส,นราธิวาส
4085,100,ปากน้ำเทพา - ธารคีรี,8+105,1777 ,833 ,6 ,6 ,4 ,3399 ,169 ,93 ,114 ,77 ,6478 ,6.98 ,22 ,3553 ,ขท.สงขลาที่ 2 (นาหม่อม),สงขลา
4085,100,ปากน้ำเทพา - ธารคีรี,19+950,973 ,387 ,4 ,1 ,0 ,1851 ,168 ,132 ,63 ,28 ,3607 ,11.14 ,9 ,1478 ,ขท.สงขลาที่ 2 (นาหม่อม),สงขลา
4085,100,ปากน้ำเทพา - ธารคีรี,45+100,642 ,316 ,0 ,0 ,0 ,1188 ,104 ,88 ,72 ,71 ,2481 ,12.58 ,0 ,946 ,ขท.สงขลาที่ 2 (นาหม่อม),สงขลา
4089,100,เตาปูน - ท่าสาป,0+209,1614 ,1110 ,45 ,27 ,5 ,1870 ,75 ,48 ,35 ,21 ,4850 ,3.97 ,3 ,2498 ,ขท.ยะลา,ยะลา
4090,100,นบปริง - นิคม,1+520,1221 ,930 ,246 ,99 ,55 ,1835 ,179 ,102 ,113 ,35 ,4815 ,12.32 ,24 ,972 ,ขท.พังงา,พังงา
4090,200,นิคม - หินดาน,30+600,1003 ,403 ,18 ,13 ,10 ,2006 ,86 ,62 ,65 ,29 ,3695 ,7.21 ,1 ,1155 ,ขท.ภูเก็ต,พังงา
4091,101,บางสีกิ้ม - เขาค่าย,2+500,338 ,221 ,0 ,0 ,0 ,415 ,42 ,23 ,1 ,0 ,1040 ,6.13 ,3 ,404 ,ขท.ระนอง,ระนอง
4091,101,บางสีกิ้ม - เขาค่าย,19+088,154 ,108 ,10 ,0 ,0 ,426 ,27 ,1 ,1 ,0 ,727 ,4.20 ,25 ,240 ,ขท.ระนอง,ระนอง
4091,101,บางสีกิ้ม - เขาค่าย,43+173,939 ,151 ,7 ,2 ,6 ,1880 ,83 ,16 ,3 ,4 ,3091 ,3.22 ,4 ,1211 ,ขท.ระนอง,ระนอง
4091,102,เขาค่าย - เขาปีบ,59+373,1375 ,865 ,5 ,10 ,2 ,2937 ,109 ,27 ,24 ,2 ,5356 ,4.03 ,4 ,980 ,ขท.ระนอง,ชุมพร
4092,100,รามัน - จะรังตาดง,14+300,331 ,225 ,6 ,0 ,0 ,388 ,89 ,65 ,27 ,2 ,1133 ,14.57 ,26 ,712 ,ขท.ยะลา,ยะลา
4092,200,จะรังตาดง - มายอ,30+000,1312 ,1274 ,5 ,7 ,7 ,7 ,5 ,4 ,4 ,0 ,2625 ,1.01 ,3 ,1310 ,ขท.ปัตตานี,ปัตตานี
4094,101,บ่อล้อ - เชียรใหญ่,2+000,2514 ,2264 ,101 ,63 ,52 ,1274 ,171 ,154 ,80 ,55 ,6728 ,9.37 ,14 ,2049 ,ขท.นครศรีธรรมราชที่ 1,นครศรีธรรมราช
4094,102,เชียรใหญ่ - ปากพนัง,29+550,2084 ,1767 ,79 ,39 ,26 ,418 ,124 ,86 ,61 ,43 ,4727 ,7.86 ,50 ,2069 ,ขท.นครศรีธรรมราชที่ 1,นครศรีธรรมราช
4095,100,สะบ้าย้อย - เขาแดง,1+050,1016 ,269 ,3 ,1 ,0 ,1811 ,78 ,63 ,37 ,9 ,3287 ,6.32 ,1 ,1851 ,ขท.สงขลาที่ 2 (นาหม่อม),สงขลา
4098,100,เขามัทรี - หาดทรายรี,2+600,1180 ,272 ,11 ,10 ,26 ,1238 ,36 ,67 ,17 ,16 ,2873 ,6.47 ,13 ,1144 ,ขท.ชุมพร,ชุมพร
4099,100,เขาม่วง - วัดแหลมทราย,5+500,825 ,315 ,0 ,2 ,0 ,779 ,40 ,28 ,9 ,6 ,2004 ,3.19 ,6 ,307 ,ขท.ชุมพร,ชุมพร
4100,100,ทำเนียบ - คีรีรัฐนิคม,0+500,1537 ,1111 ,2 ,0 ,0 ,819 ,133 ,82 ,55 ,15 ,3754 ,7.58 ,3 ,957 ,ขท.สุราษฎร์ธานีที่ 1 ,สุราษฎร์ธานี
4103,101,ปากพูน - เบญจม,9+000,6549 ,6235 ,200 ,122 ,93 ,4365 ,767 ,433 ,179 ,158 ,19101 ,9.50 ,51 ,3797 ,ขท.นครศรีธรรมราชที่ 1,นครศรีธรรมราช
4103,102,เบญจม - จังหูน,23+500,8103 ,3493 ,103 ,22 ,24 ,6819 ,900 ,466 ,230 ,145 ,20305 ,8.96 ,30 ,3521 ,ขท.นครศรีธรรมราชที่ 1,นครศรีธรรมราช
4103,102,เบญจม - จังหูน,30+799,2442 ,722 ,15 ,2 ,1 ,2555 ,475 ,151 ,118 ,71 ,6552 ,12.92 ,7 ,1433 ,ขท.นครศรีธรรมราชที่ 1,นครศรีธรรมราช
4107,100,มะรือโบ - ตันหยงมัส,5+500,2044 ,1800 ,0 ,0 ,0 ,1427 ,331 ,335 ,0 ,0 ,5937 ,10.89 ,19 ,1789 ,ขท.นราธิวาส,นราธิวาส
4110,101,ทุ่งสง - ทุ่งใหญ่,42+870,803 ,258 ,24 ,1 ,0 ,981 ,63 ,58 ,36 ,23 ,2247 ,8.18 ,0 ,717 ,ขท.นครศรีธรรมราชที่ 2 (ทุ่งสง),นครศรีธรรมราช
4110,102,ทุ่งใหญ่ - บางรูป,53+733,1010 ,596 ,22 ,2 ,3 ,886 ,341 ,287 ,255 ,139 ,3541 ,34.36 ,13 ,837 ,ขท.นครศรีธรรมราชที่ 2 (ทุ่งสง),นครศรีธรรมราช
4110,200,บางรูป - พระแสง,84+733,2943 ,3411 ,389 ,424 ,0 ,833 ,600 ,429 ,260 ,222 ,9511 ,21.61 ,0 ,2501 ,ขท.สุราษฎร์ธานีที่ 3 (เวียงสระ),สุราษฎร์ธานี
4112,100,สี่แยกละแม - สวนแตง,0+222,1926 ,954 ,5 ,0 ,0 ,1488 ,363 ,172 ,98 ,56 ,5062 ,17.05 ,27 ,1963 ,ขท.ชุมพร,ชุมพร
4112,201,สวนแตง - ไชยา,22+972,1330 ,1358 ,2 ,4 ,0 ,1032 ,226 ,72 ,20 ,4 ,4048 ,7.88 ,6 ,1253 ,ขท.สุราษฎร์ธานีที่ 1 ,สุราษฎร์ธานี
4112,201,สวนแตง - ไชยา,42+718,1398 ,897 ,68 ,0 ,0 ,1534 ,257 ,191 ,81 ,50 ,4476 ,14.91 ,4 ,1313 ,ขท.สุราษฎร์ธานีที่ 1 ,สุราษฎร์ธานี
4112,202,ไชยา - พุนพิน,89+572,1555 ,1565 ,80 ,58 ,42 ,1238 ,312 ,294 ,81 ,41 ,5266 ,15.21 ,12 ,996 ,ขท.สุราษฎร์ธานีที่ 1 ,สุราษฎร์ธานี
4113,100,ประกอบ - บ้านวัด,0+400,512 ,322 ,2 ,0 ,0 ,379 ,18 ,10 ,0 ,0 ,1243 ,2.74 ,3 ,856 ,ขท.สงขลาที่ 2 (นาหม่อม),สงขลา
4114,100,สมอทอง - ชายทะเล,3+000,3782 ,1001 ,47 ,0 ,4 ,849 ,441 ,204 ,121 ,55 ,6504 ,12.28 ,3 ,2127 ,ขท.สุราษฎร์ธานีที่ 1 ,สุราษฎร์ธานี
4115,102,กรือซอ - แว้ง,12+580,2547 ,2144 ,0 ,0 ,0 ,2242 ,0 ,0 ,0 ,0 ,6933 ,0.00 ,37 ,3647 ,ขท.นราธิวาส,นราธิวาส
4116,100,โคกบก - บ่อน้ำร้อน,2+950,4113 ,1746 ,41 ,9 ,7 ,2144 ,525 ,198 ,107 ,31 ,8921 ,9.55 ,0 ,2060 ,ขท.นครศรีธรรมราชที่ 2 (ทุ่งสง),นครศรีธรรมราช
4118,100,บางเหรียง - พนม,3+000,1637 ,227 ,8 ,3 ,2 ,271 ,44 ,31 ,26 ,6 ,2255 ,5.00 ,5 ,800 ,ขท.พังงา,พังงา
4118,100,บางเหรียง - พนม,40+000,1361 ,179 ,116 ,0 ,3 ,1065 ,53 ,32 ,17 ,4 ,2830 ,3.32 ,7 ,818 ,ขท.พังงา,สุราษฎร์ธานี
4119,100,ปากคลอง - ปากน้ำชุมพร,0+565,5328 ,724 ,40 ,25 ,28 ,5644 ,693 ,90 ,11 ,8 ,12591 ,6.65 ,46 ,3002 ,ขท.ชุมพร,ชุมพร
4121,100,แม่ขรี - โหล๊ะจังกระ,1+550,1993 ,1132 ,11 ,0 ,0 ,2665 ,200 ,68 ,10 ,0 ,6079 ,4.64 ,1 ,2770 ,ขท.พัทลุง,พัทลุง
4122,101,ป่าบอนเหนือ - โหล๊ะจังกระ,1+500,858 ,263 ,13 ,3 ,3 ,1695 ,178 ,58 ,18 ,33 ,3122 ,10.24 ,5 ,1882 ,ขท.พัทลุง,พัทลุง
4122,102,โหล๊ะจังกระ - บ้านนา,63+450,998 ,337 ,32 ,16 ,15 ,290 ,67 ,13 ,4 ,13 ,1785 ,5.06 ,91 ,1271 ,ขท.พัทลุง,พัทลุง
4123,100,บ้านโพธิ์ - ห้วยยอด,0+950,2503 ,181 ,2 ,3 ,4 ,2594 ,56 ,32 ,4 ,3 ,5382 ,1.86 ,13 ,2971 ,ขท.ตรัง,ตรัง
4124,100,นาโยงเหนือ - ย่านตาขาว,8+650,1445 ,391 ,5 ,2 ,2 ,2762 ,88 ,35 ,15 ,8 ,4753 ,3.05 ,9 ,3458 ,ขท.ตรัง,ตรัง
4125,100,ท่าพญา - ทุ่งยาว,5+000,2102 ,64 ,2 ,7 ,3 ,271 ,108 ,212 ,122 ,3 ,2894 ,16.11 ,46 ,1687 ,ขท.สตูล,ตรัง
4133,101,ท่าโรงช้าง - ควนสามัคคี,16+700,1626 ,80 ,15 ,2 ,2 ,2719 ,116 ,89 ,55 ,16 ,4720 ,6.24 ,7 ,2043 ,ขท.สุราษฎร์ธานีที่ 3 (เวียงสระ),สุราษฎร์ธานี
4133,102,ควนสามัคคี - พระแสง,45+000,3739 ,2045 ,473 ,348 ,0 ,950 ,609 ,278 ,252 ,234 ,8928 ,18.88 ,0 ,2971 ,ขท.สุราษฎร์ธานีที่ 3 (เวียงสระ),สุราษฎร์ธานี
4134,100,หลังสวน - ละแม,7+500,295 ,75 ,3 ,0 ,0 ,1062 ,83 ,26 ,33 ,11 ,1588 ,11.33 ,31 ,729 ,ขท.ชุมพร,ชุมพร
4135,100,ทางเข้าสนามบินหาดใหญ่,1+900,11156 ,10741 ,95 ,81 ,55 ,11895 ,219 ,175 ,128 ,55 ,34600 ,1.62 ,42 ,6281 ,ขท.สงขลาที่ 1,สงขลา
4135,100,ทางเข้าสนามบินหาดใหญ่,5+300,12380 ,8025 ,172 ,246 ,83 ,14386 ,559 ,404 ,235 ,156 ,36646 ,4.92 ,5 ,5580 ,ขท.สงขลาที่ 1,สงขลา
4136,101,นราธิวาส - ปาเซปูเต๊ะ,2+000,2106 ,1899 ,17 ,5 ,0 ,1458 ,17 ,16 ,2 ,0 ,5520 ,0.62 ,64 ,2271 ,ขท.นราธิวาส,นราธิวาส
4137,100,ทุ่งตำเสา - สวนเทศ,1+000,2236 ,2082 ,73 ,86 ,74 ,1967 ,158 ,97 ,45 ,25 ,6843 ,7.02 ,95 ,1978 ,ขท.สตูล,สตูล
4138,100,โคกสัก - หาดไข่เต่า,3+700,1009 ,471 ,24 ,3 ,2 ,1500 ,175 ,56 ,8 ,0 ,3248 ,7.53 ,6 ,951 ,ขท.พัทลุง,พัทลุง
4140,100,ท่าศาลา - นบพิตำ,1+100,2356 ,2104 ,27 ,7 ,4 ,2477 ,606 ,514 ,174 ,101 ,8370 ,17.08 ,19 ,2102 ,ขท.นครศรีธรรมราชที่ 1,นครศรีธรรมราช
4141,100,หน้าทับ - ทอนหงส์,6+700,2011 ,1737 ,17 ,7 ,0 ,1509 ,454 ,333 ,29 ,21 ,6118 ,14.17 ,33 ,2126 ,ขท.นครศรีธรรมราชที่ 1,นครศรีธรรมราช
4142,100,บ้านใน - บ้านโฉ,19+500,3596 ,3279 ,54 ,54 ,78 ,3451 ,381 ,232 ,140 ,95 ,11360 ,8.92 ,4 ,2868 ,ขท.สุราษฎร์ธานีที่ 2 (กาญจนดิษฐ์),สุราษฎร์ธานี
4142,100,บ้านใน - บ้านโฉ,30+300,1968 ,1802 ,67 ,59 ,54 ,2395 ,134 ,114 ,82 ,72 ,6747 ,7.40 ,8 ,1642 ,ขท.สุราษฎร์ธานีที่ 2 (กาญจนดิษฐ์),สุราษฎร์ธานี
4143,100,ซอยสิบ - บ้านกรูด,1+000,1039 ,342 ,26 ,0 ,1 ,1510 ,162 ,153 ,158 ,36 ,3427 ,15.05 ,17 ,1069 ,ขท.สุราษฎร์ธานีที่ 2 (กาญจนดิษฐ์),สุราษฎร์ธานี
4144,100,ภูงา - อ่าวพังงา,0+050,1168 ,388 ,175 ,102 ,89 ,640 ,110 ,20 ,12 ,17 ,2721 ,16.34 ,6 ,1111 ,ขท.พังงา,พังงา
4145,100,คลองแงะ - บาโรย,1+800,975 ,867 ,73 ,14 ,4 ,2157 ,223 ,175 ,160 ,222 ,4870 ,17.67 ,16 ,1571 ,ขท.สงขลาที่ 2 (นาหม่อม),สงขลา
4147,100,ลำแก่น - ทับละมุ,1+250,1633 ,1573 ,190 ,17 ,6 ,650 ,113 ,68 ,7 ,9 ,4266 ,5.35 ,2 ,2355 ,ขท.ภูเก็ต,พังงา
4150,100,หัวไทร - ปากเหมือง,2+000,1397 ,1172 ,39 ,15 ,12 ,823 ,379 ,124 ,81 ,36 ,4078 ,15.90 ,14 ,1426 ,ขท.นครศรีธรรมราชที่ 1,นครศรีธรรมราช
4151,201,กุมแป - ควนหนองหงส์,14+800,1650 ,1312 ,13 ,3 ,3 ,1942 ,567 ,668 ,552 ,508 ,7218 ,32.52 ,21 ,1279 ,ขท.นครศรีธรรมราชที่ 2 (ทุ่งสง),นครศรีธรรมราช
4151,202,ควนหนองหงส์ - น้ำตก,28+300,1484 ,1168 ,8 ,5 ,0 ,1898 ,366 ,344 ,128 ,70 ,5471 ,16.21 ,22 ,1258 ,ขท.นครศรีธรรมราชที่ 2 (ทุ่งสง),นครศรีธรรมราช
4151,203,กะปาง - บางขัน,72+543,1452 ,505 ,1 ,4 ,4 ,1558 ,486 ,251 ,190 ,54 ,4505 ,23.41 ,2 ,1009 ,ขท.นครศรีธรรมราชที่ 2 (ทุ่งสง),นครศรีธรรมราช
4151,300,น้ำตก - กะปาง,60+693,3089 ,841 ,115 ,169 ,133 ,3777 ,947 ,359 ,103 ,0 ,9533 ,18.38 ,165 ,2847 ,ขท.ตรัง,ตรัง
4151,400,บางขัน - ลำทับ,85+400,1746 ,1244 ,44 ,29 ,21 ,1589 ,227 ,134 ,219 ,109 ,5362 ,14.42 ,1 ,1266 ,ขท.กระบี่,กระบี่
4152,100,บางชุมโถ - วัดประดู่,0+100,1515 ,910 ,42 ,35 ,0 ,1462 ,169 ,153 ,40 ,0 ,4326 ,10.40 ,37 ,1365 ,ขท.สุราษฎร์ธานีที่ 1 ,สุราษฎร์ธานี
4153,100,หนองขรี - เทศบาลเมืองท่าข้าม,4+000,5531 ,5346 ,195 ,287 ,326 ,11658 ,1173 ,1086 ,486 ,402 ,26490 ,14.23 ,9 ,2679 ,ขท.สุราษฎร์ธานีที่ 1 ,สุราษฎร์ธานี
4154,100,ทางเข้าคันธุลี,3+500,903 ,708 ,39 ,0 ,0 ,891 ,256 ,140 ,103 ,35 ,3075 ,17.08 ,0 ,946 ,ขท.สุราษฎร์ธานีที่ 1 ,สุราษฎร์ธานี
4155,100,บาเจาะ - บ้านทอน,0+800,1575 ,1360 ,9 ,3 ,0 ,1288 ,16 ,18 ,5 ,0 ,4274 ,1.10 ,46 ,1536 ,ขท.นราธิวาส,นราธิวาส
4156,100,เขาพนม - ทุ่งใหญ่,5+000,1038 ,497 ,134 ,30 ,10 ,1013 ,167 ,202 ,325 ,183 ,3599 ,18.67 ,16 ,1382 ,ขท.กระบี่,กระบี่
4156,100,เขาพนม - ทุ่งใหญ่,36+200,1530 ,1987 ,48 ,38 ,5 ,725 ,114 ,90 ,231 ,100 ,4868 ,10.10 ,1 ,953 ,ขท.กระบี่,นครศรีธรรมราช
4157,101,ละหาร - บางเก่า,1+200,705 ,131 ,69 ,7 ,1 ,669 ,20 ,8 ,0 ,0 ,1610 ,1.96 ,10 ,1123 ,ขท.ปัตตานี,ปัตตานี
4157,101,ละหาร - บางเก่า,7+535,627 ,571 ,12 ,5 ,0 ,105 ,77 ,2 ,0 ,0 ,1399 ,5.68 ,10 ,510 ,ขท.ปัตตานี,ปัตตานี
4158,100,คลองเต็ง - เขาวิเศษ,4+100,4747 ,2914 ,0 ,4 ,16 ,7842 ,912 ,899 ,958 ,702 ,18994 ,17.78 ,20 ,5082 ,ขท.ตรัง,ตรัง
4159,100,นาวง - ต้นชด,2+800,3325 ,2442 ,0 ,3 ,1 ,5629 ,919 ,861 ,739 ,784 ,14703 ,22.08 ,202 ,3321 ,ขท.ตรัง,ตรัง
4159,100,นาวง - ต้นชด,5+600,2354 ,162 ,35 ,44 ,8 ,290 ,130 ,70 ,75 ,54 ,3222 ,13.05 ,5 ,1061 ,ขท.ตรัง,ตรัง
4161,100,สิชล - จอมทอง,4+500,930 ,765 ,4 ,0 ,4 ,605 ,38 ,33 ,17 ,0 ,2396 ,4.37 ,8 ,1117 ,ขท.นครศรีธรรมราชที่ 1,นครศรีธรรมราช
4162,100,ต้นมะม่วง - ปากเมง,2+800,3556 ,2195 ,0 ,0 ,0 ,4784 ,852 ,715 ,624 ,498 ,13224 ,20.99 ,256 ,4252 ,ขท.ตรัง,ตรัง
4163,101,ควนดินสอ - เขาปู่,26+700,379 ,277 ,27 ,18 ,7 ,322 ,77 ,42 ,2 ,3 ,1154 ,18.28 ,29 ,821 ,ขท.พัทลุง,พัทลุง
4163,102,เขาปู่ - ป่าพะยอม,50+000,552 ,328 ,8 ,1 ,0 ,1469 ,78 ,21 ,4 ,2 ,2463 ,4.82 ,7 ,1700 ,ขท.พัทลุง,พัทลุง
4164,100,สี่แยกโพธิ์ทอง - เขาปู่,3+170,1707 ,905 ,31 ,8 ,2 ,504 ,161 ,108 ,68 ,36 ,3530 ,10.47 ,13 ,1385 ,ขท.พัทลุง,พัทลุง
4165,100,ชะอวด - บ้านตูล,7+500,1386 ,1077 ,17 ,8 ,4 ,1846 ,464 ,386 ,87 ,49 ,5324 ,17.81 ,16 ,1206 ,ขท.นครศรีธรรมราชที่ 2 (ทุ่งสง),นครศรีธรรมราช
4167,100,ป่าไหม้ - ไทรทอง,7+000,592 ,373 ,33 ,1 ,0 ,106 ,59 ,43 ,2 ,0 ,1209 ,9.21 ,7 ,560 ,ขท.ปัตตานี,ปัตตานี
4168,100,ต้นไทร - ปะลุกาสาเมาะ,2+500,1997 ,1609 ,0 ,0 ,0 ,1366 ,1071 ,470 ,331 ,0 ,6844 ,27.09 ,152 ,1995 ,ขท.นราธิวาส,นราธิวาส
4169,100,ทางรอบเกาะสมุย,3+500,6364 ,2621 ,234 ,81 ,17 ,6936 ,400 ,255 ,76 ,21 ,17005 ,4.63 ,60 ,6412 ,ขท.สุราษฎร์ธานีที่ 2 (กาญจนดิษฐ์),สุราษฎร์ธานี
4170,100,สระเกศ - หัวถนน,6+000,1239 ,363 ,44 ,0 ,0 ,1088 ,57 ,2 ,0 ,0 ,2793 ,1.98 ,11 ,1573 ,ขท.สุราษฎร์ธานีที่ 2 (กาญจนดิษฐ์),สุราษฎร์ธานี
4174,100,ลิปะน้อย - แหลมโจรคร่ำ,1+500,1631 ,693 ,119 ,33 ,3 ,1356 ,94 ,112 ,68 ,25 ,4134 ,7.31 ,12 ,1936 ,ขท.สุราษฎร์ธานีที่ 2 (กาญจนดิษฐ์),สุราษฎร์ธานี
4176,100,ปะแต - บาละ,0+500,814 ,273 ,0 ,0 ,0 ,975 ,30 ,3 ,1 ,0 ,2096 ,1.59 ,4 ,1598 ,ขท.ยะลา,ยะลา
4177,100,เขาหมอน - บ้านพ่วง,4+000,1715 ,906 ,16 ,0 ,0 ,1956 ,144 ,124 ,93 ,0 ,4954 ,7.19 ,0 ,1508 ,ขท.สุราษฎร์ธานีที่ 2 (กาญจนดิษฐ์),สุราษฎร์ธานี
4178,100,น้ำเกลี้ยง - หนองดุก,10+000,1095 ,1276 ,16 ,5 ,6 ,1698 ,473 ,242 ,141 ,41 ,4993 ,20.01 ,0 ,1263 ,ขท.สุราษฎร์ธานีที่ 2 (กาญจนดิษฐ์),สุราษฎร์ธานี
4181,100,โคกทราย - ปากพะยูน,23+500,1711 ,1627 ,193 ,191 ,44 ,2240 ,517 ,313 ,108 ,30 ,6974 ,18.31 ,7 ,1487 ,ขท.พัทลุง,พัทลุง
4184,100,ควนสตอ - ด่านชายแดนวังประจัน(เขตแดนไทย/มาเลเซีย),3+500,990 ,474 ,29 ,14 ,23 ,1263 ,101 ,43 ,19 ,8 ,2964 ,7.03 ,71 ,1327 ,ขท.สตูล,สตูล
4185,100,คชาธาร - วัดมูลเหล็ก,1+000,2328 ,1041 ,12 ,6 ,0 ,731 ,314 ,321 ,97 ,41 ,4891 ,15.84 ,0 ,1469 ,ขท.สุราษฎร์ธานีที่ 1 ,สุราษฎร์ธานี
4186,100,โรงเหล็ก - ห้วยพาน,0+500,1837 ,1356 ,53 ,22 ,8 ,2030 ,444 ,417 ,120 ,20 ,6307 ,16.01 ,44 ,1806 ,ขท.นครศรีธรรมราชที่ 1,นครศรีธรรมราช
4187,101,สี่แยกโพธิ์ทอง - ควนขนุน,1+443,2394 ,2082 ,21 ,6 ,2 ,2137 ,180 ,201 ,24 ,2 ,7049 ,6.78 ,24 ,2218 ,ขท.พัทลุง,พัทลุง
4188,100,ห้วยพาน - น้ำตกกรุงชิง,1+000,547 ,390 ,33 ,9 ,4 ,775 ,96 ,31 ,0 ,0 ,1885 ,7.54 ,11 ,887 ,ขท.นครศรีธรรมราชที่ 1,นครศรีธรรมราช
4189,100,ท่าพุด - ยอดเหลือง,0+500,761 ,34 ,24 ,18 ,10 ,263 ,155 ,85 ,52 ,36 ,1438 ,23.50 ,39 ,759 ,ขท.นครศรีธรรมราชที่ 1,นครศรีธรรมราช
4191,100,ไชยา - เขาหลัก,6+182,2106 ,1962 ,29 ,16 ,0 ,1316 ,293 ,159 ,127 ,69 ,6077 ,11.24 ,8 ,1127 ,ขท.สุราษฎร์ธานีที่ 1 ,สุราษฎร์ธานี
4191,100,ไชยา - เขาหลัก,22+149,1716 ,1655 ,32 ,30 ,0 ,1737 ,233 ,224 ,122 ,31 ,5780 ,12.51 ,1 ,1284 ,ขท.สุราษฎร์ธานีที่ 1 ,สุราษฎร์ธานี
4192,100,เกาะมุกข์ - โมถ่าย,6+500,1671 ,1613 ,48 ,4 ,0 ,1723 ,450 ,308 ,93 ,51 ,5961 ,14.99 ,5 ,1132 ,ขท.สุราษฎร์ธานีที่ 1 ,สุราษฎร์ธานี
4193,100,สุไหงปาดี - บือเลาะ,4+000,2341 ,2258 ,0 ,0 ,0 ,2416 ,0 ,0 ,0 ,0 ,7015 ,0.00 ,38 ,3859 ,ขท.นราธิวาส,นราธิวาส
4194,100,ควนสงสาร - กระทูน,1+700,1371 ,992 ,55 ,38 ,20 ,856 ,163 ,63 ,33 ,31 ,3622 ,10.39 ,16 ,1000 ,ขท.นครศรีธรรมราชที่ 2 (ทุ่งสง),นครศรีธรรมราช
4194,100,ควนสงสาร - กระทูน,25+607,1100 ,905 ,41 ,44 ,26 ,952 ,420 ,247 ,68 ,44 ,3847 ,18.27 ,91 ,1402 ,ขท.นครศรีธรรมราชที่ 2 (ทุ่งสง),นครศรีธรรมราช
4195,100,ควนลำภู - จันดี,0+500,792 ,456 ,53 ,18 ,8 ,1762 ,191 ,153 ,93 ,73 ,3599 ,13.12 ,7 ,421 ,ขท.นครศรีธรรมราชที่ 2 (ทุ่งสง),นครศรีธรรมราช
4195,100,ควนลำภู - จันดี,13+698,1362 ,1035 ,75 ,59 ,41 ,546 ,216 ,98 ,43 ,38 ,3513 ,10.75 ,4 ,1116 ,ขท.นครศรีธรรมราชที่ 2 (ทุ่งสง),นครศรีธรรมราช
4197,100,เขาต่อ - ปลายพระยา,11+000,2586 ,2595 ,47 ,40 ,83 ,3521 ,371 ,383 ,389 ,366 ,10381 ,15.91 ,6 ,2493 ,ขท.พังงา,กระบี่
4198,100,เขาสวนทุเรียน - อ่าวมะม่วง,0+500,636 ,374 ,0 ,0 ,0 ,1999 ,14 ,6 ,11 ,0 ,3040 ,1.02 ,14 ,1354 ,ขท.ชุมพร,ชุมพร
4199,100,บ่อพระ - ควนสามัคคี,3+000,3491 ,3156 ,779 ,334 ,0 ,683 ,599 ,170 ,162 ,126 ,9500 ,14.54 ,0 ,2895 ,ขท.สุราษฎร์ธานีที่ 3 (เวียงสระ),สุราษฎร์ธานี
4201,100,ช่องพลี - อ่าวพระนาง,2+000,3398 ,1405 ,60 ,8 ,6 ,1454 ,60 ,16 ,1 ,1 ,6409 ,1.59 ,1 ,4910 ,ขท.กระบี่,กระบี่
4202,100,ช่องพลี - หาดนพรัตน์ธารา,4+000,4161 ,1143 ,213 ,4 ,7 ,1781 ,59 ,6 ,0 ,2 ,7376 ,0.50 ,3 ,7796 ,ขท.กระบี่,กระบี่
4203,100,อ่าวน้ำเมา - หาดนพรัตน์ธารา,4+000,6002 ,2697 ,779 ,68 ,10 ,2025 ,88 ,3 ,0 ,0 ,11672 ,1.00 ,5 ,6310 ,ขท.กระบี่,กระบี่
4204,100,ไสไทย - สุสานหอย75ล้านปี,3+000,2457 ,1317 ,104 ,10 ,9 ,1750 ,127 ,26 ,1 ,4 ,5805 ,3.32 ,6 ,3321 ,ขท.กระบี่,กระบี่
4206,100,ห้วยน้ำขาว - เกาะกลาง,3+000,546 ,542 ,85 ,23 ,3 ,1228 ,73 ,54 ,23 ,0 ,2577 ,4.97 ,0 ,248 ,ขท.กระบี่,กระบี่
4207,100,สุคิริน - โต๊ะโม๊ะ,1+900,1540 ,1339 ,0 ,0 ,0 ,1743 ,0 ,0 ,0 ,0 ,4622 ,0.00 ,0 ,1554 ,ขท.นราธิวาส,นราธิวาส
4208,100,ทางเข้าสถานีรถไฟบางกล่ำ,3+000,2983 ,2416 ,14 ,13 ,7 ,522 ,591 ,523 ,475 ,319 ,7863 ,25.74 ,288 ,1988 ,ขท.สงขลาที่ 1,สงขลา
4211,100,แก้วแสน - นาบอน,0+500,903 ,358 ,10 ,1 ,0 ,650 ,61 ,27 ,24 ,19 ,2053 ,5.71 ,6 ,721 ,ขท.นครศรีธรรมราชที่ 2 (ทุ่งสง),นครศรีธรรมราช
4213,100,บางอิฐ - บางเทพ,0+050,4204 ,2800 ,18 ,25 ,19 ,1642 ,1492 ,2679 ,1896 ,1141 ,15916 ,46.25 ,9 ,993 ,ขท.สุราษฎร์ธานีที่ 1 ,สุราษฎร์ธานี
4214,100,เขาขาว - บางขัน,0+500,192 ,144 ,1 ,1 ,1 ,839 ,83 ,32 ,38 ,31 ,1362 ,13.22 ,1 ,793 ,ขท.นครศรีธรรมราชที่ 2 (ทุ่งสง),นครศรีธรรมราช
4217,100,ดุซงญอ - ไอร์ตากอ,1+000,1858 ,1858 ,0 ,0 ,0 ,1637 ,329 ,320 ,20 ,0 ,6022 ,11.00 ,19 ,1739 ,ขท.นราธิวาส,นราธิวาส
4219,100,ปลายหลิก - ทับใหม่,8+000,3197 ,103 ,27 ,4 ,0 ,1275 ,82 ,50 ,20 ,11 ,4769 ,3.42 ,4 ,2070 ,ขท.สุราษฎร์ธานีที่ 3 (เวียงสระ),สุราษฎร์ธานี
4223,100,ห้วยพุน - พุมเรียง,5+700,1140 ,584 ,14 ,0 ,0 ,839 ,332 ,173 ,40 ,13 ,3135 ,18.61 ,4 ,1008 ,ขท.สุราษฎร์ธานีที่ 1 ,สุราษฎร์ธานี
4225,100,สวนปาล์ม - คลองชี,1+300,702 ,238 ,0 ,0 ,0 ,720 ,361 ,188 ,111 ,72 ,2392 ,31.22 ,0 ,824 ,ขท.กระบี่,กระบี่
4225,100,สวนปาล์ม - คลองชี,17+700,566 ,173 ,57 ,0 ,0 ,766 ,189 ,128 ,88 ,46 ,2013 ,23.89 ,5 ,880 ,ขท.กระบี่,นครศรีธรรมราช
4225,100,สวนปาล์ม - คลองชี,31+500,282 ,109 ,0 ,0 ,0 ,1133 ,138 ,113 ,58 ,2 ,1835 ,18.82 ,8 ,955 ,ขท.กระบี่,ตรัง
4227,100,สำนักขัน - เหนือคลอง,1+700,570 ,659 ,0 ,0 ,0 ,374 ,97 ,43 ,10 ,0 ,1753 ,7.34 ,10 ,1102 ,ขท.นครศรีธรรมราชที่ 2 (ทุ่งสง),นครศรีธรรมราช
4228,100,ถ้ำพรรณรา - ทานพอ,3+000,731 ,191 ,11 ,0 ,0 ,1935 ,141 ,34 ,104 ,8 ,3155 ,9.26 ,2 ,1131 ,ขท.นครศรีธรรมราชที่ 2 (ทุ่งสง),นครศรีธรรมราช
4229,100,ช่องช้าง - นาสาร,17+000,3635 ,3437 ,0 ,0 ,0 ,3587 ,312 ,304 ,0 ,0 ,11275 ,5.30 ,0 ,2745 ,ขท.สุราษฎร์ธานีที่ 3 (เวียงสระ),สุราษฎร์ธานี
4230,100,ควนไม้แดง - มะนาวหวาน,10+307,817 ,367 ,23 ,27 ,5 ,1394 ,141 ,80 ,79 ,58 ,2991 ,14.75 ,13 ,945 ,ขท.นครศรีธรรมราชที่ 2 (ทุ่งสง),นครศรีธรรมราช
4232,100,ขนอม - ในเพลา,2+000,901 ,753 ,16 ,16 ,0 ,591 ,72 ,51 ,24 ,0 ,2424 ,7.13 ,23 ,847 ,ขท.นครศรีธรรมราชที่ 1,นครศรีธรรมราช
4234,100,บนเนิน - ท่าเทียบเรือประมงปากพนัง,0+500,2279 ,2144 ,3 ,0 ,0 ,629 ,164 ,68 ,27 ,6 ,5320 ,5.02 ,27 ,1682 ,ขท.นครศรีธรรมราชที่ 1,นครศรีธรรมราช
4235,100,บ้านนา - ปากปรน - บกหัก,1+300,2349 ,2202 ,434 ,211 ,232 ,3670 ,359 ,288 ,217 ,168 ,10130 ,17.05 ,170 ,3000 ,ขท.ตรัง,ตรัง
4235,100,บ้านนา - ปากปรน - บกหัก,30+288,479 ,319 ,65 ,49 ,40 ,1173 ,109 ,72 ,43 ,39 ,2388 ,16.55 ,73 ,1408 ,ขท.ตรัง,ตรัง
4236,100,ถนนแพรก - ลำนาว,1+400,677 ,528 ,0 ,0 ,0 ,1107 ,234 ,168 ,125 ,64 ,2903 ,20.68 ,0 ,1015 ,ขท.กระบี่,ตรัง
4236,100,ถนนแพรก - ลำนาว,37+380,236 ,182 ,130 ,20 ,0 ,985 ,171 ,122 ,72 ,57 ,1975 ,24.24 ,23 ,922 ,ขท.กระบี่,นครศรีธรรมราช
4237,100,แม่ขรี - ตะโหมด,2+400,1323 ,843 ,8 ,4 ,0 ,88 ,98 ,21 ,2 ,0 ,2387 ,4.80 ,2 ,1224 ,ขท.พัทลุง,พัทลุง
4238,100,ไม้หลา - ลานสกา,1+737,3252 ,2848 ,141 ,21 ,2 ,2218 ,1151 ,489 ,83 ,58 ,10263 ,17.83 ,38 ,2578 ,ขท.นครศรีธรรมราชที่ 1,นครศรีธรรมราช
4240,100,ทุ่งมะพร้าว - สามแยกนิคม,1+200,2281 ,2135 ,21 ,12 ,6 ,910 ,112 ,75 ,79 ,52 ,5683 ,5.76 ,1 ,1670 ,ขท.ภูเก็ต,พังงา
4241,100,สุคิริน - ไอร์ตากอ,1+275,1842 ,1707 ,0 ,0 ,0 ,1877 ,0 ,0 ,0 ,0 ,5426 ,0.00 ,0 ,1710 ,ขท.นราธิวาส,นราธิวาส
4243,100,สะเดา - สะท้อน,3+536,842 ,496 ,6 ,1 ,0 ,887 ,50 ,33 ,7 ,2 ,2324 ,3.69 ,7 ,896 ,ขท.สงขลาที่ 2 (นาหม่อม),สงขลา
4243,100,สะเดา - สะท้อน,32+360,261 ,295 ,0 ,0 ,0 ,344 ,12 ,0 ,0 ,0 ,912 ,1.16 ,25 ,739 ,ขท.สงขลาที่ 2 (นาหม่อม),สงขลา
4244,100,เบตง - ซาโห่,1+000,163 ,97 ,0 ,0 ,0 ,158 ,87 ,0 ,0 ,0 ,505 ,16.74 ,0 ,605 ,ขท.ยะลา,ยะลา
4246,100,เขาวง - หน้าเขา,3+000,1466 ,334 ,12 ,1 ,0 ,1212 ,64 ,27 ,13 ,10 ,3139 ,3.23 ,1 ,1225 ,ขท.สุราษฎร์ธานีที่ 3 (เวียงสระ),สุราษฎร์ธานี
4247,100,หนองไทร - ยวนสาว,13+000,2194 ,1606 ,34 ,0 ,0 ,1253 ,368 ,164 ,66 ,17 ,5702 ,11.03 ,9 ,1162 ,ขท.สุราษฎร์ธานีที่ 1 ,สุราษฎร์ธานี
4248,100,ท่าเรือใต้ - เขาหัวควาย,4+000,1836 ,305 ,63 ,2 ,0 ,1175 ,182 ,122 ,39 ,0 ,3724 ,10.83 ,0 ,1460 ,ขท.สุราษฎร์ธานีที่ 2 (กาญจนดิษฐ์),สุราษฎร์ธานี
4251,100,ห้วยไผ่ - น้ำดำ,1+700,1774 ,1680 ,36 ,26 ,0 ,1334 ,174 ,116 ,35 ,3 ,5178 ,7.11 ,7 ,1139 ,ขท.สุราษฎร์ธานีที่ 1 ,สุราษฎร์ธานี
4252,100,ทุ่งใหญ่ - ควนปริง,1+000,502 ,540 ,86 ,48 ,3 ,307 ,111 ,77 ,4 ,0 ,1678 ,15.10 ,15 ,536 ,ขท.กระบี่,นครศรีธรรมราช
4253,100,บ่อน้ำร้อน - บ่อกรัง,4+000,314 ,305 ,0 ,0 ,0 ,812 ,252 ,158 ,0 ,0 ,1841 ,24.31 ,1 ,838 ,ขท.สุราษฎร์ธานีที่ 2 (กาญจนดิษฐ์),สุราษฎร์ธานี
4254,100,หนองไทร - ยางงาม,3+000,1050 ,1078 ,0 ,0 ,0 ,1156 ,170 ,98 ,30 ,23 ,3605 ,8.25 ,1 ,896 ,ขท.สุราษฎร์ธานีที่ 1 ,สุราษฎร์ธานี
4256,100,ต้นปาบ - วิภาวดี,4+000,2955 ,1132 ,9 ,0 ,0 ,973 ,299 ,303 ,141 ,121 ,5933 ,13.86 ,10 ,1003 ,ขท.สุราษฎร์ธานีที่ 1 ,สุราษฎร์ธานี
4258,100,ห้วยนาง - บ้านซา,2+200,577 ,88 ,3 ,2 ,0 ,909 ,14 ,7 ,2 ,0 ,1602 ,1.66 ,0 ,1319 ,ขท.ตรัง,ตรัง
4258,200,บ้านซา - ควนชัน,11+000,185 ,158 ,0 ,0 ,0 ,741 ,103 ,74 ,0 ,0 ,1261 ,13.95 ,0 ,896 ,ขท.กระบี่,ตรัง
4259,101,ทุ่งตาเพชร - ห้วยสลิง,22+000,1101 ,1090 ,0 ,0 ,0 ,810 ,192 ,155 ,56 ,20 ,3424 ,12.10 ,0 ,922 ,ขท.สุราษฎร์ธานีที่ 1 ,สุราษฎร์ธานี
4259,102,ห้วยสลิง - น้ำดำ,45+000,1220 ,1222 ,23 ,12 ,0 ,1225 ,113 ,59 ,37 ,0 ,3911 ,5.75 ,0 ,1047 ,ขท.สุราษฎร์ธานีที่ 1 ,สุราษฎร์ธานี
4260,100,ทุ่งโพธิ์ - บางใหญ่,3+500,1430 ,964 ,100 ,0 ,0 ,1525 ,184 ,166 ,108 ,71 ,4548 ,11.52 ,43 ,1068 ,ขท.สุราษฎร์ธานีที่ 1 ,สุราษฎร์ธานี
4261,100,ป่าเตียว - ทุ่งค่าย,6+100,834 ,505 ,9 ,6 ,9 ,2306 ,242 ,196 ,69 ,32 ,4208 ,12.55 ,46 ,1868 ,ขท.ตรัง,ตรัง
4262,100,บางน้ำจืด - ตะกุกเหนือ,8+500,3215 ,1476 ,17 ,12 ,2 ,938 ,553 ,394 ,207 ,133 ,6947 ,19.12 ,8 ,1174 ,ขท.สุราษฎร์ธานีที่ 1 ,สุราษฎร์ธานี
4263,100,หาดผก - บางอ้อ,5+550,223 ,220 ,0 ,0 ,0 ,253 ,103 ,55 ,6 ,0 ,860 ,23.35 ,3 ,554 ,ขท.สุราษฎร์ธานีที่ 2 (กาญจนดิษฐ์),สุราษฎร์ธานี
4264,100,บ้านช่อง - หาดเลา,9+200,702 ,209 ,9 ,0 ,7 ,1905 ,41 ,28 ,26 ,6 ,2933 ,3.79 ,11 ,1524 ,ขท.ตรัง,ตรัง
4265,100,หนองนิล - คลองสงค์,5+195,1578 ,1382 ,0 ,0 ,0 ,1163 ,339 ,185 ,55 ,19 ,4721 ,12.91 ,0 ,1268 ,ขท.สุราษฎร์ธานีที่ 1 ,สุราษฎร์ธานี
4267,100,ห้วยนาง - หนองบัว,3+950,1917 ,892 ,66 ,7 ,0 ,3416 ,888 ,150 ,13 ,0 ,7349 ,14.28 ,15 ,2655 ,ขท.ตรัง,ตรัง
4268,100,ควนตอ - บ้านควน,6+614,1382 ,811 ,109 ,91 ,77 ,2419 ,163 ,137 ,119 ,111 ,5419 ,16.39 ,162 ,2382 ,ขท.ตรัง,ตรัง
4269,101,ห้วยยอด - คลองมวน,3+400,1149 ,278 ,4 ,0 ,0 ,2229 ,29 ,31 ,16 ,5 ,3741 ,2.12 ,0 ,1730 ,ขท.ตรัง,ตรัง
4269,102,คลองมวน - คลองโกง,14+530,5062 ,907 ,0 ,0 ,0 ,5078 ,786 ,254 ,167 ,66 ,12320 ,10.84 ,194 ,4677 ,ขท.ตรัง,ตรัง
4270,101,ห้วยยอด - ท่างิ้ว,5+000,746 ,263 ,0 ,0 ,0 ,1338 ,13 ,6 ,0 ,0 ,2366 ,0.79 ,0 ,1040 ,ขท.ตรัง,ตรัง
4270,102,ท่างิ้ว - ทุ่งชุมพล,30+900,2551 ,625 ,23 ,15 ,0 ,2659 ,555 ,0 ,0 ,0 ,6428 ,9.79 ,112 ,2299 ,ขท.ตรัง,นครศรีธรรมราช
4270,300,ลานข่อย - ไม้เสียบ,49+900,1523 ,1171 ,6 ,0 ,0 ,1890 ,354 ,272 ,97 ,53 ,5366 ,14.49 ,32 ,1190 ,ขท.นครศรีธรรมราชที่ 2 (ทุ่งสง),นครศรีธรรมราช
4272,100,ยือนัง - คลองชิง,13+750,1204 ,730 ,0 ,0 ,0 ,1196 ,40 ,2 ,0 ,0 ,3172 ,1.71 ,2 ,2643 ,ขท.ยะลา,ยะลา
4273,100,ตะบิงติงงี - สันกาหลง,1+600,683 ,938 ,16 ,2 ,2 ,974 ,206 ,130 ,29 ,1 ,2981 ,14.09 ,285 ,1509 ,ขท.ยะลา,ยะลา
4273,200,สันกาหลง - ศรีสาคร,32+625,683 ,473 ,5 ,2 ,1 ,438 ,6 ,4 ,2 ,2 ,1616 ,1.05 ,19 ,779 ,ขท.นราธิวาส,นราธิวาส
4276,100,ท่าประดู่ - สวนหมาก,2+000,184 ,112 ,0 ,0 ,0 ,523 ,75 ,76 ,16 ,0 ,986 ,16.29 ,42 ,869 ,ขท.กระบี่,ตรัง
4277,100,ท่านุ่น - ในหยง,1+800,527 ,40 ,164 ,15 ,13 ,1156 ,19 ,60 ,60 ,14 ,2068 ,8.17 ,22 ,776 ,ขท.ภูเก็ต,พังงา
4278,100,ทอนแจ้ - อ่าวตง,2+000,196 ,147 ,5 ,0 ,0 ,553 ,93 ,63 ,7 ,0 ,1064 ,16.46 ,0 ,737 ,ขท.กระบี่,ตรัง
4280,100,ทางเข้าพระราชนิเวศน์มฤคทายวัน,0+500,2032 ,360 ,0 ,74 ,24 ,30 ,0 ,0 ,0 ,0 ,2520 ,4.04 ,22 ,910 ,ขท.เพชรบุรี,เพชรบุรี
4282,100,ทางเข้าทุ่งมะพร้าว,3+800,809 ,624 ,33 ,11 ,4 ,1355 ,175 ,99 ,92 ,143 ,3345 ,13.12 ,2 ,1360 ,ขท.ภูเก็ต,พังงา
4283,100,ทางเข้ากะไหล,1+501,743 ,218 ,303 ,123 ,93 ,728 ,48 ,42 ,20 ,14 ,2332 ,15.58 ,17 ,747 ,ขท.พังงา,พังงา
4287,101,ท่าชะมวง - ควนลัง,23+924,9046 ,6706 ,1100 ,937 ,674 ,2161 ,1745 ,1605 ,1322 ,1020 ,26316 ,27.80 ,421 ,4606 ,ขท.สงขลาที่ 1,สงขลา
4289,100,สามแยกทางรถไฟ - วังสมบูรณ์,0+200,394 ,197 ,2 ,0 ,0 ,370 ,29 ,22 ,3 ,0 ,1017 ,5.78 ,1 ,1218 ,ขท.ตรัง,ตรัง
4291,100,ทางเข้าสหกรณ์สุราษฎร์ธานี,0+300,1504 ,1360 ,1 ,0 ,1 ,1178 ,394 ,205 ,120 ,123 ,4886 ,17.44 ,3 ,950 ,ขท.สุราษฎร์ธานีที่ 1 ,สุราษฎร์ธานี
4300,100,ทางเข้ายี่งอ,1+755,2025 ,2044 ,0 ,0 ,0 ,1728 ,671 ,640 ,234 ,230 ,7572 ,22.04 ,172 ,2086 ,ขท.นราธิวาส,นราธิวาส
4302,100,หาดทรายแก้ว - ท่านุ่น,2+000,1103 ,947 ,312 ,228 ,113 ,4404 ,197 ,337 ,154 ,167 ,7962 ,0.00 ,35 ,826 ,ขท.ภูเก็ต,ภูเก็ต
4303,100,ต้นแซะ - ทุ่งโพธิ์,2+200,1564 ,1339 ,48 ,98 ,177 ,1781 ,873 ,704 ,596 ,576 ,7756 ,38.97 ,0 ,1025 ,ขท.ภูเก็ต,พังงา
4304,100,ท่านุ่น - สามแยกสะพานสารสิน,0+300,210 ,45 ,17 ,5 ,0 ,513 ,12 ,3 ,4 ,3 ,812 ,3.07 ,11 ,819 ,ขท.ภูเก็ต,พังงา
4305,100,ทุ่งสง - จำปา,9+000,2530 ,1251 ,225 ,190 ,129 ,662 ,174 ,82 ,24 ,12 ,5279 ,11.82 ,4 ,1722 ,ขท.นครศรีธรรมราชที่ 2 (ทุ่งสง),นครศรีธรรมราช
4309,100,สามแยกทุ่งหวัง - สงขลา,6+679,2655 ,924 ,210 ,121 ,19 ,2030 ,230 ,71 ,32 ,21 ,6313 ,9.33 ,63 ,2614 ,ขท.สงขลาที่ 1,สงขลา
4311,100,พังงา - ทับปุด,13+900,3996 ,3648 ,342 ,157 ,155 ,2640 ,444 ,531 ,363 ,381 ,12657 ,15.37 ,21 ,1988 ,ขท.พังงา,พังงา
4315,100,บางรัก - ควนปริง,0+335,2807 ,2134 ,197 ,156 ,145 ,2871 ,456 ,439 ,308 ,209 ,9722 ,16.87 ,123 ,3302 ,ขท.ตรัง,ตรัง
4319,100,ร่อนพิบูลย์ - ควนเกย,1+500,2258 ,1528 ,69 ,21 ,3 ,1593 ,487 ,247 ,174 ,69 ,6449 ,15.87 ,9 ,2705 ,ขท.นครศรีธรรมราชที่ 2 (ทุ่งสง),นครศรีธรรมราช
4319,100,ร่อนพิบูลย์ - ควนเกย,5+859,1225 ,489 ,38 ,1 ,0 ,1235 ,281 ,129 ,82 ,55 ,3535 ,16.09 ,4 ,1777 ,ขท.นครศรีธรรมราชที่ 2 (ทุ่งสง),นครศรีธรรมราช
4326,100,เบตง - บ้านกม.17,1+000,2446 ,1866 ,84 ,2 ,15 ,2262 ,1701 ,1027 ,63 ,48 ,9514 ,29.93 ,60 ,8270 ,ขท.ยะลา,ยะลา
4326,100,เบตง - บ้านกม.17,17+475,394 ,183 ,0 ,0 ,0 ,146 ,78 ,59 ,0 ,0 ,860 ,15.24 ,0 ,1113 ,ขท.ยะลา,ยะลา
4327,100,สามแยกตากใบ - ตาบา,5+460,1672 ,448 ,181 ,85 ,0 ,1633 ,167 ,82 ,46 ,29 ,4343 ,9.73 ,398 ,5197 ,ขท.นราธิวาส,นราธิวาส
4329,100,ทางเข้าสหกรณ์ทุ่งสง,1+398,152 ,82 ,0 ,0 ,0 ,407 ,31 ,16 ,1 ,12 ,701 ,4.01 ,0 ,483 ,ขท.นครศรีธรรมราชที่ 2 (ทุ่งสง),นครศรีธรรมราช
4330,100,ดอนใหญ่ - ทุ่งอ่าว,0+100,1044 ,1015 ,0 ,0 ,0 ,713 ,113 ,32 ,2 ,0 ,2919 ,5.12 ,2 ,884 ,ขท.สุราษฎร์ธานีที่ 1 ,สุราษฎร์ธานี
4331,100,ห้วยกรวด - มะลวน,1+000,1026 ,932 ,19 ,6 ,0 ,674 ,306 ,249 ,143 ,29 ,3384 ,22.23 ,6 ,677 ,ขท.สุราษฎร์ธานีที่ 1 ,สุราษฎร์ธานี
4332,100,บางน้ำจืด - เขากลอย,0+180,965 ,225 ,0 ,0 ,0 ,1072 ,98 ,0 ,0 ,0 ,2360 ,4.42 ,13 ,1451 ,ขท.สุราษฎร์ธานีที่ 2 (กาญจนดิษฐ์),สุราษฎร์ธานี
4338,100,วัดไทร - ปากน้ำกะแดะ,1+480,1968 ,1086 ,0 ,0 ,0 ,1889 ,87 ,0 ,0 ,0 ,5030 ,1.78 ,0 ,1759 ,ขท.สุราษฎร์ธานีที่ 2 (กาญจนดิษฐ์),สุราษฎร์ธานี
4339,100,ดอนเนาว์ - บ้านพอด,1+000,1156 ,183 ,0 ,0 ,0 ,1117 ,63 ,3 ,0 ,0 ,2522 ,2.05 ,0 ,882 ,ขท.สุราษฎร์ธานีที่ 2 (กาญจนดิษฐ์),สุราษฎร์ธานี
4340,100,ไสยวน - ควนขนุน,0+570,1974 ,1567 ,63 ,24 ,32 ,1886 ,83 ,23 ,19 ,19 ,5690 ,4.43 ,22 ,1737 ,ขท.พัทลุง,พัทลุง
4341,100,จอมทอง - เขาพลายดำ,1+050,2468 ,2248 ,0 ,0 ,0 ,450 ,201 ,158 ,89 ,20 ,5634 ,9.09 ,0 ,2033 ,ขท.นครศรีธรรมราชที่ 1,นครศรีธรรมราช
4345,100,ควนกุน - หนองชุมแสง,2+000,275 ,75 ,3 ,1 ,0 ,325 ,17 ,20 ,4 ,3 ,723 ,5.57 ,3 ,589 ,ขท.กระบี่,ตรัง
4347,100,ตลาดฉุ้น - บ้านซา,0+400,200 ,62 ,1 ,2 ,0 ,567 ,8 ,4 ,0 ,0 ,844 ,1.60 ,1 ,973 ,ขท.ตรัง,ตรัง
4348,100,ห้วยเจ - ควนอารีย์,1+500,510 ,208 ,10 ,0 ,3 ,1023 ,128 ,121 ,38 ,0 ,2041 ,14.84 ,2 ,1131 ,ขท.กระบี่,ตรัง
4349,100,เขาดิน - บางปอ,1+000,1123 ,702 ,0 ,0 ,0 ,1294 ,177 ,141 ,83 ,65 ,3585 ,14.02 ,17 ,865 ,ขท.สุราษฎร์ธานีที่ 1 ,สุราษฎร์ธานี
4350,100,แหลมยาง - หาดผก,0+100,365 ,144 ,2 ,0 ,0 ,381 ,104 ,62 ,0 ,0 ,1058 ,16.45 ,10 ,433 ,ขท.สุราษฎร์ธานีที่ 2 (กาญจนดิษฐ์),สุราษฎร์ธานี
4353,100,ท่าฉัตรไชย - หมวดถลาง,0+600,247 ,76 ,9 ,14 ,0 ,313 ,18 ,0 ,0 ,0 ,677 ,4.85 ,14 ,1453 ,ขท.ภูเก็ต,ภูเก็ต
4363,100,ฆอแย - กาโต,5+860,63 ,17 ,3 ,1 ,0 ,77 ,2 ,10 ,0 ,0 ,173 ,6.67 ,0 ,231 ,ขท.ยะลา,ยะลา
4373,100,หนองหิน - ด่านสิงขร,7+000,426 ,179 ,2 ,2 ,0 ,619 ,62 ,13 ,3 ,1 ,1307 ,6.40 ,21 ,1411 ,ขท.ประจวบคีรีขันธ์ (หัวหิน),ประจวบคีรีขันธ์
